trackId,title,artist,year,movie,ensemble

----------------------
Deutschland Rock
----------------------

003vvx7Niy0yvhvHt4a68B,Mr. Brightside,The Killers,2003,,Band
00Mb3DuaIH1kjrwOku9CGU,Sk8er Boi,Avril Lavigne,2002,,Solo
00qOE7OjRl0BpYiCiweZB2,Juke Box Hero,Foreigner,1981,,Band
04aAxqtGp5pv12UXAg4pkq,Centuries,Fall Out Boy,2015,,Band
05NYcsjJwOYq4jIiKPVj9p,Hard To Handle,The Black Crowes,1990,,Band
07on0OB2cdPt79IFsgdRUy,Need A Favor,Jelly Roll,2023,,Solo
0BRHnOFm6sjxN1i9LJrUDu,The Anthem,Good Charlotte,2002,,Band
0EYOdF5FCkgOJJla8DI2Md,B.Y.O.B.,System Of A Down,2005,,Band
0GTK6TesV108Jj5D3MHsYb,Owner of a Lonely Heart,Yes,1983,,Band
0H16myxA7GIjekgP0YC8Sa,Risin' High,H-Blockx,1994,,Band
0HOrDVS349XFcpCYsO2hAP,You Ain't Seen Nothing Yet,Bachman-Turner Overdrive,1974,,Band
0IbiFpXPFpvCAIs9WMX5wC,Help,Papa Roach,2017,,Band
0L7zm6afBEtrNKo6C6Gj08,Painkiller,Judas Priest,1990,,Band
0LoQuiekvzqx7n8flgEKzF,Get It On,T. Rex,1971,,Band
0OQcEcs36ckWOB1nywhmBV,Hey Joe,Jimi Hendrix,1967,,Solo
0PQ51hZtABYRaXNHkVpAfD,Detroit Rock City,KISS,1976,,Band
0S4VR8n0KBkE6DxrjArswJ,Dark Matter,Pearl Jam,2024,,Band
0YZEYxd1oiqZRFhnnmTKKi,Another Life,Motionless In White,2019,,Band
0a7BloCiNzLDD9qSQHh5m7,"Dance, Dance",Fall Out Boy,2005,,Band
0bvpSvOYt4KTfZIZJmyFOs,White Wedding,Billy Idol,1982,,Solo
0dOg1ySSI7NkpAe89Zo0b9,Born in the U.S.A.,Bruce Springsteen,1984,,Solo
0ddmUcKR9WjqmaT4FlhMNU,Ain't Talkin' 'Bout Love,Van Halen,1978,,Band
0fCWbJq1hagsRgShtn6gIU,Rock And Roll All Nite,KISS,1975,,Band
0gchQwxmBWj5no8NJ8b2yH,Sleepwalking,Bring Me The Horizon,2013,,Band
0i8JFpqe9cKwnrcvoNgl1L,Feel Invincible,Skillet,2016,,Band
0iYBNrznkCwhN3xCmNVJpo,You're The One,Greta Van Fleet,2018,,Band
0jqK7sGTLsHPkQrrcrGuKD,Still Waiting,Sum 41,2002,,Band
0pwObEOHolQZSldJ2q1wpy,Stinkfist,TOOL,1996,,Band
0rmGAIH9LNJewFw7nKzZnc,You Give Love A Bad Name,Bon Jovi,1986,,Band
0tZ3mElWcr74OOhKEiNz1x,Bulls On Parade,Rage Against The Machine,1996,,Band
0tyR7Bu9P086aWBFZ4QJoo,Monsters (feat. blackbear),"All Time Low, blackbear",2020,,Band
0uppYCG86ajpV2hSR3dJJ0,Give It Away,Red Hot Chili Peppers,1991,,Band
0vOkmmJEtjuFZDzrQSFzEE,Hit Me With Your Best Shot,Pat Benatar,1980,,Solo
1158ckiB5S4cpsdYHDB9IF,My Own Summer (Shove It),Deftones,1997,,Band
11LmqTE2naFULdEP94AUBa,Heart-Shaped Box,Nirvana,1993,,Band
11fNLqDB47gMKj7BHhR2Qr,Wake up Little Susie,The Everly Brothers,1957,,Band
11lz5IuUrg2qVuNrGPRVq2,Love Hurts,Nazareth,1974,,Band
124Y9LPRCAz3q2OP0iCvcJ,London Calling,The Clash,1979,,Band
12BB5t506Of3s3NPBoKScC,Stay,"Maurice Williams, Zodiacs",1961,,Band
14EORgkbXqIx5K4Haucmnb,Absolute Zero,Stone Sour,2012,,Band
15BQ7vEDv2LJuh8TxWIhtd,The Passenger,Iggy Pop,1977,,Solo
15rjQH7nTcTomKwfVMd4xl,Go Your Own Way,Fleetwood Mac,1977,,Band
18DJQsejI5e1ZwO2wyuP2g,Death by Rock and Roll,The Pretty Reckless,2021,,Band
1BY1Vd2Bt6JPOhMvsIwtVv,Dancing With Myself,Billy Idol,1981,,Solo
1BrgjqSg9du0lj3TUMLluL,To Hell and Back,Sabaton,2014,,Band
1CSLeVCXmetBh8IkTPMFdL,I'm a Believer,The Monkees,1966,,Band
1FjvK5qumqi0sMbw8yqmMX,S.O.S. (Sawed Off Shotgun),The Glorious Sons,2017,,Band
1FkoVC85Ds3mFoK0fVqEqP,Self Esteem,The Offspring,1994,,Band
1G391cbiT3v3Cywg8T7DM1,Scar Tissue,Red Hot Chili Peppers,1999,,Band
1H4Y9uW4N0LsxJUz0VnaPJ,Just Pretend,Bad Omens,2022,,Band
1HOMkjp0nHMaTnfAkslCQj,My Sharona,The Knack,1979,,Band
1Ly7xppUgLEZ4iwxRAR9Sf,Getting Along,Royal Republic,2016,,Band
1QH6osxkowQm4nkulzn7wX,Tanzt du noch einmal mit mir?,Broilers,2011,,Band
1QUQkPdroMjVD4FeEQ1c3U,Be Bop a Lula,Gene Vincent,1956,,Solo
1WBxSsaYTfTkx2SiqiSyHS,Money,Pink Floyd,1973,,Band
1ZEOIhSn6BKErV59bIgn76,California Dreamin',The Mamas & The Papas,1965,,Band
1ZozJfi8u9cO2Ob8KwiwNT,Higher,Creed,1999,,Band
1aZLIbKEdsyqxyD6iNcrbA,Pour Some Sugar On Me,Def Leppard,1987,,Band
1fJFuvU2ldmeAm5nFIHcPP,First Date,blink-182,2001,,Band
1gcESexgftSuLuML57Y69q,All Right Now,Free,1970,,Band
1kecaz54iduPLO4VPszTbC,Fox On The Run,Sweet,1975,,Band
1mfV2kv9RwFKVI8kEQlmOJ,All Day and All of the Night,The Kinks,1964,,Band
1nmZ8yqKkfooOuYvtFctDp,Heat Of The Moment,Asia,1982,,Band
1p1nO35bbi4ZlQgjIA4oa4,The Kill (Bury Me),Thirty Seconds To Mars,2005,,Band
1qPea3SGgcs2ODFweqK7hP,Altes Fieber,Die Toten Hosen,2012,,Band
1qRA5BS78u3gME0loMl9AA,For What It's Worth,Buffalo Springfield,1966,,Band
1rh232CwAy3EDEWFJkwH88,Hotel California,Eagles,1976,,Band
1tQ5TSr1tyeQUbHKBee0jv,Here I Go Again,Whitesnake,1982,,Band
1uDoIHd5SWYKWvorJvMoWE,Break,Three Days Grace,2009,,Band
1uvyZBs4IZYRebHIB1747m,Purple Rain,Prince,1984,,Solo
1vcxF91pWs9uNwDROuiCPB,Savior,Rise Against,2008,,Band
1wrhhPzd2ncJPNgUcGgBGg,Machinehead,Bush,1994,,Band
1wsRitfRRtWyEapl0q22o8,Guerrilla Radio,Rage Against The Machine,1999,,Band
1xsYj84j7hUDDnTTerGWlH,Dream On,Aerosmith,1973,,Band
1yjY7rpaAQvKwpdUliHx0d,Still into You,Paramore,2013,,Band
20j7B6mL9gnNvG3ic6Vwh5,Hate To Say I Told You So,The Hives,2000,,Band
23oxJmDc1V9uLUSmN2LIvx,Ocean Avenue,Yellowcard,2003,,Band
25GC50HslaaruyrKjdu0lP,Your Betrayal,Bullet For My Valentine,2010,,Band
26YRbGDk6FmMouQpW8uTE9,Rock You Like A Hurricane,Scorpions,1984,,Band
27L8sESb3KR79asDUBu8nW,Stacy's Mom,Fountains Of Wayne,2003,,Band
28sMmBCmfHoy6NjZnovEYG,Balls to the Wall,Accept,1983,,Band
2AT8iROs4FQueDv2c8q2KE,R U Mine?,Arctic Monkeys,2012,,Band
2AteFs3KWb0OiKxQRnbH9T,Renegade,Styx,1978,,Band
2Cdvbe2G4hZsnhNMKyGrie,I Love Rock 'N Roll,Joan Jett & the Blackhearts,1981,,Band
2D9BrlpeyjXF0vli2dYQ5V,Angels Fall,Breaking Benjamin,2015,,Band
2DlHlPMa4M17kufBvI2lEN,Chop Suey!,System Of A Down,2001,,Band
2DpJ9T2RVRanZcYFHKOAfA,Put Your Head On My Shoulder,Paul Anka,1959,,Solo
2E7W1X4maFFcjHrVrFA7Vs,Bark at the Moon,Ozzy Osbourne,1983,,Solo
2EMmHEhCZSMMEM85HTFJvj,My Generation,The Who,1965,,Band
2EPr9Wx7e1cpGEbNAtuN7x,Surfin' U.S.A.,The Beach Boys,1963,,Band
2EoOZnxNgtmZaD8uUmz2nD,Black Hole Sun,Soundgarden,1994,,Band
2EqlS6tkEnglzr7tkKAAYD,Come Together,The Beatles,1969,,Band
2GFwwTIVLjnOrtP7m9luHC,Hurricane,I Prevail,2019,,Band
2HHtWyy5CgaQbC7XSoOb0e,Eye of the Tiger,Survivor,1982,,Band
2HXixVqzzm9rEUIMAWzshl,I Hate Myself for Loving You,Joan Jett & the Blackhearts,1988,,Band
2KVwlelhxKUy8LVV6JypH3,Push,Matchbox Twenty,1996,,Band
2MrWu3Gt6ucsOHC6eE8oLV,Like a Stone,Audioslave,2002,,Band
2MuWTIM3b0YEAskbeeFE1i,Master Of Puppets,Metallica,1986,,Band
2P884dqfjksDMSzUZksfrS,Hells Bells,AC/DC,1980,,Band
2PnlsTsOTLE5jnBnNe2K0A,The Emptiness Machine,Linkin Park,2024,,Band
2QfiRTz5Yc8DdShCxG1tB2,Johnny B. Goode,Chuck Berry,1959,,Solo
2RWFncSWZEhSRRifqiDNVV,Run To You,Bryan Adams,1984,,Solo
2RZWdE8kYPlCAcRUYDeuLC,Red Flag,Billy Talent,2006,,Band
2RaA6kIcvomt77qlIgGhCT,Breaking the Law,Judas Priest,1980,,Band
2RsAajgo0g7bMCHxwH3Sk0,Come As You Are,Nirvana,1991,,Band
2Srd8Jgif3kc6ou6Z4pSYJ,Every You Every Me,Placebo,1998,,Band
2V4Bc2I962j7acQj1N0PiQ,Celebrity Skin,Hole,1998,,Band
2YgjwTiG85B2tvqmdRNpba,La Grange,ZZ Top,1973,,Band
2avaSeKHI5l4sLruVfLdi2,Burning Heart,Survivor,1985,,Band
2fDy68BuFDTa7UGVicym4Z,San Quentin,Nickelback,2022,,Band
2fh3bZ8jZhMxOcfESE9nQY,Don't Threaten Me with a Good Time,Panic! At The Disco,2016,,Band
2hZAJcLnFGk6V50TiD7yzm,Bonnie & Clyde,Die Toten Hosen,1996,,Band
2iUmqdfGZcHIhS3b9E9EWq,Everybody Talks,Neon Trees,2012,,Band
2iXcvnD3d1gfLBum0cE5Eg,Tutti Frutti,Little Richard,1955,,Solo
2isyujVLDSr4lYhIo7qCRw,Songs für Liam,Kraftklub,2012,,Band
2vICdcAEc10WfqMeRxOF1I,Dark Side,Blind Channel,2022,,Band
2yXyz4NLTZx9CLdXfLTp5E,I Will Not Bow,Breaking Benjamin,2009,,Band
33iv3wnGMrrDugd7GBso1z,My Own Worst Enemy,Lit,1999,,Band
3439OLNIeD3y68kVuoZUO5,"Girls, Girls, Girls",Mötley Crüe,1987,,Band
34AmZ4PMz9iNZVp9AMIGZj,Rock Around The Clock,Bill Haley & His Comets,1954,,Band
34rCwPVIy1OZKfIbXC9KmN,Lola Montez,Volbeat,2013,,Band
34x6hEJgGAOQvmlMql5Ige,Danger Zone,Kenny Loggins,1986,,Solo
3620P9KJS2PDebJ9ABFitc,18 and Life,Skid Row,1989,,Band
39shmbIHICJ2Wxnk1fPSdz,Should I Stay or Should I Go,The Clash,1982,,Band
3B4q6KbHbGV51HO3GznBFF,What I Got,Sublime,1996,,Band
3CIOopLwvyMvXk97ZEksKO,Ace of Spades,Motörhead,1980,,Band
3EYOJ48Et32uATr9ZmLnAo,Roxanne,The Police,1978,,Band
3FD20yHJtt1QTrWs2rpw9C,CMFT Must Be Stopped (feat. Tech N9ne and Kid Bookie),"Corey Taylor, Tech N9ne, Kid Bookie",2020,,Band
3FI0iAAAjmR31xpZEwbdys,Circle With Me,Spiritbox,2021,,Band
3GfOAdcoc3X5GPiiXmpBjK,Song 2,Blur,1997,,Band
3IV4swNduIRunHREK80owz,Rollin' (Air Raid Vehicle),Limp Bizkit,2000,,Band
3IuSgREoO5y88HdIcE2Xee,I'd Do Anything For Love (But I Won't Do That),Meat Loaf,1993,,Solo
3IyCL4Em1GOpNGDf451Hg1,Could Have Been Me,The Struts,2014,,Band
3LI4MmibTkXH5cGpCGZgyw,Teenage Dirtbag,Wheatus,2000,,Band
3MjrueDQKVr6xDDseZwhEd,Figure It Out,Royal Blood,2014,,Band
3MrRksHupTVEQ7YbA0FsZK,The Final Countdown,Europe,1986,,Band
3QKGkxQnLTo3FWUTNJZlYH,American Woman,The Guess Who,1970,,Band
3QZ7uX97s82HFYSmQUAN1D,Tom Sawyer,Rush,1981,,Band
3RAFcUBrCNaboRXoP3S5t1,Psychosocial,Slipknot,2008,,Band
3RlsVPIIs5KFhLFhxZ4iDF,Rockstar,Nickelback,2005,,Band
3SQhmctWreNM0X6Zkm2K5R,Maybellene,Chuck Berry,1955,,Solo
3TjQAc2PzWzlSDrnq61J1y,The Devil's Bleeding Crown,Volbeat,2016,,Band
3UWYmWg9j8KVV08ANBqcLB,White Trash Millionaire,Black Stone Cherry,2011,,Band
3UygY7qW2cvG9Llkay6i1i,Going Under,Evanescence,2003,,Band
3X1usZ9bRwbyEjAnkLAJWO,Drop Dead Cynical,Amaranthe,2014,,Band
3YRCqOhFifThpSRFJ1VWFM,November Rain,Guns N' Roses,1991,,Band
3c9kVsKF68xMzlS0NikVn3,Masterpiece,Motionless In White,2022,,Band
3cfOd4CMv2snFaKAnMdnvK,All Star,Smash Mouth,1999,,Band
3dPQuX8Gs42Y7b454ybpMR,Seven Nation Army,The White Stripes,2003,,Band
3ft1FFY67pkJqUokA2t7ba,If Tomorrow Never Comes,Wage War,2021,,Band
3h5zik31hTTat9jmpCZZNC,1979,The Smashing Pumpkins,1995,,Band
3j5QcKYJ836ZBbcj1OoEod,Rose Tattoo,Dropkick Murphys,2013,,Band
3jJZVeExYzVYiV6Y9Fl3DX,Plush,Stone Temple Pilots,1992,,Band
3jjU4Pky1ja5J1onU6ei4T,The Vengeful One,Disturbed,2015,,Band
3l9CW99AHtExIRV4hW2N5m,Misery Business,Paramore,2007,,Band
3lPr8ghNDBLc2uZovNyLs9,Supermassive Black Hole,Muse,2006,,Band
3mwvKOyMmG77zZRunnxp9E,Buddy Holly,Weezer,1994,,Band
3o7TMr6RmIusYH7Kkg7ujR,Coming Undone,Korn,2005,,Band
3qLZ866ZfaK0B0R5FIqXLG,She Sells Sanctuary,The Cult,1985,,Band
3qiyyUfYe7CRYLucrPmulD,Baba O'Riley,The Who,1971,,Band
40rvBMQizxkIqnjPdEWY1v,Down with the Sickness,Disturbed,2000,,Band
42Lq6GBO5KUSNeSgJsOoke,Panama,Van Halen,1984,,Band
42et6fnHCw1HIPSrdPprMl,Semi-Charmed Life,Third Eye Blind,1997,,Band
43DeSV93pJPT4lCZaWZ6b1,The Boys Are Back In Town,Thin Lizzy,1976,,Band
44Xyja7xYPlVC6v2CeweSi,GOSSIP (feat. Tom Morello),"Måneskin, Tom Morello",2023,,Band
49fzPkBb3aOUWYRKaTWVhm,Hit the Road Jack,Ray Charles,1961,,Solo
4BP3uh0hFLFRb5cjsgLqDh,Fortunate Son,Creedence Clearwater Revival,1969,,Band
4ByEFOBuLXpCqvO1kw8Wdm,(I Just) Died In Your Arms,Cutting Crew,1986,,Band
4DMKwE2E2iYDKY01C335Uw,Carry on Wayward Son,Kansas,1976,,Band
4EFb9FhLyFiDbYKwBwDZre,We Got the Moves,Electric Callboy,2021,,Band
4EchqUKQ3qAQuRNKmeIpnf,The Kids Aren't Alright,The Offspring,1998,,Band
4JADjxwEqz3UOQROjg9TiJ,Children of the Grave,Black Sabbath,1971,,Band
4JfuiOWlWCkjP6OKurHjSn,Walk This Way,Aerosmith,1975,,Band
4JsDHMv5PVO8N07DbDq33r,All I Want,A Day To Remember,2010,,Band
4KacUpvbA3Mfo05gttTjhN,Fat Lip,Sum 41,2001,,Band
4KfSdst7rW39C0sfhArdrz,Barracuda,Heart,1977,,Band
4LFBVDJV0xpayUvquQVzhS,Cut the Cord,Shinedown,2015,,Band
4LJhJ6DQS7NwE7UKtvcM52,What's My Age Again?,blink-182,1999,,Band
4N0fzRX3T7QkOecp3pkWpp,With Or Without You,U2,1987,,Band
4NiyMmBdlVHpZWScgdBvnt,Separate Ways,Journey,1983,,Band
4NnWuGQujzWUEg0uZokO5M,Just Like Heaven,The Cure,1987,,Band
4OROzZUy6gOWN4UGQVaZMF,The Trooper,Iron Maiden,1983,,Band
4P4PHxZQ1FcwQKKnfEPsAZ,Schrei nach Liebe,Die Ärzte,1993,,Band
4Pp7tPCBM9ywQexWvCz6iH,Bulletproof,Godsmack,2018,,Band
4ReyTz0y3TGkX48wO3Llot,Epic,Faith No More,1989,,Band
4UEo1b0wWrtHMC8bVqPiH8,Nightmare,Avenged Sevenfold,2010,,Band
4UuHWIkAWnN176A2rx7YFB,1985,Bowling For Soup,2004,,Band
4Xgono4pmRbojXlCIYh8or,Riptide,Beartooth,2023,,Band
4Yqy0GpeDEXLibWJCZyQew,Kickstart My Heart,Mötley Crüe,1989,,Band
4aVuWgvD0X63hcOCnZtNFA,Hold the Line,TOTO,1978,,Band
4alHo6RGd0D3OUbTPExTHN,Just What I Needed,The Cars,1978,,Band
4bPQs0PHn4xbipzdPfn6du,I Write Sins Not Tragedies,Panic! At The Disco,2005,,Band
4eAwB5pnKFTmsgc3zWoYO0,Fake It,Seether,2007,,Band
4ePP9So5xRzspjLFVVbj90,Two Princes,Spin Doctors,1991,,Band
4fQMGlCawbTkH9yPPZ49kP,Green Onions,Booker T. & the M.G.'s,1962,,Band
4fiOTntQKr24p07FvQDHZE,Raining Blood,Slayer,1986,,Band
4gphxUgq0JSFv2BCLhNDiE,Jailhouse Rock,Elvis Presley,1958,,Solo
4mn2kNTqiGLwaUR8JdhJ1l,House of the Rising Sun,The Animals,1964,,Band
4pIKFpwflOdhYNIRmPTj3E,Dance Macabre,Ghost,2018,,Band
4pt5fDVTg5GhEvEtlz9dKk,I WANNA BE YOUR SLAVE,Måneskin,2021,,Band
4qO03RMQm88DdpTJcxlglY,Call Me,Blondie,1980,,Band
4rJdaSwOCHLBhxdMsymeMw,Entre dos tierras,Heroes Del Silencio,1990,,Band
4u7EnebtmKWzUH433cf5Qv,Bohemian Rhapsody,Queen,1975,,Band
4vpeKl0vMGdAXpZiQB2Dtd,White Rabbit,Jefferson Airplane,1967,,Band
4wzjNqjKAKDU82e8uMhzmr,Face Down,The Red Jumpsuit Apparatus,2006,,Band
4yffABDkB5A9flvr9vQFck,Howlin' for You,The Black Keys,2010,,Band
51TG9W3y9qyO8BY5RXKgnZ,Symphony Of Destruction,Megadeth,1992,,Band
52HAHV1j93s5B8GoTNI7DJ,"Oh, Pretty Woman",Roy Orbison,1964,,Solo
54yLLvpezvPO1lA3GspiZj,Holy Diver,Dio,1983,,Band
57P8gH8rjt4OqEoqzut1bL,Round and Round,Ratt,1984,,Band
57bgtoPSgt236HzfBOd8kj,Thunderstruck,AC/DC,1990,,Band
5BB0Jzw60KyfSTyjJqtely,Na Na Na (Na Na Na Na Na Na Na Na Na),My Chemical Romance,2010,,Band
5BgnL6gHauuvxe4Ok6W1aC,LosT,Bring Me The Horizon,2023,,Band
5CQ30WqJwcep0pYcV4AMNc,Stairway to Heaven,Led Zeppelin,1971,,Band
5DiXcVovI0FcY2s0icWWUu,Mr. Jones,Counting Crows,1993,,Band
5EWPGh7jbTNO2wakv8LjUI,Free Bird,Lynyrd Skynyrd,1973,,Band
5FQXMRDSTkn9fowDJ3kZo8,You're Going Down,SICK PUPPIES,2009,,Band
5G1sTBGbZT5o4PNRc75RKI,Lonely Boy,The Black Keys,2011,,Band
5Gw8owErJLfkNxWCSwPQKJ,Alone In A Room,Asking Alexandria,2017,,Band
5NAiPIEzxAexFE3ucV18Q8,Run For Cover,The Killers,2017,,Band
5NLuC70kZQv8q34QyQa1DP,Fight For Your Right,Beastie Boys,1986,,Band
5NoQvINZLBV1wMYPdNmReL,I Wanna Be Sedated,Ramones,1978,,Band
5QTxFnGygVM4jFQiBovmRo,(Don't Fear) The Reaper,Blue Öyster Cult,1976,,Band
5T8EDUDqKcs6OSOwEsfqG7,Don't Stop Me Now,Queen,1978,,Band
5TNhjanmvwvmjCz2WYwSAv,Square Hammer,Ghost,2016,,Band
5UWwZ5lm5PKu6eKsHAGxOk,Everlong,Foo Fighters,1997,,Band
5W8YXBz9MTIDyrpYaCg2Ky,Last Resort,Papa Roach,2000,,Band
5XQNN3cHwYRzPv08CHuQNZ,Monster,Skillet,2009,,Band
5XcZRgJv3zMhTqCyESjQrF,Poison,Alice Cooper,1989,,Solo
5Z8EDau8uNcP1E8JvmfkZe,School's Out,Alice Cooper,1972,,Solo
5ZdzNVOmCSp5HFLk0EgvJS,Dirty Little Secret,The All-American Rejects,2005,,Band
5anCkDvJ17aznvK5TED5uo,Hail to the King,Avenged Sevenfold,2013,,Band
5bG7kGH4z8hG2jJQLoyy0O,The Summoning,Sleep Token,2023,,Band
5hVepr5CHiTGtJY5bP4i5n,No One Like You,Scorpions,1982,,Band
5jsDxDkJ1PqyYUWhDMr86B,Song #3,Stone Sour,2017,,Band
5lWRaa0fBxDE5yU91npPq7,Just A Girl,No Doubt,1995,,Band
5ofoB8PFmocBXFBEWVb6Vz,Animals,Architects,2021,,Band
5oxpT46KeiEuckYnChgFFT,Open Your Eyes,Guano Apes,1997,,Band
5sG3G54H21hNfd5etlheoe,Satellite,Rise Against,2011,,Band
5sICkBXVmaCQk5aISGR3x1,Enter Sandman,Metallica,1991,,Band
5tVA6TkbaAH9QMITTQRrNv,Free Fallin',Tom Petty,1989,,Solo
5wQnmLuC1W7ATsArWACrgW,Welcome to the Black Parade,My Chemical Romance,2006,,Band
600s08VdbjiyAjDGDjYSFI,Interstate Love Song,Stone Temple Pilots,1994,,Band
60CirPlTOEWOUBus7HxV3B,Radioactive,Kings of Leon,2010,,Band
60a0Rd6pjrkxjPbaKzXjfq,In the End,Linkin Park,2000,,Band
60rHc4AkLlP4XVSATvBb6K,I Miss the Misery,Halestorm,2012,,Band
61mWefnWQOLf90gepjOCb3,Duality,Slipknot,2004,,Band
63OFKbMaZSDZ4wtesuuq6f,Born To Be Wild,Steppenwolf,1968,,Band
63T7DJ1AFDD6Bn8VzG6JE8,"Paint It, Black",The Rolling Stones,1966,,Band
64Ny7djQ6rNJspquof2KoX,Hound Dog,Elvis Presley,1956,,Solo
6EMynpZ10GVcwVqiLZj6Ye,Champagne Supernova,Oasis,1995,,Band
6FRwDxXsvSasw0y2eDArsz,Sunshine Of Your Love,Cream,1967,,Band
6G09JrmKdDAe29eSH8ZQmR,Nothin' But A Good Time,Poison,1988,,Band
6GG73Jik4jUlQCkKg9JuGO,The Middle,Jimmy Eat World,2001,,Band
6H3kDe7CGoWYBabAeVWGiD,Gimme Shelter,The Rolling Stones,1969,,Band
6J0AjzrYsPZrQtw6IjErhy,Run Through The Jungle,Creedence Clearwater Revival,1970,,Band
6L89mwZXSOwYl76YXfX13s,Basket Case,Green Day,1994,,Band
6Nm8h73ycDG2saCnZV8poF,Dragula,Rob Zombie,1998,,Solo
6OSyCAmXT4Gkd3OQ2aPOaF,Silent Lucidity,Queensrÿche,1990,,Band
6QewNVIDKdSl8Y3ycuHIei,Even Flow,Pearl Jam,1991,,Band
6ToM0uwxtPKo9CMpbPGYvM,Break on Through (To the Other Side),The Doors,1967,,Band
6W21LNLz9Sw7sUSNWMSHRu,Freak On a Leash,Korn,1998,,Band
6Wi8Byfq6xH0lEkqZbOZg9,Won’t Stand Down,Muse,2022,,Band
6ZOBP3NvffbU4SZcrnt1k6,Kryptonite,3 Doors Down,2000,,Band
6dNJ3lasVLPd0078T9yqlm,Joker And The Thief,Wolfmother,2005,,Band
6dfwRetlyLPBoQzdufbOWj,Bite Me,Avril Lavigne,2022,,Solo
6eN1f9KNmiWEhpE2RhQqB5,Paradise City,Guns N' Roses,1987,,Band
6eYUbXmncekAKMYZcsSkyD,I Stand Alone,Godsmack,2003,,Band
6efSwlK3LOlWOeKK9xlUKF,Jekyll and Hyde,Five Finger Death Punch,2015,,Band
6gZVQvQZOFpzIy3HblJ20F,Man in the Box,Alice In Chains,1990,,Band
6hTcuIQa0sxrrByu9wTD7s,Born to Run,Bruce Springsteen,1975,,Solo
6kooDsorCpWVMGc994XjWN,Black Betty,Ram Jam,1977,,Band
6mADjHs6FXdroPzEGW6KVJ,bloody valentine,mgk,2020,,Solo
6nTiIhLmQ3FWhvrGafw2zj,American Idiot,Green Day,2004,,Band
6p8eFfPw3nQkf37aT3AkmK,Fear of the Dark,Iron Maiden,1992,,Band
6rUp7v3l8yC4TKxAAR5Bmx,I Hate Everything About You,Three Days Grace,2003,,Band
6s0NHplywwr1IjnQpUpWJk,Bad To The Bone,George Thorogood & The Destroyers,1982,,Band
6vQT1Y3MTGCpc31VIF5Ela,Army of the Night,Powerwolf,2015,,Band
6voIJ7OWwRabSZDC77D5Hp,Trouble’s Coming,Royal Blood,2021,,Band
6y20BV5L33R8YXM0YuI38N,No One Knows,Queens of the Stone Age,2002,,Band
6zKF4293k44ItKWJJgrhXv,My Curse,Killswitch Engage,2007,,Band
70LcF31zb1H0PyJoS1Sx1r,Creep,Radiohead,1993,,Band
70Z9t1qhytWtG4cCmmi7mU,I Wanna Rock,Twisted Sister,1984,,Band
72ahyckBJfTigJCFCviVN7,Don't Bring Me Down,Electric Light Orchestra,1979,,Band
72hcFp4tYkd3dbNA9dZ3Pv,Bad Medicine,Bon Jovi,1988,,Band
72zZfHPYx43shcP3eKkYi5,Are You Gonna Be My Girl,Jet,2003,,Band
74fURW8XNuLYHOvKmjA2XT,Iron Man,Black Sabbath,1970,,Band
77NNZQSqzLNqh2A9JhLRkg,Don't Stop Believin',Journey,1981,,Band
78lgmZwycJ3nzsdgmPPGNx,Immigrant Song,Led Zeppelin,1970,,Band
79q7xFOodcfIVbpNHjE2gB,Highway Star,Deep Purple,1972,,Band
7ACxUo21jtTHzy7ZEV56vU,Crazy Train,Ozzy Osbourne,1980,,Solo
7CpbhqKUedOIrcvc94p60Y,Bodies,Drowning Pool,2001,,Band
7F5jxmwf1uWVqh6nbYz7rl,Heaven Knows,The Pretty Reckless,2014,,Band
7LygtNjQ65PSdzVjUnHXQb,Cherry Pie,Warrant,1990,,Band
7aOor99o8NNLZYElOXlBG1,Highway Tune,Greta Van Fleet,2017,,Band
7aXgo7vAHDjHR0JrCX2qJv,Sharp Dressed Man,ZZ Top,1983,,Band
7cdnq45E9aP2XDStHg5vd7,Cherry Bomb,The Runaways,1976,,Band
7e89621JPkKaeDSTQ3avtg,Sweet Home Alabama,Lynyrd Skynyrd,1974,,Band
7g2LuO2QFplZfsLKRFiVHl,Planet Zero,Shinedown,2022,,Band
7jGzYUZ2Bgg8BDfYlQRfn8,Wild Thing,The Troggs,1966,,Band
7lMFAK8dv0QkWpIlZcWQlJ,Prey,Parkway Drive,2018,,Band
7ln7o4q6y9h8qEc6hGrtr1,Tears Don't Fall,Bullet For My Valentine,2005,,Band
7mUaGkK1gMEuo3IUWCqF0P,Panic,From Ashes to New,2020,,Band
7nnWIPM5hwE3DaUBkvOIpy,Drive,Incubus,1999,,Band
7rPzEczIS574IgPaiPieS3,Another Brick In The Wall,Pink Floyd,1979,,Band
7txxAtOMwLLnQTpKeBL6bp,Mother,Danzig,1988,,Band
7vidktgNZFQylTgH1GEnMs,Cold as Ice,Foreigner,1977,,Band
7x8dCjCr0x6x2lXKujYD34,The Pretender,Foo Fighters,2007,,Band

----------------------
Español Rock
----------------------

01p94C4kzguGzPbfU1XEpb,Acción,Seguridad Social,1990,,Band
06TMI3QGaUZbcAzKWQLnXm,Héroes Del Sábado,La Maravillosa Orquesta del Alcohol,2017,,Band
077xWZZIJMDRl1fLZSnwEB,Octubres rotos,Desakato,2008,,Band
07GvNcU1WdyZJq3XxP0kZa,Go Your Own Way,Fleetwood Mac,1977,,Band
086myS9r57YsLbJpU0TgK9,Why'd You Only Call Me When You're High?,Arctic Monkeys,2013,,Band
09ttHg3ZNVgDlYBZa1ZBw0,Starburster,Fontaines D.C.,2024,,Band
0AJhcuRl3i1FfPNr88ZScv,You're in Love with a Psycho,Kasabian,2017,,Band
0Bs0hUYxz7REyIHH7tRhL2,Helter Skelter,The Beatles,1968,,Band
0HOrDVS349XFcpCYsO2hAP,You Ain't Seen Nothing Yet,Bachman-Turner Overdrive,1974,,Band
0I4yYE831a8SW8QIx6bz4x,Crimson & Clover,Tommy James & The Shondells,1968,,Band
0IXpUl1fn2QZcBavfuq0H4,Living After Midnight,Judas Priest,1980,,Band
0IxoSZOjG7bCye3OWEbLQU,Chispazo,Narco,2014,,Band
0Ln5tJyLX5qusquBOtq7wf,Fire,Kasabian,2009,,Band
0MN2EfM4BDyFaLgSWbf1Fq,Matar la Pena,"Besmaya, Malmö 040",2021,,Band
0OvZ39UskFDLzbeatm0rbh,Grita,Melon Diesel,2001,,Band
0QwZfbw26QeUoIy82Z2jYp,Good Times Bad Times,Led Zeppelin,1969,,Band
0TlVTrOwRNH8YGvBDHqPCo,Quiero volar,"Natos y Waor, Kutxi Romero",2022,,Band
0WSa1sucoNRcEeULlZVQXj,Can You Feel My Heart,Bring Me The Horizon,2013,,Band
0cJPLFrlV7TTCyPLupHzcH,Won't Get Fooled Again,The Who,1971,,Band
0dlTGl67UFWcKupzkxZYOn,You Could Be Mine,Guns N' Roses,1991,,Band
0eio5OdLUeo5kN4TBwejf7,Al Aire,Morat,2021,,Band
0gWN2QWbV32sS2W6j4FD4r,Limítate,Hamlet,2002,,Band
0knEa04nhL7NMaLwo0F5Mc,Indestructibles,La Habitación Roja,2012,,Band
0knbMPVHpFbsx38pLoYSRs,Hysteria,Muse,2003,,Band
0m0HaxmlOkzi0Yby75t2o7,Mi Realidad,Lori Meyers,2010,,Band
0m7tsUMMRz4hN4LrhkaXFI,Los Rockeros Van al Infierno,Barón Rojo,1982,,Band
0mJ2qmDI2X4wrSIIBrvvpN,Sin Vergüenza,"Arde Bogotá, Dani Fernández",2022,,Band
0nTdFdc20CnqpVnLcrHOUH,A la sombra de la sierra,La Raíz,2013,,Band
0oWnVBqLwlDXZcjTsDUowg,El Flautista de Hamelín,Ñu,2002,,Band
0pyT9W877RcYtVdl1ZmlvQ,Valiente,Vetusta Morla,2008,,Band
0qPLNGJhvrhuuayoKhTR3B,Black Holes (Solid Ground),The Blue Stones,2018,,Band
0rCWIsEuZlwgpIOWLfZEAA,El equilibrio es imposible,Los Piratas,2001,,Band
0sJubCHX8ltjd9q5kO67Ny,La chispa adecuada,Heroes Del Silencio,1995,,Band
0txzIz1WcoAn6m07xypcD5,La Salvación,Arde Bogotá,2023,,Band
0vi1LCyMhulllfyErMSvfI,El Garrotin,Smash,1972,,Band
0wESZs7gN7TvfDbVP0w3Aw,Cold Hard Bitch,Jet,2003,,Band
0wJoRiX5K5BxlqZTolB2LD,Purple Haze,Jimi Hendrix,1967,,Solo
0zKM3JJ98FTPbMIl9lyuxQ,Lo hago por ti,Coque Malla,2016,,Solo
10nuAvGnApitxCpNgodmv8,haz lo que quieras conmigo,Walls,2024,,Band
11l11iiThxwH7UJ3Wbl68Q,Marihuana,Porretas,1997,,Band
12Unlugp6dSFNSRgj3tlAr,Manhattan (First We Take Manhattan),"Enrique Morente, Lagartija Nick, Estrella Morente, Cañizares",2016,,Band
13LjEr0wdYnbVllOPqR8WV,En Noches Como Esta,Skunk D.F.,2009,,Band
19vhfSUgVJO2enJ6XidUGO,Molinos De Viento,Mägo de Oz,1998,,Band
1AJAYZ8jVzeBMjXM0Ze8u1,Corazón de Mimbre,"Marea, Ángel Rodríguez",2000,,Band
1Exn1NYlMHkurl4saKtXcb,Lola,Los Brincos,1966,,Band
1FEpuF07tj10wlmYXhrDAY,Soy un macarra,Ilegales,1984,,Band
1H7wgZSw3DhEAZMsy7L498,Frio,Alarma,1985,,Band
1JtGwgU9nwSyVUjXDO6Ecy,Do It,The Sunday Drivers,2007,,Band
1KH2PcBCAaHRL6F5ZZgY1S,No Mires a los Ojos de la Gente,Golpes Bajos,1983,,Band
1KhqSLS8YafrUCbjrn8WxZ,Club de fans de John Boy,Love of Lesbian,2009,,Band
1LXgrJqOEyLFTEsEjjfLMF,Señora azul,"Canovas, Rodrigo, Adolfo Y Guzman",1974,,Band
1LuW4h5s9ZumBbMh7qhDDj,Una Foto en Blanco y Negro,El Canto Del Loco,2003,,Band
1PnxVEVli3KpG23XDdyJrf,Necesito un Trago,Tequila,1978,,Band
1Q5kgpp4pmyGqPwNBzkSrw,Roadhouse Blues,The Doors,1970,,Band
1XTGyfJeMiZXrZ1W3NolcB,Know Your Enemy,Rage Against The Machine,1992,,Band
1XbkYc0szlepSM3Na5EcG5,Kualqiier Dia,Boikot,2004,,Band
1Ym3JWJG8HFJU2NbXavZ6a,Sugar,System Of A Down,1998,,Band
1eivMnftGIAIeTDUfTssVX,Welcome to the DCC,Nothing But Thieves,2023,,Band
1iW2ktyrQHNKZwFTvgP0Ta,Burn,Deep Purple,1974,,Band
1jMaB19DiVR8OihLSuYFOt,Spoonman,Soundgarden,1994,,Band
1jq28NGw6wdtFKx8MBPy6C,Burn It to the Ground,Nickelback,2008,,Band
1lATXTBJDHwawvT1UfxWu3,The Pot,TOOL,2006,,Band
1pv5scBTTQyqN2NOiEj8oe,Sargento de Hierro,Morgan,2018,,Band
1qGSVguZIYE6ezDm8ytnl9,Sábado Noche,Moris,1978,,Solo
1qKjodZnOQwLM9s1LwoUxo,Esto Es un Atraco,Burning,1988,,Band
1qfdguvTk1xa0GgODi37yJ,Killed by Death,Motörhead,1984,,Band
1qriTCY9QIrATYur0FTI7J,La Basura,Ultraligera,2025,,Band
1teL5em5cNGwVS4l5f8wjg,Mystify,INXS,1987,,Band
1wrhhPzd2ncJPNgUcGgBGg,Machinehead,Bush,1994,,Band
1zLJEnxuZBgPbwMrDMiZAf,Sopa fría,M-Clan,2004,,Band
24OflD9GhkXDN6Tj2BUMg3,Que No,Deluxe,2003,,Band
24fnQ5xNMZGqCH8109YRA3,El Rock De Una Noche De Verano,Miguel Ríos,1983,,Solo
24w139jhWNnuQjnlhlzLvi,Feo Fuerte y Formal,Loquillo Y Los Trogloditas,2001,,Band
250dZY8xYbhHGQpM6bgL52,In The City,The Jam,1977,,Band
2EC9IJj7g0mN1Q5VrZkiYY,Rebel Rebel,David Bowie,1974,,Solo
2Gt5oL4aEufZvJy9KjEkxi,Cigarrito,Platero Y Tu,2000,,Band
2LXISHBkx8FyoxCBkckh19,Do It Again,Steely Dan,1972,,Band
2MPWdzsLs7owJCpNS1Eq8Y,Rock and Roll Star,Loquillo,2005,,Solo
2MfrET7Nc3StKQcGoZKqr9,21st Century Schizoid Man,King Crimson,1969,,Band
2PFIZFcGry0po3ZfRZkzKc,Hysteria,Def Leppard,1987,,Band
2QxZd0Hud7GDrFSWyz5l9o,Voto Latino,Molotov,1997,,Band
2Rz0jBU0jEuyJvruHlfdpA,El carro de la vida (feat. Kutxi Romero),Sinkope,2007,,Band
2SHTKB8YYlawTGIuJ2b2ok,About A Girl,Nirvana,1989,,Band
2SgbR6ttzoNlCRGQOKjrop,Cowboys from Hell,Pantera,1990,,Band
2TNyavQEF3T1UnI1kNBOiv,Guardalo,Los Ronaldos,1987,,Band
2UfGBO7lPSc9JUDV4BpwAu,Rincón Exquisito,Second,2009,,Band
2VPGmrcBw5X4yAu3B8UZNE,Born To Be Wild,Steppenwolf,1968,,Band
2VnXWH2apfJHjNkQavoNoW,Hammer To Fall,Queen,1984,,Band
2YsHVqWfrH9T0qlmAjzJSM,Voy a acabar borracho,Platero Y Tu,1991,,Band
2ZMI0QNoqU9fQZFirR9WpK,When The Curtain Falls,Greta Van Fleet,2018,,Band
2a1iMaoWQ5MnvLFBDv4qkf,High and Dry,Radiohead,1995,,Band
2ahUf9ZMcCqgswU7oFZIeB,"Naces, creces, te jodes y mueres",Mama Ladilla,1998,,Band
2d4e45fmUnguxh6yqC7gNT,Dirty Deeds Done Dirt Cheap,AC/DC,1976,,Band
2dHjSNCw10clC9oOld8tPn,I Surrender,Rainbow,1981,,Band
2gDwJLEw8MTn0AoJzdpBWQ,¡Ay! Dolores,Reincidentes,2000,,Band
2jlNuMHyRRVygPTyd2Clau,Las Canciones De Juanita,Carolina Durante,2019,,Band
2naBVHNHinneXOYmczG7xE,Killing Strangers,Marilyn Manson,2015,,Band
2oSpQ7QtIKTNFfA08Cy0ku,It's The End Of The World As We Know It (And I Feel Fine),R.E.M.,1987,,Band
2oa2oDRwEOpnpqAiKr5uPu,Que Fue del Siglo XX,091,1986,,Band
2pZrDatIa0N8PmZmjJ1J7N,I'm The Man,Joe Jackson,1979,,Solo
2sUsyTWx6HeRxrnPpNL1gJ,El Caballo De Troya,Tierra Santa,2003,,Band
2uR6DAqwZCfDeD6jFrD5zA,Senor Matanza,Mano Negra,1994,,Band
2vSJKKmOEJQA5tr082p5XX,Todos los Besos,Siloé,2023,,Band
2vc7Aeg4XeSjqTinfjjKj6,No Seré Yo,"Saurom, Isra Ramos, RAMÓN LAGE",2023,,Band
2x59pa3xDf8hHZ4N3f5fGQ,Si te vas...,Extremoduro,2011,,Band
2xFrnL8BYleBuxCQQCuho7,Mi calle,Lone Star,1990,,Band
35RZlC2of95tgErjy8BtVx,Que se joda el viento,Marea,2004,,Band
36PL1fiYUnX7pJQRY1qwVw,Bailaré sobre tu tumba,Siniestro Total,1985,,Band
371BSqxk1jXtam5Q2OTaHG,Mi vida rosa,Los Romeos,1990,,Band
38PND08KPvzwA1EUPQ1FoK,Sarri Sarri,Kortatu,1985,,Band
3BqcGnyunq1hwQWy8vddSi,Loca,Luz Casal,1989,,Solo
3FVGNCVHynlBTqizeinqQS,Noviembre,Rulo y la contrabanda,2016,,Band
3GkCKAw2LPirMgiUJMAEMY,Errante (Canción Mutante),Niños Mutantes,2010,,Band
3K4HG9evC7dg3N0R9cYqk4,One Step Closer,Linkin Park,2000,,Band
3L60Vu9qmY6fg2QroRIxgi,Cry Baby,Janis Joplin,1971,,Solo
3MjrueDQKVr6xDDseZwhEd,Figure It Out,Royal Blood,2014,,Band
3Obu3jvFSfgLF3pSbi64Vj,This Fire,Franz Ferdinand,2004,,Band
3QFIltIaPuhwwJh7LsnoJF,Tommy-Gun,Royal Republic,2014,,Band
3SsaNW2MWyNtUIMe8mveOW,Dinos Lo Que Va a Pasar,Camilo Sesto,1975,,Solo
3UmPmOnwIlGM6MtlY7s4dz,Toda la noche en la calle,Amaral,2002,,Band
3WIqOmbVEbDEtyoj4MFiXK,Charo (feat. Los Detectives),"Quique González, Los Detectives",2016,,Band
3Wrjm47oTz2sjIgck11l5e,Beggin',Måneskin,2017,,Band
3XFlY1MtjI8uI7HnsQG1Nx,Come On!,The Hives,2012,,Band
3Xls4cNOwy01dtrNXb1inG,White Room,Cream,1968,,Band
3YjhWiGHlxelJM6Lv28IBm,"Cuando Nada, Vale Nada",Soziedad Alkoholika,1997,,Band
3ZOEytgrvLwQaqXreDs2Jx,Can't Stop,Red Hot Chili Peppers,2002,,Band
3Zwu2K0Qa5sT6teCCHPShP,Thnks fr th Mmrs,Fall Out Boy,2007,,Band
3cXiUuiGpFmZ8OdAWKk8Ck,Lick It Up,KISS,1983,,Band
3ckd4YA4LcD3j50rfIVwUe,Head Like A Hole,Nine Inch Nails,1989,,Band
3cw3Z7mS55gd3NUjh4k0bL,Sweet Jane,The Velvet Underground,1970,,Band
3dCAPcivYmkQpXW2IhnGmB,Galicia caníbal (Fai un sol de carallo),Os Resentidos,1986,,Band
3dTijAzl6Fg9gqJtCeh6H1,Si tú no estás aquí,Ángeles Del Infierno,1987,,Band
3f7OyfSoDbQC0LRDQiytPp,Mountain at My Gates,Foals,2015,,Band
3gVhsZtseYtY1fMuyYq06F,Sonne,Rammstein,2001,,Band
3mJJmtgrQBLI7bztFUICp8,Huesos,Los Burros,1983,,Band
3oag6xsH3APi2oHU8hVp8E,Normal,Carolina Durante,2024,,Band
3pJfnBjO3kjudEchcPEDxS,Afuera,Caifanes,1994,,Band
3t4nhRh7Pra9ELbFcMzWm9,Nada que perder,Robe,2023,,Solo
3zzZVLdBKRW8JH7GhFPyvu,Hold On,Alabama Shakes,2012,,Band
40WYGxtCpSMJUhetMgdb9F,1.000 pedazos,Christina y Los Subterraneos,1992,,Band
41JrRedwrJxbBPwI8Qku04,Pacto Entre Caballeros,Joaquín Sabina,1987,,Solo
428cFrawSqeLoyooQjAW9d,La casa por el tejado,Fito y Fitipaldis,2004,,Band
42MqvIlwwUMTUQR6GqP9HU,Mil y una noches,Sangre Azul,1988,,Band
43OTZI00GPAY6yiIpTShsR,Duele (feat. Bunbury),"Elefantes, Bunbury",2016,,Band
43Q1u4FS0b4DzMefTXNUCj,Chicas Del Colegio,Mamá,1996,,Band
46Yp4JsZIh8ceg5WBqW1ZB,Buscando en la basura,La Fuga,2005,,Band
46zO1Ym5n5R0bcizsOk02v,Todo Lo Que Importa,"ELYELLA, Viva Suecia",2018,,Band
4A48NL57P16zSRaq3yoYry,Vicious,Lou Reed,1972,,Solo
4B26yDnZ6BC8XpCvp9usmH,Judas el Miserable,La Frontera,2013,,Band
4BBC0JXqqZbQH5rQwjiUkp,Todo Me Da Igual,Pignoise,2010,,Band
4D01oA1mGouaAT7fubvKRT,Desire,U2,1988,,Band
4D40ZlFAWsvX7lua1Kablh,Jet,"Paul McCartney, Wings",1973,,Band
4GAqWEmxzMZDZ1T0NFHqKG,Let's Work Together,Canned Heat,1970,,Band
4H1EvPTY2I3xlFaw5VOe4S,Por el interés te quiero Andrés,LOS NIKIS,1989,,Band
4IvZLDtwBHmBmwgDIUbuwa,Here Comes Your Man,Pixies,1989,,Band
4KfSdst7rW39C0sfhArdrz,Barracuda,Heart,1977,,Band
4OHVCeQYPncEwZOtNAJZZx,Beetlebum,Blur,1997,,Band
4QBrx05HrLnohYaS1cPGHO,Volvera,El Canto Del Loco,2005,,Band
4RKKPr34uSKaihFjHEh3mf,Piratas del bar Caribe,Melendi,2008,,Solo
4UjqoyfmarLo3Ub3LE19eC,El Vals del Obrero,Ska-P,1996,,Band
4Uol76QkvTUx1yIMbjwdQq,Mescalina,"Los Rebeldes, Carlos Jarque",2003,,Band
4UrmmXStaqiT5sSC7QO6HK,Called Out In The Dark,Snow Patrol,2011,,Band
4Y7fEQ4PAzhlLnLviRw2P4,Rockin' in the Free World,Neil Young,1989,,Solo
4YQ9WEYQG7fq0MAUYeB19Y,Vamos Muy Bien,Obus,1984,,Band
4YeY6OW0j92lnikmKltSa7,Princess of the Dawn,Accept,1982,,Band
4Zc7TCHzuNwL0AFBlyLdyr,Run to the Hills,Iron Maiden,1982,,Band
4ZzZh1P4r1ItHMwJzD96e3,Querida Milagros,El Último De La Fila,1985,,Band
4aAfLSx9IthpC3Pw5pNk3E,Como Si Fueras a Morir Mañana,Leiva,2019,,Solo
4bjvLvKovcWqZwDbXT5QQX,Carry On,"Crosby, Stills, Nash & Young",1970,,Band
4cMHCRLPNoEbpnl2rz6GS9,Back on the Chain Gang,Pretenders,1982,,Band
4dC0fWZm8tU5dNdVutSMVP,Stupid Girl,Garbage,1995,,Band
4e3TIXJcX3oQJnLup57I0r,Holidays In The Sun,Sex Pistols,1977,,Band
4e9hUiLsN4mx61ARosFi7p,The Spirit Of Radio,Rush,1980,,Band
4fPBB44eDH71YohayI4eKV,You Only Live Once,The Strokes,2006,,Band
4fjsOdrWMaKf70x21h5XbX,Vasoline,Stone Temple Pilots,1994,,Band
4j7GkwzZTidryYlrgvzY6u,Big City Nights,Scorpions,1984,,Band
4jU7NPkz4HVnM4hweqNhI1,Blue Orchid,The White Stripes,2005,,Band
4kPSjEg8u1U4pg2dHHMmtf,Dancing Barefoot,Patti Smith,1979,,Solo
4l7YIni9bAiGwWMqK5wvgV,You Learn,Alanis Morissette,1995,,Solo
4nJlfdLIucLBkXEJPsSCSp,Twice As Hard,The Black Crowes,1990,,Band
4q56jV2dmzw9TRQ3CyzmPJ,Oveja Negra,Barricada,1992,,Band
4qbiCq2xkNPyojuZFeNeqx,Jailbreak,Thin Lizzy,1976,,Band
4tzi4VV1vCTZsT4SEKQIKJ,Serenade,Dover,1997,,Band
4ujkBkcrqG4LmhJCR0bNdc,Blancanieve,Sôber,2014,,Band
52m7IQitPjIy1PrULHhS9F,Wanted Dead Or Alive,Bon Jovi,1986,,Band
53AdGgVPCP8P4CutTFKJ1V,Un Buen Dia,Los Planetas,2000,,Band
53eJFr4Mfbw5PXJ01K6cFw,Daughter,Pearl Jam,1993,,Band
541hgOF71B92Jpg4IU6kyx,Turnedo,Ivan Ferreiro,2005,,Solo
54bO2CHOgGN44oWmAqib0I,Gold on the Ceiling,The Black Keys,2011,,Band
54ipXppHLA8U4yqpOFTUhr,Bones,Imagine Dragons,2022,,Band
54jvLVojOWiQRubRfKmZ2k,.intoodeep.,Dead Poet Society,2021,,Band
54rmOG56q3iMXK8dSbTwoH,Las Leyes De La Frontera,Derby Motoreta’s Burrito Kachimba,2021,,Band
55WrYzR1SHfXeeU6DJbk3Y,Tush,ZZ Top,1975,,Band
55XrKecG9mBBLI3PL3KzXU,Alta suciedad,Andrés Calamaro,1997,,Solo
56dtB7EzO7EneUgYwX8krC,Up Around The Bend,Creedence Clearwater Revival,1970,,Band
57evRdtJWiQQjbo6ox0qpx,Jugando al amor,Ángeles Del Infierno,1987,,Band
5A7LhS1DALEOHMtLPupxOz,La Caza,Juan Y Junior,1967,,Band
5DAX7TY0jsAQQHJZf9gDWn,Diez Años,Sôber,2002,,Band
5FZxsHWIvUsmSK1IAvm2pp,Best of You,Foo Fighters,2005,,Band
5HNCy40Ni5BZJFw1TKzRsC,Comfortably Numb,Pink Floyd,1979,,Band
5Hep3JI0YhpNNpbcurrvSS,Corazon de Tango,Doctor Deseo,1992,,Band
5Ilb5x703muHwYfrL8bIT3,Yo Tenía Un Novio (Que Tocaba En Un Conjunto Beat),Rubi,1981,,Solo
5KjdQIrQD3UBJNZfx5Qp1v,Weak,Skunk Anansie,1995,,Band
5KsZGdaJugVnu1Faccq22D,Parecemos tontos,Bunbury,2017,,Solo
5LbvrdmU9ivLVjz1dwiYSy,Tocaré,Tahúres Zúrdos,1991,,Band
5LlsD7LdSMkGV4Iu0a2Zq0,Waste A Moment,Kings of Leon,2016,,Band
5LyRtsQLhcXmy50VXhQXXS,Holy Wars...The Punishment Due,Megadeth,1990,,Band
5NQw5WJwKRPaaSDHXD04Fs,Lady Madrid,Pereza,2009,,Band
5NV19rJlAYrAAFXQTZVC55,Estrella Polar (with Juan Aguirre),"Pereza, Juan Aguirre",2007,,Band
5Q2uU5NGcS0mKwmgF28kRZ,Haste Que El Cuerpo Aguante,Mägo de Oz,2000,,Band
5QIbR39hAEDIOkr4ggh4xc,Atomic,Blondie,1979,,Band
5RMerBH1XbePkmMt4pDVKZ,Ser Brigada,León Benavente,2013,,Band
5RysTXaBv4Fm6Rhue9hW6i,Días de Escuela,Asfalto,1978,,Band
5Su0gsK3nkTGEkN5Dq5QUT,Todo tiene su fin,Módulos,1969,,Band
5TZn3LQSWwVPnBlPgFKb54,American Jesus,Bad Religion,1993,,Band
5Ud6sHEEbJtH3IlAg5LjTz,La tierra de los sueños,La Dama Se Esconde,1987,,Band
5WPQVIZCPZkctCQgsG5Qcg,La cuenta atrás,Los Enemigos,1991,,Band
5WTPhYmwwojFP73O7p3Izi,Stand By Me,Oasis,1997,,Band
5Z8EDau8uNcP1E8JvmfkZe,School's Out,Alice Cooper,1972,,Solo
5ZrtHP3Kzdgw8tzELrmKqA,Vístete,Nacha Pop,1987,,Band
5aKKj4RgxT0a9k1FF7ZDnD,Llueve Sobre Mojado,"Fito Paez, Joaquín Sabina",1998,,Band
5bEUjcvngj0oiNY2u9MaHl,Más Sexy,COZ,1980,,Band
5cY8y2XgOfkAh4kSWLFKkz,I Write Sins Not Tragedies,Panic! At The Disco,2005,,Band
5cZqsjVs6MevCnAkasbEOX,Break Stuff,Limp Bizkit,1999,,Band
5d0M8iFSNn4fonHyRT8yeq,El Pistolero,Pistones,1983,,Band
5fuiYDXvDMVqsa3o8B8KLR,No Hay Tregua,Barricada,1990,,Band
5jIdduasQsfSPQgfTHH9FB,Como el viento,Depedro,2008,,Solo
5kQb5n1sMy5CmYTSoB5p6M,Dolores se llamaba Lola,Los Suaves,1988,,Band
5lqyqPU3JkpCbUbLmTVQPW,The Unforgiven,Metallica,1991,,Band
5p4QGTJiTFStnddffBS4bK,Autosuficiencia,Paralisis Permanente,1982,,Band
5qxChyzKLEyoPJ5qGrdurN,No Sleep Till Brooklyn,Beastie Boys,1986,,Band
5sKdpvvNyRJifUmYLNiYys,Viento de Cara,Supersubmarina,2014,,Band
5u9kvg25OPkDp7MoO9yM0x,Dónde Estabas Tú,"Vega, Ivan Ferreiro",2020,,Band
5xEQItoulehU1apBfxqkM1,Flojos de pantalón,Rosendo,1988,,Solo
5yPiHX1ph8maeqvsolo2AV,Me Vuelves Puto Loco,Dani Martín,2024,,Solo
5ykbOijJEfRhuo2Td1m0Qd,7,Catfish and the Bottlemen,2016,,Band
5z4bBpoquaB0xHvXZH9L2w,Eldorado,Revolver,1995,,Band
5zmaypMaWb21FUGBxbw8hT,Black Balloon,The Goo Goo Dolls,1998,,Band
60oECELY4ArS95M8IUUNT7,Qué güeno que estoy,Mojinos Escozios,2001,,Band
61MZN0yyMWSEwrLPUUGfgJ,Sheena Is a Punk Rocker,Ramones,1977,,Band
61X9MrPozPv0V0WbX9ACUX,Dulce condena,Los Rodriguez,1993,,Band
63PNHwm8hgpkPeUFfUa4dk,La cabecita loca,Rulo y la contrabanda,2010,,Band
63T7DJ1AFDD6Bn8VzG6JE8,"Paint It, Black",The Rolling Stones,1966,,Band
665Jxlgi1HamPKbW1vwzx4,We Belong,Pat Benatar,1984,,Solo
6BXPkjwrf58KHUwGdtG66w,¿Dónde estás?,Jaime Urrutia,2002,,Solo
6BxCmy6vGbuOckxg6YfQOW,Stand By,Extremoduro,2002,,Band
6CGwCT63BvZpHJu4gjpZlo,Abre la puerta,Triana,2008,,Band
6Ca3uEAuun3HusTUiIXKs1,If You Wanna,The Vaccines,2011,,Band
6E4Z9YuZz9VA7NxXxshXQx,Te debo una canción,Shinova,2021,,Band
6GyDY0yE47rfk8pcuKhioh,Make It Wit Chu,Queens of the Stone Age,2007,,Band
6IuZFiKCeyQINqL0Id3xF2,El Bien,Viva Suecia,2022,,Band
6JXiqA1DhwFkgg9EpToPlw,Me Gusta Ser una Zorra,Vulpes,1983,,Band
6K4t31amVTZDgR3sKmwUJJ,The Less I Know The Better,Tame Impala,2015,,Band
6PwjJ58I4t7Mae9xfZ9l9v,Somebody Told Me,The Killers,2004,,Band
6TSBIfIbxuPDi1uqMqy1iV,Wishing Well,Free,1973,,Band
6TSX4t93Mhh6djhKftWSrk,Mis Amigos Donde Estaran,Topo,1978,,Band
6TYQRlRci6AkVrN9a5C7ne,War Pigs,Black Sabbath,1970,,Band
6TfBA04WJ3X1d1wXhaCFVT,"You're Gonna Go Far, Kid",The Offspring,2008,,Band
6VVBXRsXAuN5UvqKNw7j0l,Cacho a Cacho,Estopa,1999,,Band
6XIerJ9V7H9byQFRZiqyCv,11:11,Megara,2024,,Band
6Xueg8DmwhkU4xf0Q3xlWN,Sorprendente,Leño,1982,,Band
6YIggUJW3ttAAPRdnki8RM,Disarm,The Smashing Pumpkins,1980,,Band
6ZAwEE4kTdtvyE66iRhFxR,Real Wild Child (Wild One),Iggy Pop,1986,,Solo
6bBJsEcjShIA93TUzxGoxU,Corrientes Demolientes,Poncho K,2007,,Solo
6bsiPYRqISKkHN9FpgffKP,Ellos Dicen Mierda,La Polla Records,1989,,Band
6kdCN6gTWLcLxmLXoUcwuI,Eres,Café Tacvba,2003,,Band
6lgZD6qGSg59cNHZMtIPv2,Caperucita feroz,Orquesta Mondragon,2003,,Band
6ou443eT6aXOCxcX9Jrnee,La Vida Cañón,Alcalá Norte,2024,,Band
6pAvXn45z0sktftypuEEzt,Héroe de leyenda,Heroes Del Silencio,1988,,Band
6spaGIZEfeDYlgAupMI34k,Body Talks,The Struts,2018,,Band
6t6knHmmUVGnYHqQy7lTij,El Tiempo Pasará,Lori Meyers,2013,,Band
6tGUkobti5ztrb9aQ0UDEx,Por verte sonreír,La Fuga,1998,,Band
6tZI1nTl6m40HG5Rs7QuHL,El Principio de algo,"La La Love You, Samuraï",2023,,Band
6uK6H8xkSQRA4Y2TfczXs0,Necesito Respirar,Medina Azahara,1992,,Band
6uSIn5SVmUwile8TXoYMe6,Te entiendo,Pignoise,2006,,Band
6wqJeItl3Vc3az4ZicSQAB,Before I Forget,Slipknot,2004,,Band
6yGP9c0OkKZgdqBjec9HMu,La Típica Canción,Ginebras,2019,,Band
71x4gNENgUGyiuzYlndxfx,Los Toreros Muertos,Los Toreros Muertos,1986,,Band
72S6UNewVaLv3XqdcZ5J4L,Amasijo de huesos,Sidecars,2017,,Band
73TxYZd0lBCVRrHawrAglA,Sweet Emotion,Aerosmith,1975,,Band
75D3n6wnFQmu1HVmLAlWM4,I Predict A Riot,Kaiser Chiefs,2005,,Band
76ksg9R3gQjJNlyhxyJlLI,Si te acuerdas de mí,Los Mitos,1969,,Band
77oU2rjC5XbjQfNe3bD6so,Beast Of Burden,The Rolling Stones,1978,,Band
78Tr4OatbnIyx9cwGp5vp1,Lo difícil,Arco,2016,,
7ADBL3WZ9Oyj7zgkg7ODT8,You Worry Me,Nathaniel Rateliff & The Night Sweats,2018,,Band
7BHPGtpuuWWsvE7cCaMuEU,Naive,The Kooks,2006,,Band
7BsjcnzjkVLUv3IQh00OzB,El Incendio,Sidonie,2009,,Band
7F5AYZAPcNE9rIpCCHFEeh,Agradecido,Rosendo,1985,,Solo
7HjipY3Vy2HAN11D2juKHT,Next To You,The Police,1978,,Band
7JaD4wn9s5zEaSyw3KtNxZ,Camins,Sopa De Cabra,1991,,Band
7KsZHCfOitA5V9oQYVdltG,Everything Now,Arcade Fire,2017,,Band
7M9atfLnxgO5ybzMoXZMdq,Labios Compartidos,Maná,2006,,Band
7c9sDyogsPK8XUAubCK69Y,Vicio,Reincidentes,1998,,Band
7cDbqFvw45zdLHGltdb1g9,The Underdog,Spoon,2017,,Band
7cDxjUnMitNKQC5c8RQUko,Black Magic Woman (Gypsy Queen),Santana,1970,,Band
7cpAYJoFE49VFuftoQ0M2P,Acción mutante,Def Con Dos,1993,,Band
7fLTytvnvxy653VWxflTRf,Stay with Me,Faces,1971,,Band
7h8WGetcKI4Dbmj6axXHb8,Mucho tiempo contigo,Niña Polaca,2023,,Band
7hVhRCDV100Jq26NGR7adw,Good Times Roll,The Cars,1978,,Band
7j31rVgGX9Q2blT92VBEA0,Teenagers,My Chemical Romance,2006,,Band
7lSDCrF11sdTVfjbAQVZE8,I Fought the Law,The Clash,1979,,Band
7qTr6NXpNeVriU1jCbXqCg,"Jesus, Etc.",Wilco,2002,,Band
7tJQ4Ekp2vN3NlI3vJJW3v,I Want You,Bob Dylan,1966,,Solo
7w6PJe5KBPyvuRYxFkPssC,No More Tears,Ozzy Osbourne,1991,,Solo
7wLwcV2J0gp7AGXHjQ1QKL,Nena,Sexy Zebras,2022,,Band
7xmol0xrFgs89hVySMf9u9,Thunder Road,Bruce Springsteen,1975,,Solo
7zuJvHt7SN7YVjjC5qvgoY,Ahora y en la hora,Tarque,2018,,Solo

----------------------
Hungary Rock
----------------------

01IMhZasRhqDo2G6ArJxiI,A Legnagyobb Hős,Honeybeast,2014,,Band
03o8VyG8rBhBrbqN2QxJ4T,Ne állj meg soha,Korál,2006,,Band
086myS9r57YsLbJpU0TgK9,Why'd You Only Call Me When You're High?,Arctic Monkeys,2013,,Band
09ttHg3ZNVgDlYBZa1ZBw0,Starburster,Fontaines D.C.,2024,,Band
0AJhcuRl3i1FfPNr88ZScv,You're in Love with a Psycho,Kasabian,2017,,Band
0AqjkVFqa1ujle4Lb1k9wR,The Ocean,Led Zeppelin,1973,,Band
0Bs0hUYxz7REyIHH7tRhL2,Helter Skelter,The Beatles,1968,,Band
0CEoeFeiQlzKnBPqdKOZn8,Vakít A Kék,Bagossy Brothers Company,2017,,Band
0Edz7VB0AliCkoEL2XRYIi,Do Wah Diddy Diddy,Manfred Mann,1964,,Band
0GL4kCr5SEdvy6kZfqSoaj,"Hova Megy, Ki?",Supernem,2011,,Band
0GlDisMmaHlE24GdZzxgif,Nélküled,Ismerős Arcok,2007,,Band
0I4yYE831a8SW8QIx6bz4x,Crimson & Clover,Tommy James & The Shondells,1968,,Band
0IXpUl1fn2QZcBavfuq0H4,Living After Midnight,Judas Priest,1980,,Band
0Ln5tJyLX5qusquBOtq7wf,Fire,Kasabian,2009,,Band
0NiJTzthS1CHfA1hR9hmC7,RENDEZŐI VÁLTOZAT,Hűvös,2024,,Band
0ONggl0JT75DnxhNuKuZjX,"Előre kurvák, gengszterek",Aurora,2012,,Solo
0ORdPABBwTv7yblkJPZLyJ,Hosszúlábú asszony,Hobo Blues Band,1982,,Band
0QY9kpUmlcB17RKmpF5CcW,60 Ways to Forget People,Bush,2025,,Band
0QwZfbw26QeUoIy82Z2jYp,Good Times Bad Times,Led Zeppelin,1969,,Band
0S0kFCHrMKZxUxghPudxmj,Szavazz rám album (Megalázó),Európa Kiadó,2001,,Band
0TLueatPRf0B0QbfAZDpX7,Apáink útján,"Attila Gidofalvy, Karthago",1993,,Band
0V8eU3PoVNKMzsbUr7ytWO,a teljesség felé,Galaxisok,2015,,Band
0WSa1sucoNRcEeULlZVQXj,Can You Feel My Heart,Bring Me The Horizon,2013,,Band
0XkrcqrVjIm2delDRrWkC0,"Starry Nights (Csillagok, Csillagok)",Middlemist Red,2020,,Band
0a8GdGZ0QrwdLOzPoLo9Em,Gyöngyhajú lány,Omega,1969,,Band
0bCN6jqmo0e6ssPUNQ54bU,Bál az Operában,"Miklós Lengyelfi, Tibor Bornai, Andras Laár, Andras Marton, KFT",1994,,Band
0cJPLFrlV7TTCyPLupHzcH,Won't Get Fooled Again,The Who,1971,,Band
0dlTGl67UFWcKupzkxZYOn,You Could Be Mine,Guns N' Roses,1991,,Band
0fEkjV6ZHpU7MTu9NeHZMM,Lehetek Én Is,Vad Fruttik,2010,,Band
0hpWmAB3L0OJ3VBeMkOQUu,Kool-Aid,Bring Me The Horizon,2024,,Band
0i1RTnH2Lj5gTDRU5wtyT2,Over the Mountain,Ozzy Osbourne,1981,,Solo
0iddCWjFnIc2pENyQWIIn2,Olyan Ő,Bagossy Brothers Company,2019,,Band
0knbMPVHpFbsx38pLoYSRs,Hysteria,Muse,2003,,Band
0nEgTdkktvLV6e74Qm7zsm,Dél-Amerika,Heaven Street Seven,2002,,Band
0ooiafVrlNqnKR5GQea4Ng,Most múlik pontosan,Quimby,2005,,Band
0qPLNGJhvrhuuayoKhTR3B,Black Holes (Solid Ground),The Blue Stones,2018,,Band
0wESZs7gN7TvfDbVP0w3Aw,Cold Hard Bitch,Jet,2003,,Band
0wJoRiX5K5BxlqZTolB2LD,Purple Haze,Jimi Hendrix,1967,,Solo
0zSJD8hIVRARlAXr6zLnWb,KICSIKE FÉNY,HIPERKARMA,2024,,Band
0zn5jQjlmbXKiRcWcrEOKK,Valaki mondja meg,"Presser Gabor, Locomotiv GT, Vígszínház együttese, Béla Ernyei, Éva Almási, Peter Balazs, Ilona Beres, László Tóth Tahi, Anna Adamis, Erika Szegedi, Erzsébet Kútvölgyi, Marta Egri, Eva Szerencsi, Tibor Déry",1973,,Band
12Unlugp6dSFNSRgj3tlAr,Manhattan (First We Take Manhattan),"Enrique Morente, Lagartija Nick, Estrella Morente, Cañizares",2016,,Band
144Z5VzvzguLdH0huD6A3b,Gép-induló,"Judit Kenesei, Zoltán Nagyfi, György Pazdera, Attila Szabó, László Tarca, Pokolgép",2007,,Band
18SmcLyRgS2oNJlKHHrMNf,Sajtból van a Hold,"Ferenc Demjén, Bergendy",1974,,Band
1AF57OMVUtD3e6QKgOP2YO,Ember maradj,Ákos,2024,,Solo
1Aj5jkloWQ3oorgFhwjYEa,Engem se sajnáljatok,"Alajos Németh, Gábor Németh, Gyula Papp, Antal Gábor Szűcs, Gyula Vikidál, Dinamit",1995,,Band
1B05KTWr9SkdVukhRcPJ8v,Mennyország Tourist,Tankcsapda,1999,,Band
1GxDosf9CW0WVD3LUgnQPe,"Szerelem, szerelem","Zámbó István, Andras Wahorn, A.E. Bizottsag",2015,,Band
1PZGEzeWwebPRapRvPjloD,Ha Én Lennék,Kiscsillag,2006,,Band
1Q5kgpp4pmyGqPwNBzkSrw,Roadhouse Blues,The Doors,1970,,Band
1QEEqeFIZktqIpPI4jSVSF,More Than a Feeling,Boston,1976,,Band
1S0IbDJ5408gMYLsPoQSfG,Ajándék,"Lajos Som, Piramis",1978,,Band
1UrlEqXd7BjMIL5nvHFE9M,Én vagyok a veszély,Leander Kills,2020,,Band
1VaaAnd5zxFIAn2xA0u8jd,Mindig mindent,Balaton,2021,,Band
1XTGyfJeMiZXrZ1W3NolcB,Know Your Enemy,Rage Against The Machine,1992,,Band
1Ym3JWJG8HFJU2NbXavZ6a,Sugar,System Of A Down,1998,,Band
1axg7BBNvulLvq4eBY6agJ,Ha Júliát kérdeznék meg,"Dusan Sztevanovity, Zorán, Metro",1970,,Band
1eivMnftGIAIeTDUfTssVX,Welcome to the DCC,Nothing But Thieves,2023,,Band
1iW2ktyrQHNKZwFTvgP0Ta,Burn,Deep Purple,1974,,Band
1jMaB19DiVR8OihLSuYFOt,Spoonman,Soundgarden,1994,,Band
1jq28NGw6wdtFKx8MBPy6C,Burn It to the Ground,Nickelback,2008,,Band
1nGBKwRBusmiVzdtdLXJL4,Csillagos,Hollywoodoo,2017,,Band
1qatQQKIf1ngj1i8LKtwzq,Kösz,Elefánt,2019,,Band
1qfdguvTk1xa0GgODi37yJ,Killed by Death,Motörhead,1984,,Band
1teL5em5cNGwVS4l5f8wjg,Mystify,INXS,1987,,Band
1twe8VH56PYRazRTKNk089,Százszor Visszajátszott,Konyha,2018,,Band
1wrhhPzd2ncJPNgUcGgBGg,Machinehead,Bush,1994,,Band
250dZY8xYbhHGQpM6bgL52,In The City,The Jam,1977,,Band
28iem4MdULZ9uOMcgwYOQA,Ha volna Két Életem,Piramis,1977,,Band
2AQCskFaJwiWx6KILDe3hX,Nem akarok elszakadni,Depresszió,2004,,Band
2Bi0JWdxDMaKPanNofJSdL,I'm a Man,The Yardbirds,1965,,Band
2DD7xgJ7h1mFlosiGZaT3R,Néma kőszobor,"Alajos Németh, Lugossy Laszlo, Gábor Németh, Gyula Papp, Antal Gábor Szűcs, Gyula Vikidál, Dinamit",1995,,Band
2EC9IJj7g0mN1Q5VrZkiYY,Rebel Rebel,David Bowie,1974,,Solo
2EPr9Wx7e1cpGEbNAtuN7x,Surfin' U.S.A.,The Beach Boys,1963,,Band
2K62ygLM1m3nxxjxp4nMBP,Requiem,"Ferenc Szigeti, Karthago",1993,,Band
2LAj8oHDSRTegRDzm3rgxu,Trambulin,Roy & Adám,1998,,Band
2LXISHBkx8FyoxCBkckh19,Do It Again,Steely Dan,1972,,Band
2MfrET7Nc3StKQcGoZKqr9,21st Century Schizoid Man,King Crimson,1969,,Band
2Nud4rJiFIdg8Nq5PjPo5N,Királylány,Hooligans,2003,,Band
2PFIZFcGry0po3ZfRZkzKc,Hysteria,Def Leppard,1987,,Band
2S1nGCwVbJUV4eDDEbomYf,Könnyű álmot hozzon az éj,"Matyas Varkonyi, Generál",1977,,Band
2SHTKB8YYlawTGIuJ2b2ok,About A Girl,Nirvana,1989,,Band
2SgbR6ttzoNlCRGQOKjrop,Cowboys from Hell,Pantera,1990,,Band
2UB8LkhAtBgL9cCxKY2qwi,Immunissá válunk,Carson Coma,2022,,Band
2UREu1Y8CO4jXkbvqAtP7g,Monster,Skillet,2009,,Band
2ZMI0QNoqU9fQZFirR9WpK,When The Curtain Falls,Greta Van Fleet,2018,,Band
2a1iMaoWQ5MnvLFBDv4qkf,High and Dry,Radiohead,1995,,Band
2a915Jsdv3MIWM2PGLjFM9,Vándor,Lord,2009,,Band
2aoo2jlRnM3A0NyLQqMN2f,All Along the Watchtower,Jimi Hendrix,1968,,Solo
2d0Orl3xF55LqgiT4Ue7aD,Valami véget ért,Bonanza Banzai,1991,,Band
2d4e45fmUnguxh6yqC7gNT,Dirty Deeds Done Dirt Cheap,AC/DC,1976,,Band
2eROKe8HAuciQirDYLiWSF,Ki visz haza,Bikini,2009,,Band
2k1yPYf9WGA4LiqcLVwtzn,Another One Bites The Dust,Queen,1980,,Band
2mHchPRtQWet3iIS3jANr1,God Save The Queen,Sex Pistols,1977,,Band
2naBVHNHinneXOYmczG7xE,Killing Strangers,Marilyn Manson,2015,,Band
2oJjnwTHZ1iaiSOOtKpqtS,Elképzelt világ,"Péter Pál Gulyás, Gyula Bokor, Color",1999,,Band
2oSpQ7QtIKTNFfA08Cy0ku,It's The End Of The World As We Know It (And I Feel Fine),R.E.M.,1987,,Band
2oaK4JLVnmRGIO9ytBE1bt,Dark Necessities,Red Hot Chili Peppers,2016,,Band
2pZrDatIa0N8PmZmjJ1J7N,I'm The Man,Joe Jackson,1979,,Solo
2uqfccgULRjGgCiShZ9P9p,Kőbánya blues,Hobo Blues Band,1982,,Band
33Mo4CbASyqHnGpbj1ldDK,A Legjobb Méreg,Tankcsapda,1992,,Band
35zICpocPGOSvY3PvB6RGH,Szabadság vándorai,Demjen Ferenc,1989,,Solo
38PND08KPvzwA1EUPQ1FoK,Sarri Sarri,Kortatu,1985,,Band
38fRvhKJIbN2ej2xU5J6qY,Azt Hittem Érdemes,30Y,2008,,Band
38g8cY41MUtihMxozATVpb,Vissza a városba,Mini,1980,,Band
3Fma9F9vcribXE9SfYlrld,Budapest,C.A.F.B.,1997,,Band
3GSfigE0QbiC7UWHERXfDT,Rendőrsztori,Supernem,2003,,Band
3K4HG9evC7dg3N0R9cYqk4,One Step Closer,Linkin Park,2000,,Band
3L60Vu9qmY6fg2QroRIxgi,Cry Baby,Janis Joplin,1971,,Solo
3MP5QElX09HxrdujiIlncO,Autó egy szerpentinen,Quimby,2005,,Band
3NDHhG2ngOF2Ab5nL77M1Z,Járdán,Bánfalvi Eszter Kvartett (BEKVART),2017,,Band
3NMZ9158xpZaNWjUELqhX3,Újfullánk,Roy & Adám,2005,,Band
3OZ2JuUDIVQnXgh09qgeo2,Indulok tovább,Takats Tamas Dirty Blues Band,1996,,Band
3Obu3jvFSfgLF3pSbi64Vj,This Fire,Franz Ferdinand,2004,,Band
3PMPTKIL8pT9H9oqRq5jRw,Ha Megnyitod A Szíved,Ivan & The Parazol,2016,,Band
3QFIltIaPuhwwJh7LsnoJF,Tommy-Gun,Royal Republic,2014,,Band
3QZ7uX97s82HFYSmQUAN1D,Tom Sawyer,Rush,1981,,Band
3RPlj3yooItDG07eWFkxTt,Hétköznapi,"Szabó Balázs Bandája, Julie Rens",2014,,Band
3VbGCXWRiouAq8VyMYN2MI,Love Me Do,The Beatles,1963,,Band
3Wrjm47oTz2sjIgck11l5e,Beggin',Måneskin,2017,,Band
3XFlY1MtjI8uI7HnsQG1Nx,Come On!,The Hives,2012,,Band
3Xls4cNOwy01dtrNXb1inG,White Room,Cream,1968,,Band
3ZOEytgrvLwQaqXreDs2Jx,Can't Stop,Red Hot Chili Peppers,2002,,Band
3Zwu2K0Qa5sT6teCCHPShP,Thnks fr th Mmrs,Fall Out Boy,2007,,Band
3cXiUuiGpFmZ8OdAWKk8Ck,Lick It Up,KISS,1983,,Band
3ckd4YA4LcD3j50rfIVwUe,Head Like A Hole,Nine Inch Nails,1989,,Band
3f7OyfSoDbQC0LRDQiytPp,Mountain at My Gates,Foals,2015,,Band
3gVhsZtseYtY1fMuyYq06F,Sonne,Rammstein,2001,,Band
3m3dleuZ3G0emS6PSU9nUN,Szállj el kismadár,Republic,2000,,Band
3pYEJ4hY82wFf2AkxlfhF7,Kockacukor,Kiscsillag,2006,,Band
3qOSLaE2qEnqBGD2T0oiYa,Valahol egy lány,"Lajos Illés, Zsuzsa Koncz",1969,,Band
3qYt7KjS7EbhC49WQMI1xm,Ébredj!,P. Box,2015,,Band
3qbpRoKrvNIdP0AVUD06aO,Ha Élni Felejtek,Blahalouisiana,2017,,Band
3r15a4oHNCKldA8WuQY7e4,Rések a falon,"Péter Móczán, Géza Pálvölgyi, East",1996,,Band
3xQayzxcmc1EcqwhkxmY0H,Kócos ördögök,"Dusan Sztevanovity, Zorán, Metro",1970,,Band
3xZfJwbpZMKS5AYPC4NZqi,Zöld csillag,Béla Radics,1972,,Solo
3zzZVLdBKRW8JH7GhFPyvu,Hold On,Alabama Shakes,2012,,Band
42bkEPImeRPO4Zs0vTd8do,Azt beszéli már az egész város,Skorpio,1993,,Band
43WYQsYrT4Lpjqdi5FvLlE,Bogozd Ki,30Y,2006,,Band
44ipo3g5GBJaq8jIx8LMvt,Bájoló,Szabó Balázs Bandája,2012,,Band
4A48NL57P16zSRaq3yoYry,Vicious,Lou Reed,1972,,Solo
4ABknW7rclsCl1JWVjrRI3,Soha nem elég,"Sandor Bencsik, Pandora's Box",2000,,Band
4CSDf3GrQvXF5OHirup8n1,Dob + Basszus,HIPERKARMA,2006,,Band
4D01oA1mGouaAT7fubvKRT,Desire,U2,1988,,Band
4D40ZlFAWsvX7lua1Kablh,Jet,"Paul McCartney, Wings",1973,,Band
4EFhdXR6JLs3lTxew96iga,Szerelemrol Szó Sem Volt,Zanzibár,2002,,Band
4FOK7adERGdHtJ3Jju6rVw,Utolsókból Elsők,Nova Prospect,2021,,Band
4Fk5P7R1G7vJrnWPx74CHl,Eső,Margaret Island,2015,,Band
4GAqWEmxzMZDZ1T0NFHqKG,Let's Work Together,Canned Heat,1970,,Band
4GWpBYUhJX35z2BMDu9m3W,"Várlak még (Hosszú, forró nyár)",Sarolta Zalatnay,1971,,Solo
4HmB8gBwTxtF47A2DpYv75,A Pokolnál Hangosabb,Ossian,1999,,Band
4IvZLDtwBHmBmwgDIUbuwa,Here Comes Your Man,Pixies,1989,,Band
4L7fpchJEXPNwZo3O8GAZq,Féltelek …,"Tibor Bokor, Color",1999,,Band
4MBC2lXhh0xMJgj2p7xrMm,Semmi pánik 2,Felső Tízezer,2020,,Band
4NeQ9i5Jj39SoCU8cBbNoo,Mielőtt elmegyek,Bikini,2023,,Band
4NrGMEm5SvvpJ9Tk1Rq3cP,Dilemma,Green Day,2024,,Band
4OHVCeQYPncEwZOtNAJZZx,Beetlebum,Blur,1997,,Band
4Rn2zMOE6ZgckyfxVxYdvb,A ma lesz a holnap tegnapja,"Ferenc Demjén, Bergendy",1976,,Band
4UrmmXStaqiT5sSC7QO6HK,Called Out In The Dark,Snow Patrol,2011,,Band
4Y7fEQ4PAzhlLnLviRw2P4,Rockin' in the Free World,Neil Young,1989,,Solo
4YeY6OW0j92lnikmKltSa7,Princess of the Dawn,Accept,1982,,Band
4Z1wFhQ01Uy4zBXJTu9cR4,Ez a szerelem,Heaven Street Seven,2004,,Band
4Zc7TCHzuNwL0AFBlyLdyr,Run to the Hills,Iron Maiden,1982,,Band
4a9tnRLY9jGsz3Jg4HylHY,Waterloo Sunset,The Kinks,1967,,Band
4aVuWgvD0X63hcOCnZtNFA,Hold the Line,TOTO,1978,,Band
4bSIPjcFUjVvgJoGCqk69v,L'amour Toujours,Zaporozsec,2023,,Band
4bjvLvKovcWqZwDbXT5QQX,Carry On,"Crosby, Stills, Nash & Young",1970,,Band
4cMHCRLPNoEbpnl2rz6GS9,Back on the Chain Gang,Pretenders,1982,,Band
4e9hUiLsN4mx61ARosFi7p,The Spirit Of Radio,Rush,1980,,Band
4fPBB44eDH71YohayI4eKV,You Only Live Once,The Strokes,2006,,Band
4fjsOdrWMaKf70x21h5XbX,Vasoline,Stone Temple Pilots,1994,,Band
4ioXZhdt0McAlQI7k345Ia,"A zöld, a bíbor, a fekete",Bill Gyula Deák,2008,,Solo
4jU7NPkz4HVnM4hweqNhI1,Blue Orchid,The White Stripes,2005,,Band
4kPSjEg8u1U4pg2dHHMmtf,Dancing Barefoot,Patti Smith,1979,,Solo
4l7YIni9bAiGwWMqK5wvgV,You Learn,Alanis Morissette,1995,,Solo
4nJlfdLIucLBkXEJPsSCSp,Twice As Hard,The Black Crowes,1990,,Band
4q45UElOlk8IinSCrdUoWh,Induljon a banzáj!,Bonanza Banzai,1989,,Band
4qbiCq2xkNPyojuZFeNeqx,Jailbreak,Thin Lizzy,1976,,Band
4qduWbFsFOFMSQUQjyuWyS,Eskuvo,Üllői Úti Fuck,2007,,Band
4rUC3scVRC8l2gysPexcNP,Tűzvarázsló,"István Lerch, Ferenc Demjén, V'Moto Rock",1988,,Band
4uT4TESc63Qdapocbap7G4,Kell a barátság,Mini,1980,,Band
4ynTWfhY2yi2h1YrhLdUCv,Ha Menni Akarok,"Bohemian Betyars, Parno Graszt",2017,,Band
4yoWPaGNDQa3Lvn1qSBWWh,Csillagtengeren,Intim Torna Illegál,2019,,Band
4zaBshdWOG96bYZTbo2Jfp,Megint nyár,Road,2010,,Band
52HAHV1j93s5B8GoTNI7DJ,"Oh, Pretty Woman",Roy Orbison,1964,,Solo
52m7IQitPjIy1PrULHhS9F,Wanted Dead Or Alive,Bon Jovi,1986,,Band
53eJFr4Mfbw5PXJ01K6cFw,Daughter,Pearl Jam,1993,,Band
54bO2CHOgGN44oWmAqib0I,Gold on the Ceiling,The Black Keys,2011,,Band
54ipXppHLA8U4yqpOFTUhr,Bones,Imagine Dragons,2022,,Band
54jvLVojOWiQRubRfKmZ2k,.intoodeep.,Dead Poet Society,2021,,Band
55WrYzR1SHfXeeU6DJbk3Y,Tush,ZZ Top,1975,,Band
56SLMIzWKrEOWIQ5LCzKXV,Adieu,Rammstein,2022,,Band
56c1etNhjBSpdUBN0ZLLJJ,Júlia nem akar a földön járni,"Robert Erdesz, Napoleon Boulevard",1988,,Band
56dtB7EzO7EneUgYwX8krC,Up Around The Bend,Creedence Clearwater Revival,1970,,Band
574y1r7o2tRA009FW0LE7v,Speak to Me,Pink Floyd,1973,,Band
587i4g5fwUDAdl5xTP7UtW,Miserlou,Dick Dale & His Del-Tones,1962,,Band
58AraOVFl5hUtZuPvaOXFw,Dance Of The Clairvoyants,Pearl Jam,2020,,Band
5EU13cihmLyxv2RwsXNYOE,Kétforintos Dal,P. Mobil,1999,,Band
5F0a0PX2EFx7Ch4ODVvEJB,Ő még csak tizennégy,"Tamas Barta, Locomotiv GT",1971,,Band
5FZxsHWIvUsmSK1IAvm2pp,Best of You,Foo Fighters,2005,,Band
5I8RdygcFko2KOaa6bS2ki,"Siker, pénz, csillogás","Tibor Bornai, Andras Marton, Andras Laár, Miklós Lengyelfi, KFT",1995,,Band
5ItpQCZ4adsPl0Q2is9BNW,Nehéz a boldogságtól,"Iván Szenes, Gábor Németh, Apostol",2004,,Band
5KjdQIrQD3UBJNZfx5Qp1v,Weak,Skunk Anansie,1995,,Band
5LnYTxJpIOUwBZAgJ71ksv,Fekszem az ágyon: Fekszem az ágyamon,"Ferenc Demjén, Janos Menyhart, V'Moto Rock",1986,,Band
5LyRtsQLhcXmy50VXhQXXS,Holy Wars...The Punishment Due,Megadeth,1990,,Band
5MC3xdlx9DFop1Y4J1yDbE,New Kid in Town,Eagles,1976,,Band
5O9Dz0h08LuBi0aVvDcylh,The Resistance,Skillet,2016,,Band
5Ok0SW3lPGdgwD5AB0Wedp,Fekete Lepke,Kowalsky Meg A Vega,2017,,Band
5QIbR39hAEDIOkr4ggh4xc,Atomic,Blondie,1979,,Band
5QLadwi5OzLyTxAyMbGOOv,Neked írom a dalt,"Locomotiv GT, Anna Adamis",1975,,Band
5QoJWBHe4NdPX1MaBG5g2b,Ennyi kell,Junkies,1997,,Band
5QyeXBHr6DMyUO8Qtj6W28,Nem elég,Road,2010,,Band
5TZn3LQSWwVPnBlPgFKb54,American Jesus,Bad Religion,1993,,Band
5VQEgUzoIX6fkpsjVhZieZ,Farkasok vagyunk,"László Katona, László Pálvölgyi, Gyula Pavelka, Akela",1993,,Band
5WTPhYmwwojFP73O7p3Izi,Stand By Me,Oasis,1997,,Band
5cY8y2XgOfkAh4kSWLFKkz,I Write Sins Not Tragedies,Panic! At The Disco,2005,,Band
5cZqsjVs6MevCnAkasbEOX,Break Stuff,Limp Bizkit,1999,,Band
5fpj84RsT9cOTfWUCxBTXu,Little Monster,Royal Blood,2014,,Band
5mA0ggVsI8ESoISzU8o3t2,Nekem Senkim Sincsen,Vad Fruttik,2010,,Band
5qkiqSgmRAcwu4PcxhS7Xi,Holnap hajnalig,Neoton Familia,1988,,Band
5qxChyzKLEyoPJ5qGrdurN,No Sleep Till Brooklyn,Beastie Boys,1986,,Band
5sMOgaS4A6993NLk1Lniml,Ezüst eső,Omega,1979,,Band
5tuX8ZAWOje0QDvYoQLEZR,Így szólt hozzám a dédapám,"Antal Gábor Szűcs, Skorpio",2000,,Band
5uvosCdMlFdTXhoazkTI5R,Light My Fire,The Doors,1967,,Band
5zmaypMaWb21FUGBxbw8hT,Black Balloon,The Goo Goo Dolls,1998,,Band
610OI05jJZ6wM9DQS7k7rJ,Nem kell más vigasz,Ákos,2019,,Solo
61MZN0yyMWSEwrLPUUGfgJ,Sheena Is a Punk Rocker,Ramones,1977,,Band
63T7DJ1AFDD6Bn8VzG6JE8,"Paint It, Black",The Rolling Stones,1966,,Band
665Jxlgi1HamPKbW1vwzx4,We Belong,Pat Benatar,1984,,Solo
69FsMLV1rUBTtFgsbssaLF,Zuhanórepűlés,Sziámi,2014,,Band
6AoEkZTlvlpBGoo1dyJFMo,Hunok Csatája,Vágtázó Halottkémek,1992,,Band
6Ca3uEAuun3HusTUiIXKs1,If You Wanna,The Vaccines,2011,,Band
6CqjfYl62bxhxXEoOltOUp,Csillag Vagy Fecske,Kispál és a Borz,2003,,Band
6DV8XUpinPFiKFHyQhuW5a,"Miattad iszom, te állat",Junkies,1997,,Band
6FUwPb4mGlUDbx42uspXaZ,Fuel,Metallica,1997,,Band
6GyDY0yE47rfk8pcuKhioh,Make It Wit Chu,Queens of the Stone Age,2007,,Band
6K4t31amVTZDgR3sKmwUJJ,The Less I Know The Better,Tame Impala,2015,,Band
6NiKtg4Qi1l27ZXcb648py,Hajolj Bele A Hajamba,Péterfy Bori & Love Band,2007,,Band
6PRpsOZVwCpyIwEGFDcl71,"Boldoggá akarlak tenni (de nem tudom, hogy kell)",Galaxisok,2017,,Band
6Pif6RkFoYzLygdqktus4Q,The Foundations of Decay,My Chemical Romance,2022,,Band
6PwjJ58I4t7Mae9xfZ9l9v,Somebody Told Me,The Killers,2004,,Band
6S61cBf3OlwYxoD2fcHLzD,Szalai Éva,Kaukázus,2020,,Band
6TSBIfIbxuPDi1uqMqy1iV,Wishing Well,Free,1973,,Band
6TYQRlRci6AkVrN9a5C7ne,War Pigs,Black Sabbath,1970,,Band
6TfBA04WJ3X1d1wXhaCFVT,"You're Gonna Go Far, Kid",The Offspring,2008,,Band
6UFrGMTZTt9MhQYzjKfWsT,Te Vagy Egyedül,Zaporozsec,2022,,Band
6UJ2XovKB2wv1aKAt7bLsg,Hole in the Sky,Black Sabbath,2016,,Band
6WEZSjsHbJ7SsWMrSFVtAB,8 óra munka,Nagy Feró és a Beatrice,2013,,Band
6XMhh5HxDuEM9sWhq9rlGD,Homok a szélben,Korál,1981,,Band
6YIggUJW3ttAAPRdnki8RM,Disarm,The Smashing Pumpkins,1980,,Band
6a9KHpmieZUSHDwbNM3PRY,Kövér a nap,Generál,1973,,Band
6dN7UbjjUncTfvy4G91Muk,Nincs karácsony,Aurora,1996,,Solo
6drrVCI2dr66BjUL4maVaF,Ha Az Életben,Kispál és a Borz,1998,,Band
6eNqmTAFB1j2aS10tlSZfq,Ugass Kutya!,Moby Dick,1990,,Band
6hjAXk50AihwvjcGzsaul1,A Bál,Pál Utcai Fiúk,2009,,Band
6jPJ2rMxvwSEvzBTQZ7uiN,"Miért hagytuk, hogy így legyen?","Lajos Illés, János Bródy, Koncz Zsuzsa",1969,,Band
6mFkJmJqdDVQ1REhVfGgd1,Wish You Were Here,Pink Floyd,1975,,Band
6o21UfW2RHkzzleZGLfFpK,For Your Love,"The Yardbirds, Eric Clapton",1965,,Band
6pmKCqruTP1sDPctOuFrfm,Káin,Kalapács,2000,,Band
6qWgyFtIZU6rbndmsi5VcB,Szólj Már,Zanzibár,2001,,Band
6qZoQsBTQW2tix6KViDC7F,Don't Look Back in Anger,Oasis,1995,,Band
6qjWvZE416UjIjLzPD48Dl,Összefúj A Szél,Bohemian Betyars,2017,,Band
6s6jmTumtDJGOB725jMJ8z,She's Not There,The Zombies,1965,,Band
6sfYW3pnrDdIzExLGuyMMs,Teszkó,Kaukázus,2020,,Band
6spaGIZEfeDYlgAupMI34k,Body Talks,The Struts,2018,,Band
6tZdL3Zp8JgrfDbsSeSV1S,You Really Got Me,The Kinks,1964,,Band
6uRvI3CvRTens7FQGaG2L1,Arra Vágyom,Bánfalvi Eszter Kvartett (BEKVART),2017,,Band
6voIJ7OWwRabSZDC77D5Hp,Trouble’s Coming,Royal Blood,2021,,Band
6wqJeItl3Vc3az4ZicSQAB,Before I Forget,Slipknot,2004,,Band
71EcKuLuxulc64Slllhkmo,Megkísértelek,"Gyula Pavelka, László Pálvölgyi, Akela",1993,,Band
72dk1IB7ePS5WgIlOkjjdH,Ha elmúlik karácsony,Neoton Familia,1986,,Band
73TxYZd0lBCVRrHawrAglA,Sweet Emotion,Aerosmith,1975,,Band
74zUPQTB6HMnfS1cagJnd8,Nowhere Generation,Rise Against,2021,,Band
75D3n6wnFQmu1HVmLAlWM4,I Predict A Riot,Kaiser Chiefs,2005,,Band
77oU2rjC5XbjQfNe3bD6so,Beast Of Burden,The Rolling Stones,1978,,Band
77tUOz8puUImoAODY19UuY,Párizs,Ismerős Arcok,2022,,Band
7ADBL3WZ9Oyj7zgkg7ODT8,You Worry Me,Nathaniel Rateliff & The Night Sweats,2018,,Band
7BHPGtpuuWWsvE7cCaMuEU,Naive,The Kooks,2006,,Band
7BeCsRtw4Lzs2gVV4fvFWp,Nem Voltál Jó,Margaret Island,2015,,Band
7GRNWVFlDh2p9TQyyBrcYT,Az Év Dolgozója,Alvin és a Mókusok,2008,,Band
7HjipY3Vy2HAN11D2juKHT,Next To You,The Police,1978,,Band
7IqTnEXpGYGixQUmOS3gWM,Nem Kár,Esti Kornél,2016,,Band
7KZgeJlnhlfjcLtLxIMVjn,Kéglidal,"János Bródy, Levente Szörényi, Illés-Ensemble",1971,,Band
7LGtUjWMriqRBHIgWyjVEE,Tudom mire vársz,4s Street,2025,,Band
7MHrlZ4JGmhk3Kiv472nwX,Vízből van,Platon Karataev,2022,,Band
7aigVSzPNuRSf9cBjGebZI,Osztálytalálkozó,Carson Coma,2022,,Band
7cDbqFvw45zdLHGltdb1g9,The Underdog,Spoon,2017,,Band
7dJRcGP95fcFfy07XIMh4L,"Ott, ahol zúg az a négy folyó",Kárpátia,2003,,Band
7dKyarErhSaLq2QG8Fi1zp,Rossz vér,"Tibor Tátrai, Egon Póka, Bill Gyula Deák, Dezso Döme",1995,,Band
7dfj4u6rA0UGGlSSHrNnNj,Kölyköd voltam,"István Slamovits, EDDA Művek",1995,,Band
7eaLPpFWT2oMetsTSkfKZi,GYERE FEL,Meg Egy Cukorka,2023,,Band
7fLTytvnvxy653VWxflTRf,Stay with Me,Faces,1971,,Band
7hVhRCDV100Jq26NGR7adw,Good Times Roll,The Cars,1978,,Band
7j31rVgGX9Q2blT92VBEA0,Teenagers,My Chemical Romance,2006,,Band
7l3aCzOHS4HPCxqRsFhZbj,Kurva Élet,Alvin és a Mókusok,2005,,Band
7lu6YLrlB1MU7HW8DJSuPa,At The Door,The Strokes,2020,,Band
7nzsY8vlnKdvGOEE0rjAXZ,Arabella,Arctic Monkeys,2013,,Band
7pOXrvJH07wGmAM54v3Vmf,Örökké,Intim Torna Illegál,2014,,Band
7qTr6NXpNeVriU1jCbXqCg,"Jesus, Etc.",Wilco,2002,,Band
7qakF5c6D2WArKDpoOMswt,"Túl Távol, Elég Közel",Blahalouisiana,2017,,Band
7sWmKKhkKBOHgjlB3inwpI,Ne gondold,"Levente Szörényi, Illés-Ensemble",1967,,Band
7tJQ4Ekp2vN3NlI3vJJW3v,I Want You,Bob Dylan,1966,,Solo
7tf64lNC31lWlTsih0nfZf,Good Vibrations,The Beach Boys,1966,,Band
7uO9nvwo69nG71fKcIAKTJ,Ez vagyok én,No Sugar,2025,,Band
7ukNwvBVfea4N2uwrYQOqU,Éjjel érkezem,EDDA Művek,1992,,Band
7vUfTjiMjFfXe7Brz62tXH,Rockaria!,Electric Light Orchestra,1976,,Band
7w6PJe5KBPyvuRYxFkPssC,No More Tears,Ozzy Osbourne,1991,,Solo
7wSeemQNkVg8MO6US50ktj,Ha itt lennél velem,Republic,2000,,Band
7xmol0xrFgs89hVySMf9u9,Thunder Road,Bruce Springsteen,1975,,Solo

----------------------
Nederlands Rock
----------------------

003vvx7Niy0yvhvHt4a68B,Mr. Brightside,The Killers,2003,,Band
07GvNcU1WdyZJq3XxP0kZa,Go Your Own Way,Fleetwood Mac,1977,,Band
07q0QVgO56EorrSGHC48y3,I Was Made For Lovin' You,KISS,1979,,Band
08Yy8YGHv1lSDiKZzVPuTn,Gimme All Your Lovin',ZZ Top,1983,,Band
0COqiPhxzoWICwFCS4eZcp,Bring Me To Life,Evanescence,2003,,Band
0Gx84OLupQjaGXcEXoqlRE,Guitar King,Hank The Knife And The Jets,2009,,Band
0HOrDVS349XFcpCYsO2hAP,You Ain't Seen Nothing Yet,Bachman-Turner Overdrive,1974,,Band
0HltuYVWFg3Xa2HcbErsgv,Would?,Alice In Chains,1992,,Band
0KpTFH1SzexN8SGc0GPILC,Don't Let Me Be Misunderstood,The Animals,1965,,Band
0KzAbK6nItSqNh8q70tb0K,Where Is My Mind?,Pixies,1988,,Band
0LoQuiekvzqx7n8flgEKzF,Get It On,T. Rex,1971,,Band
0No5Hr1LxZjJHGsQSTy2bm,I Can't Dance,Genesis,1991,,Band
0SQQBl0LIx0tzAr9gHAQXa,Glycerine,Bush,1994,,Band
0XHWClSz0v6RIaRSGqJH3X,Smoke on the Water,Deep Purple,1972,,Band
0Zp4PR3jLHfxcXdBdRLh7M,Atomic City,U2,2023,,Band
0cbFre6QguzhyLoBqhxr1z,Whole Lotta Shakin' Going On,Jerry Lee Lewis,1957,,Solo
0dOg1ySSI7NkpAe89Zo0b9,Born in the U.S.A.,Bruce Springsteen,1984,,Solo
0hCB0YR03f6AmQaHbwWDe8,Whole Lotta Love,Led Zeppelin,1969,,Band
0khGENsYIkglYAWBYVIELI,Seal The Deal,Volbeat,2016,,Band
0lfPPoWG4b3OmhieJ2YDF0,If It Makes You Happy,Sheryl Crow,1996,,Solo
0ntQJM78wzOLVeCUAW7Y45,Sex on Fire,Kings of Leon,2008,,Band
0rP8sVutJa6lfiRkwjgcap,Sollicitere,Janse Bagge Bend,2014,,Band
0rmGAIH9LNJewFw7nKzZnc,You Give Love A Bad Name,Bon Jovi,1986,,Band
0sJI46SP7kuIDdeziSP8VG,Angeline (M'n Blonde Sexmachine),Peter Koelewijn en Zijn Rockets,2014,,Band
0tkutdvndT0RxoFEEny4w0,Magic Carpet Ride,Steppenwolf,1968,,Band
0vZzCD8Gy1w6ph5PzLctVo,Mother Earth,Within Temptation,2000,,Band
0yJqVJvhL5sKNX2VKVSz0C,Never Marry A Railroad Man,Shocking Blue,1971,,Band
0zi2KtA58cFVruffc35lHT,D'You Know What I Mean?,Oasis,1997,,Band
11ygR5HZFXjtQIF3ggvwvr,Down Man,Brainbox,2015,,Band
13dmnxOoUoTRalhVM5Uj0d,Monkey On Your Back,The Outsiders,2014,,Band
14XWXWv5FoCbFzLksawpEe,Riders on the Storm,The Doors,1971,,Band
1B8dcAjT6hJYrRYxOZMgeH,So Glad You Made It,KANE,2001,,Band
1DndHckdH9m5rp6gYP086b,Runaround Sue,Dion,1961,,Solo
1G1PfjlBwIDzuGYIrWY0FU,Ik wil jou,Polle Eduard,1979,,Solo
1GjbTNFImFrjFsNdleDe78,Never Tear Us Apart,INXS,1987,,Band
1HNE2PX70ztbEl6MLxrpNL,In Too Deep,Sum 41,2001,,Band
1KU5EHSz04JhGg3rReGJ0N,Black Velvet,Alannah Myles,1989,,Solo
1PzoM54jr13a5eUfCycMKc,Radioactive,Imagine Dragons,2012,,Band
1aeburksMVntYDRQljmhWZ,Rocket 88,Ike Turner,1951,,Solo
1b6AW6uDrtrUN0Y6GJR45j,(I Can't Get No) Satisfaction,The Rolling Stones,1965,,Band
1ene6o8cZhFe12fiWpFWtg,Dissident,Pearl Jam,2004,,Band
1gcESexgftSuLuML57Y69q,All Right Now,Free,1970,,Band
1nZ2TI2hNPGDYyesyaaASn,Love In An Elevator,Aerosmith,2007,,Band
1tQ5TSr1tyeQUbHKBee0jv,Here I Go Again,Whitesnake,1982,,Band
20I8RduZC2PWMWTDCZuuAN,Take Me Out,Franz Ferdinand,2003,,Band
20kvV0pVt7BMlW9mZQBzsT,Ik Kan Het Niet Alleen,De Dijk,1989,,Band
22ea9e9wspXjaR7qfqfsdS,Blitzkrieg Bop,Ramones,1976,,Band
25GC50HslaaruyrKjdu0lP,Your Betrayal,Bullet For My Valentine,2010,,Band
29YBihzQOmat0U74k4ukdx,Ironic,Alanis Morissette,1995,,Solo
2BiPF7tOVgriZaMCHnSC54,Iedereen Is Van De Wereld,The Scene,2007,,Band
2BzfTTmZT3kEWuWgMJWO64,Sugar Moon,DeWolff,2015,,Band
2Cdvbe2G4hZsnhNMKyGrie,I Love Rock 'N Roll,Joan Jett & the Blackhearts,1981,,Band
2DlHlPMa4M17kufBvI2lEN,Chop Suey!,System Of A Down,2001,,Band
2EMmHEhCZSMMEM85HTFJvj,My Generation,The Who,1965,,Band
2JoXjemDQe0fSmk26CpfrP,"Shake, Rattle And Roll",Bill Haley & His Comets,1955,,Band
2OARIMw1hpehr86Iwmv04c,Peggy Sue,"Buddy Holly, The Crickets",1958,,Band
2TfSHkHiFO4gRztVIkggkE,"Sugar, We're Goin Down",Fall Out Boy,2005,,Band
2UgZeV435iztRTLrUeOrtk,The Weight,The Band,1968,,Band
2aIB1CdRRG7YLBu9hNw9nR,The Beautiful People,Marilyn Manson,1996,,Band
2avaSeKHI5l4sLruVfLdi2,Burning Heart,Survivor,1985,,Band
2bPGTMB5sFfFYQ2YvSmup0,Deutschland,Rammstein,2019,,Band
2fDy68BuFDTa7UGVicym4Z,San Quentin,Nickelback,2022,,Band
2hEYslbdYWFSIA6JboUvnR,DEVIL,Shinedown,2018,,Band
2id8E4WvczfKHB4LHI7Np3,Edge of Seventeen,Stevie Nicks,1981,,Solo
2kUzt5LsTUR0ggquP7O3eN,Whatever You Want,Status Quo,1979,,Band
2lwRYAxgW2gNbMgn3Htvox,Rock 'n Roll,Gruppo Sportivo,1978,,Band
2q4EEVv6Coy1uc9wHks9mr,Easy Livin',Uriah Heep,2003,,Band
2qRZm3cGCUPK40j3g0G5cN,Hedonism (Just Because You Feel Good),Skunk Anansie,1996,,Band
31AOj9sFz2gM0O3hMARRBx,Losing My Religion,R.E.M.,1991,,Band
3CIOopLwvyMvXk97ZEksKO,Ace of Spades,Motörhead,1980,,Band
3FD3gEw8o1Kb5OPBZr8rhy,R U Kiddin' Me,Anouk,1999,,Solo
3HMY0r2BAdpasXMY8rseR0,Too Sweet,Hozier,2024,,Solo
3IV4swNduIRunHREK80owz,Rollin' (Air Raid Vehicle),Limp Bizkit,2000,,Band
3IhHkd0OPXZc6hNLD4N8Ao,The Life I Live,Q65,1966,,Band
3J9NEWkd9Cx1MwSSvDySkL,Rock the Night,Europe,1986,,Band
3MjrueDQKVr6xDDseZwhEd,Figure It Out,Royal Blood,2014,,Band
3TcadjPq0t5mCZaTsniGkN,You Can Say,Krezip,2002,,Band
3YRCqOhFifThpSRFJ1VWFM,November Rain,Guns N' Roses,1991,,Band
3dPQuX8Gs42Y7b454ybpMR,Seven Nation Army,The White Stripes,2003,,Band
3hwuHzRicnu6Ji9i1JLzor,Paranoid,Black Sabbath,1970,,Band
3jJZVeExYzVYiV6Y9Fl3DX,Plush,Stone Temple Pilots,1992,,Band
3kDr9IUhx0tHyyzaSCLLHB,The Wind Cries Mary,Jimi Hendrix,1967,,Solo
3ovjw5HZZv43SxTwApooCM,Wind Of Change,Scorpions,1990,,Band
3rSYcaSCxkKU4SpEVXQgFe,Witch Doctor,De Staat,2013,,Band
40Hx0p4YQp8aiotm6DV1mQ,Brand New Cadillac,Vince Taylor & His Playboys,2013,,Band
42GP0xKtkolBnmqQRvSllO,Welcome Home,Coheed and Cambria,2005,,Band
454I78HEySdcHE8fcVabTb,Amsterdam,Nothing But Thieves,2017,,Band
45DP2cidC1BdeIU0WmjIYY,The Worrying Kind,The Ark,2019,,Band
46FW5ZZ6fOF1WpMTEOVEHX,Runnin' with the Devil,Van Halen,1978,,Band
48JM82SHQTBYkhEYhMaOaa,She Loves You,The Beatles,1963,,Band
48UPSzbZjgc449aqz8bxox,Californication,Red Hot Chili Peppers,1999,,Band
4EchqUKQ3qAQuRNKmeIpnf,The Kids Aren't Alright,The Offspring,1998,,Band
4LJhJ6DQS7NwE7UKtvcM52,What's My Age Again?,blink-182,1999,,Band
4N6R6yqkFUTyF3AYOdR0T7,Heavy Cross,Gossip,2009,,Band
4PrUuD1F5D2h9rB6CJMOnV,Different Worlds,Vandenberg,1983,,Band
4UEo1b0wWrtHMC8bVqPiH8,Nightmare,Avenged Sevenfold,2010,,Band
4VqPOruhp5EdPBeR92t6lQ,Uprising,Muse,2009,,Band
4dC0fWZm8tU5dNdVutSMVP,Stupid Girl,Garbage,1995,,Band
4fQMGlCawbTkH9yPPZ49kP,Green Onions,Booker T. & the M.G.'s,1962,,Band
4mcZYzoGwPRDdhWVlygiHf,Refugee,Tom Petty and the Heartbreakers,1979,,Band
4p1PizAGdglm2sVvPuFPWs,Love Is A Battlefield,Pat Benatar,2001,,Solo
4pt5fDVTg5GhEvEtlz9dKk,I WANNA BE YOUR SLAVE,Måneskin,2021,,Band
4vYH0uBbpU3M5I4jSsMCW3,Alie,Normaal,2008,,Band
4wYq5wugZDzQiMZQYG4wVB,Whole Lotta Rosie,AC/DC,1977,,Band
58rFvJfLuVEFel86hkoYez,No Mercy,Racoon,2011,,Band
5G1sTBGbZT5o4PNRc75RKI,Lonely Boy,The Black Keys,2011,,Band
5UWwZ5lm5PKu6eKsHAGxOk,Everlong,Foo Fighters,1997,,Band
5Z8EDau8uNcP1E8JvmfkZe,School's Out,Alice Cooper,1972,,Solo
5a3FqAeqLGqx9UKLP5FGEv,Do You Remember,Long Tall Ernie,1994,,Band
5gb9UJkh8TfrNMRYOJNbew,Gives You Hell,The All-American Rejects,2008,,Band
5huLMzIzFEdVcvEzt2hfk1,Peaches,The Presidents Of The United States Of America,1995,,Band
5sICkBXVmaCQk5aISGR3x1,Enter Sandman,Metallica,1991,,Band
5uDhfAHUe7QtjtqxMKFaT6,Good Lookin',Vitesse,1999,,Band
5vHLwhxxlGzmClMcxRRFPr,Lithium,Nirvana,1991,,Band
5wQnmLuC1W7ATsArWACrgW,Welcome to the Black Parade,My Chemical Romance,2006,,Band
5xEM5hIgJ1jjgcEBfpkt2F,Complicated,Avril Lavigne,2002,,Solo
5zH710lFSLtkHbMkslLDjR,Crazy On You,Heart,1975,,Band
608xszaAxVh4m7NcKJiAbF,One of These Nights,Eagles,1975,,Band
60a0Rd6pjrkxjPbaKzXjfq,In the End,Linkin Park,2000,,Band
60rHc4AkLlP4XVSATvBb6K,I Miss the Misery,Halestorm,2012,,Band
61ks9qYaFaMxUGpYsl1BCF,Streets,Kensington,2014,,Band
61mWefnWQOLf90gepjOCb3,Duality,Slipknot,2004,,Band
63OQupATfueTdZMWTxW03A,Karma Police,Radiohead,1997,,Band
648BMGrt98kUbLo24A4vgj,Hip To Be Square,Huey Lewis & The News,1986,,Band
64Ny7djQ6rNJspquof2KoX,Hound Dog,Elvis Presley,1956,,Solo
6C7aTTCUWRK7dD379yUT3W,Roll Over Beethoven,Chuck Berry,1956,,Solo
6DaDCI9IuNxMp37s24Oh9F,That Day,Golden Earring,2015,,Band
6HT68UY0OFBMleqncMEEYy,Alles Of Niets,Van Dik Hout,1995,,Band
6Q2Tdekm6V449A4rT85W1k,Rock 'n Roll Junkie,Herman Brood & His Wild Romance,1978,,Band
6Qyc6fS4DsZjB2mRW9DsQs,Iris,The Goo Goo Dolls,1998,,Band
6TJa7RJhrlI4PYaBv0Nx8h,Sylvia,Focus,1972,,Band
6TgqY8Vfm4StBe8hsxi3Ti,Beast of Burden,Bette Midler,1983,,Solo
6ZOBP3NvffbU4SZcrnt1k6,Kryptonite,3 Doors Down,2000,,Band
6fNhZRFEkBfgW39W3wKARJ,Pompeii,Bastille,2013,,Band
6hvSILCCQT5a0MRcOE36zd,Footsteps,Pop Evil,2015,,Band
6mADjHs6FXdroPzEGW6KVJ,bloody valentine,mgk,2020,,Solo
6nTiIhLmQ3FWhvrGafw2zj,American Idiot,Green Day,2004,,Band
6p8eFfPw3nQkf37aT3AkmK,Fear of the Dark,Iron Maiden,1992,,Band
6sYl46pfIyrjD7Pq5AFCVD,Perfect Design,Navarone,2019,,Band
6tZdL3Zp8JgrfDbsSeSV1S,You Really Got Me,The Kinks,1964,,Band
6vUPPEN2V2lZ78b6DyEIjZ,What It's Like,Everlast,1998,,Solo
6y20BV5L33R8YXM0YuI38N,No One Knows,Queens of the Stone Age,2002,,Band
7ACxUo21jtTHzy7ZEV56vU,Crazy Train,Ozzy Osbourne,1980,,Solo
7DZGRQtTI7ARpdH9G1DIUJ,Habadabariwikidi,Urban Heroes,1981,,Band
7ItZM6DMZE2m1X7yIaRxjq,C’Mon Everybody,Eddie Cochran,1958,,Solo
7JLjdk1PX5LMBxM5zfYCQV,In the Dutch Mountains,Nits,1987,,Band
7caVpQ6X1a5ozrmiMIx5xK,Let Your Hair Hang Down,Catapult,2009,,Band
7iAqvWLgZzXvH38lA06QZg,I Want To Break Free,Queen,1984,,Band
7j2TJXhcE1aAzB6Evmgvm0,Through The Looking Glass,DI-RECT,2022,,Band
7mQTKBtkGebPMHJ2DO3HM3,Outlaw In 'Em,Waylon,2018,,Solo
7rPzEczIS574IgPaiPieS3,Another Brick In The Wall,Pink Floyd,1979,,Band
7sZTvm0Sx8umbyQViTE2Qc,Hard Rock Hallelujah,Lordi,2006,,Band
7xl2ZaOnKAxJyrkIQe2S43,Tick Tick Boom,The Hives,2007,,Band
7xq6AWv1SbPsn0wUOyISH7,Rebel Rebel,David Bowie,1974,,Solo

----------------------
Nordics Rock
----------------------

003vvx7Niy0yvhvHt4a68B,Mr. Brightside,The Killers,2003,,Band
05NYcsjJwOYq4jIiKPVj9p,Hard To Handle,The Black Crowes,1990,,Band
07GvNcU1WdyZJq3XxP0kZa,Go Your Own Way,Fleetwood Mac,1977,,Band
0COqiPhxzoWICwFCS4eZcp,Bring Me To Life,Evanescence,2003,,Band
0GTK6TesV108Jj5D3MHsYb,Owner of a Lonely Heart,Yes,1983,,Band
0HOrDVS349XFcpCYsO2hAP,You Ain't Seen Nothing Yet,Bachman-Turner Overdrive,1974,,Band
0JBQnLKfLXmlkquabLtAgd,Only for the Weak,In Flames,2000,,Band
0K6yUnIKNsFtfIpTgGtcHm,Limelight,Rush,1981,,Band
0KpTFH1SzexN8SGc0GPILC,Don't Let Me Be Misunderstood,The Animals,1965,,Band
0KzAbK6nItSqNh8q70tb0K,Where Is My Mind?,Pixies,1988,,Band
0LOo3MYjiSzIOLjSd9wZUw,Mary On A Cross,Ghost,2019,,Band
0LoQuiekvzqx7n8flgEKzF,Get It On,T. Rex,1971,,Band
0No5Hr1LxZjJHGsQSTy2bm,I Can't Dance,Genesis,1991,,Band
0PsbWiVtix5FoTZ1s00mEl,Come Sail Away,Styx,1977,,Band
0QeI79sp1vS8L3JgpEO7mD,Let's Go Crazy,Prince,1984,,Solo
0S4VR8n0KBkE6DxrjArswJ,Dark Matter,Pearl Jam,2024,,Band
0SQQBl0LIx0tzAr9gHAQXa,Glycerine,Bush,1994,,Band
0UrWr7Jnu1heq1o99ZwUd0,Youth of the Nation,P.O.D.,2001,,Band
0WIbzDVEpmOyBnqqdtqIL9,Teen Age Riot,Sonic Youth,1988,,Band
0WNGPpmWqzPnk0psUhJ3SX,All the Young Dudes,Mott The Hoople,1972,,Band
0WQiDwKJclirSYG9v5tayI,There Is a Light That Never Goes Out,The Smiths,1986,,Band
0Zp4PR3jLHfxcXdBdRLh7M,Atomic City,U2,2023,,Band
0bUgTRe5st6TMbRCEjKezX,The Last Stand,Sabaton,2016,,Band
0eKyHwckh9vQb8ncZ2DXCs,With Arms Wide Open,Creed,1999,,Band
0eV3PB3T0OxW4feG1DlOjQ,Hearts on Fire,HammerFall,2002,,Band
0fsz7tJ7UKXT9hliLfO7aE,The Distance,CAKE,1996,,Band
0gzqZ9d1jIKo9psEIthwXe,Beautiful Day,U2,2000,,Band
0hCB0YR03f6AmQaHbwWDe8,Whole Lotta Love,Led Zeppelin,1969,,Band
0hDQV9X1Da5JrwhK8gu86p,Maps,Yeah Yeah Yeahs,2003,,Band
0iA3xXSkSCiJywKyo1UKjQ,Louie Louie,Kingsmen,2006,,Band
0jvN7eQJJt4nxQzgQfZ1SP,Spirit In The Sky,Norman Greenbaum,1969,,Solo
0lCMrJdqWCwg1jGmlWpliu,Bad To The Bone,George Thorogood & The Destroyers,1982,,Band
0lfPPoWG4b3OmhieJ2YDF0,If It Makes You Happy,Sheryl Crow,1996,,Solo
0nnwn7LWHCAu09jfuH1xTA,Slide,The Goo Goo Dolls,1998,,Band
0ntQJM78wzOLVeCUAW7Y45,Sex on Fire,Kings of Leon,2008,,Band
0rUIff1QHd5zlOBtlHVqd9,Red Eyes,The War On Drugs,2014,,Band
0rmGAIH9LNJewFw7nKzZnc,You Give Love A Bad Name,Bon Jovi,1986,,Band
0sZy1HE2aGBQABHfVRQ4jB,Apache,The Shadows,1960,,Band
0sqE6XPi9VAaWl5NxDyMQK,All Over You,Live,1994,,Band
0tyR7Bu9P086aWBFZ4QJoo,Monsters (feat. blackbear),"All Time Low, blackbear",2020,,Band
0vOkmmJEtjuFZDzrQSFzEE,Hit Me With Your Best Shot,Pat Benatar,1980,,Solo
11Ojp7JniVvwd0gmgvyKkd,Wrong Side of Heaven,Five Finger Death Punch,2013,,Band
11lz5IuUrg2qVuNrGPRVq2,Love Hurts,Nazareth,1974,,Band
124Y9LPRCAz3q2OP0iCvcJ,London Calling,The Clash,1979,,Band
15BQ7vEDv2LJuh8TxWIhtd,The Passenger,Iggy Pop,1977,,Solo
17ZAZ24Eyh5fKqQ06u4R3d,You Oughta Know,Alanis Morissette,1995,,Solo
18DJQsejI5e1ZwO2wyuP2g,Death by Rock and Roll,The Pretty Reckless,2021,,Band
1BExV8JprNJLvLeDE9qdEW,It's Been Awhile,Staind,2001,,Band
1DKyFVzIh1oa1fFnEmTkIl,Gloria (feat. Van Morrison),"Them, Van Morrison",2015,,Band
1GqlvSEtMx5xbGptxOTTyk,Peace of Mind,Boston,1976,,Band
1HNE2PX70ztbEl6MLxrpNL,In Too Deep,Sum 41,2001,,Band
1HOMkjp0nHMaTnfAkslCQj,My Sharona,The Knack,1979,,Band
1IaQLINjiOCSv4INrrv0aS,Unbreakable,Stratovarius,2013,,Band
1JkZg3eMQTmTn93E8Yd3UL,I Want You to Want Me,Cheap Trick,1977,,Band
1KU5EHSz04JhGg3rReGJ0N,Black Velvet,Alannah Myles,1989,,Solo
1MHYAqWWdDRePmnqORynrq,Kathleen,Catfish and the Bottlemen,2014,,Band
1PzoM54jr13a5eUfCycMKc,Radioactive,Imagine Dragons,2012,,Band
1Q0p30HuN1ADMX2CmPzIvO,Nobody's Wife,Anouk,1997,,Solo
1UMdbkqX19OiwfExH7gzYA,Through The Fire And Flames,DragonForce,2006,,Band
1XPta4VLT78HQnVFd1hlsK,Today,The Smashing Pumpkins,1993,,Band
1YIxmHt4EKS0gMs3L0mxQV,Miss Alissa,Eagles Of Death Metal,2004,,Band
1ZDq0oRT40CkuADdE4Jvrq,Do Your Worst,Rival Sons,2019,,Band
1aZLIbKEdsyqxyD6iNcrbA,Pour Some Sugar On Me,Def Leppard,1987,,Band
1bCmvezFg5MRcENzCGG1Cy,Chelsea Dagger,The Fratellis,2006,,Band
1bp2IO61zbQrbWNmKKxg3f,The Joker,Steve Miller Band,1973,,Band
1gcESexgftSuLuML57Y69q,All Right Now,Free,1970,,Band
1i6N76fftMZhijOzFQ5ZtL,Psycho Killer,Talking Heads,1977,,Band
1nmZ8yqKkfooOuYvtFctDp,Heat Of The Moment,Asia,1982,,Band
1qRA5BS78u3gME0loMl9AA,For What It's Worth,Buffalo Springfield,1966,,Band
1rBiNR61IhvbzeKwfs3AwE,Kool-Aid,Bring Me The Horizon,2024,,Band
1sXdW94CrEIrYdbfON4Sxt,Amaranth,Nightwish,2007,,Band
1uCqIhOePc6hDMG2ijk8sp,Little Miss Can't Be Wrong,Spin Doctors,1991,,Band
1vcxF91pWs9uNwDROuiCPB,Savior,Rise Against,2008,,Band
1x1XQqhBViz4opcpwc7FVs,Reelin' In The Years,Steely Dan,1972,,Band
1xKQbqQtQWrtQS47fUJBtl,Piece of My Heart,"Big Brother & The Holding Company, Janis Joplin",1968,,Band
1xsYj84j7hUDDnTTerGWlH,Dream On,Aerosmith,1973,,Band
1yc53HK08sDab7PDFgnLWk,Laid to Rest,Lamb of God,2004,,Band
1yjY7rpaAQvKwpdUliHx0d,Still into You,Paramore,2013,,Band
20I8RduZC2PWMWTDCZuuAN,Take Me Out,Franz Ferdinand,2003,,Band
21Qsj3cMVCx2xF2EVVNbEu,Fell In Love With a Girl,The White Stripes,2001,,Band
21rYCEejlfM0LYRlfzxGeM,Call Me What You Like,Lovejoy,2023,,Band
25GC50HslaaruyrKjdu0lP,Your Betrayal,Bullet For My Valentine,2010,,Band
28sMmBCmfHoy6NjZnovEYG,Balls to the Wall,Accept,1983,,Band
29uKzagduhFDTWPCjqaGOg,Gimme All Your Lovin',ZZ Top,1983,,Band
2AxCeJ6PSsBYiTckM0HLY7,Voodoo Child (Slight Return),Jimi Hendrix,1968,,Solo
2DlHlPMa4M17kufBvI2lEN,Chop Suey!,System Of A Down,2001,,Band
2EC9IJj7g0mN1Q5VrZkiYY,Rebel Rebel,David Bowie,1974,,Solo
2EoOZnxNgtmZaD8uUmz2nD,Black Hole Sun,Soundgarden,1994,,Band
2F8Glc7r4mHHSCEegD4Ju1,Gypsy Road,Cinderella,1988,,Band
2IvNxLl01CTAfCOA103Tgx,No One's Gonna Love You,Band of Horses,2007,,Band
2KVwlelhxKUy8LVV6JypH3,Push,Matchbox Twenty,1996,,Band
2LawezPeJhN4AWuSB0GtAU,Have You Ever Seen The Rain,Creedence Clearwater Revival,1970,,Band
2OARIMw1hpehr86Iwmv04c,Peggy Sue,"Buddy Holly, The Crickets",1958,,Band
2PnlsTsOTLE5jnBnNe2K0A,The Emptiness Machine,Linkin Park,2024,,Band
2QQDH8gt4nyxFu2XX6bhG8,Judas,Fozzy,2017,,Band
2QjOHCTQ1Jl3zawyYOpxh6,Sweater Weather,The Neighbourhood,2013,,Band
2Quz6deYulrojpI9Bi3lXl,Princess of the Night,Saxon,1981,,Band
2RaA6kIcvomt77qlIgGhCT,Breaking the Law,Judas Priest,1980,,Band
2Srd8Jgif3kc6ou6Z4pSYJ,Every You Every Me,Placebo,1998,,Band
2TfSHkHiFO4gRztVIkggkE,"Sugar, We're Goin Down",Fall Out Boy,2005,,Band
2UREu1Y8CO4jXkbvqAtP7g,Monster,Skillet,2009,,Band
2UgZeV435iztRTLrUeOrtk,The Weight,The Band,1968,,Band
2V4Bc2I962j7acQj1N0PiQ,Celebrity Skin,Hole,1998,,Band
2ZTIw0fZhFp3nnvF41nvVc,Rebel Yell,Billy Idol,1983,,Solo
2aIB1CdRRG7YLBu9hNw9nR,The Beautiful People,Marilyn Manson,1996,,Band
2aJSaIEowroNh5jq4aADHT,This Is My Life,Gasolin',1976,,Band
2avaSeKHI5l4sLruVfLdi2,Burning Heart,Survivor,1985,,Band
2f0P7iELCvAlV8j6Z3rGDE,Stranglehold,Ted Nugent,1975,,Solo
2fDy68BuFDTa7UGVicym4Z,San Quentin,Nickelback,2022,,Band
2hEYslbdYWFSIA6JboUvnR,DEVIL,Shinedown,2018,,Band
2id8E4WvczfKHB4LHI7Np3,Edge of Seventeen,Stevie Nicks,1981,,Solo
2kUzt5LsTUR0ggquP7O3eN,Whatever You Want,Status Quo,1979,,Band
2mHchPRtQWet3iIS3jANr1,God Save The Queen,Sex Pistols,1977,,Band
2pcwmk8c1pTYwX0COSVX52,Woman,Wolfmother,2005,,Band
2q4EEVv6Coy1uc9wHks9mr,Easy Livin',Uriah Heep,2003,,Band
2qJkesdHu9sMMVFgkRkqhQ,Angel,Theory of a Deadman,2014,,Band
2qRZm3cGCUPK40j3g0G5cN,Hedonism (Just Because You Feel Good),Skunk Anansie,1996,,Band
2udGjDmpK1dH9VGyw7nrei,Cocaine,Eric Clapton,1977,,Solo
2z71jdeVcC782NgsYZ6N8q,Paranoid,Black Sabbath,1970,,Band
2zYzyRzz6pRmhPzyfMEC8s,Highway to Hell,AC/DC,1979,,Band
305WCRhhS10XUcH6AEwZk6,Are You Gonna Be My Girl,Jet,2003,,Band
30nMLzkQRmj7iHtW3t8KfK,Devil Is A Loser,Lordi,2002,,Band
31AOj9sFz2gM0O3hMARRBx,Losing My Religion,R.E.M.,1991,,Band
35iLpqqQg4KrfYAzbvN1vH,New Noise,Refused,1998,,Band
37Tmv4NnfQeb0ZgUC4fOJj,Sultans Of Swing,Dire Straits,1978,,Band
3AJwUDP919kvQ9QcozQPxg,Yellow,Coldplay,2000,,Band
3APHT3KjbHi9OllkVQsuXF,Bohemian Like You,The Dandy Warhols,2000,,Band
3AhXZa8sUQht0UEdBJgpGc,Like a Rolling Stone,Bob Dylan,1965,,Solo
3CIOopLwvyMvXk97ZEksKO,Ace of Spades,Motörhead,1980,,Band
3EYOJ48Et32uATr9ZmLnAo,Roxanne,The Police,1978,,Band
3EomK9rNYn6zSle7sMNSde,The Best,Bonnie Tyler,1988,,Solo
3FI0iAAAjmR31xpZEwbdys,Circle With Me,Spiritbox,2021,,Band
3GfOAdcoc3X5GPiiXmpBjK,Song 2,Blur,1997,,Band
3HMY0r2BAdpasXMY8rseR0,Too Sweet,Hozier,2024,,Solo
3IV4swNduIRunHREK80owz,Rollin' (Air Raid Vehicle),Limp Bizkit,2000,,Band
3IjrDeaVRFEi3GgHI5xyjX,Detroit Rock City,KISS,1976,,Band
3IyCL4Em1GOpNGDf451Hg1,Could Have Been Me,The Struts,2014,,Band
3J9NEWkd9Cx1MwSSvDySkL,Rock the Night,Europe,1986,,Band
3KLkRy9l3us98SIp6mmxkk,No Cigar,Millencolin,2000,,Band
3KPwt1LBpt1jVSHz8GXERo,Feel like Makin' Love,Bad Company,1975,,Band
3MjrueDQKVr6xDDseZwhEd,Figure It Out,Royal Blood,2014,,Band
3OUExRnXWXzMc5sJ39u7ru,Slow Ride,Foghat,1975,,Band
3X1usZ9bRwbyEjAnkLAJWO,Drop Dead Cynical,Amaranthe,2014,,Band
3Xfg7AegXaDLoD5GOUMf2e,My Demons,STARSET,2014,,Band
3YuaBvuZqcwN3CEAyyoaei,Like a Stone,Audioslave,2002,,Band
3cfOd4CMv2snFaKAnMdnvK,All Star,Smash Mouth,1999,,Band
3i6qNxyVgIdUZTTi5m25EM,Bitch,Meredith Brooks,1997,,Solo
3jJZVeExYzVYiV6Y9Fl3DX,Plush,Stone Temple Pilots,1992,,Band
3mXexrmtPJ1KdWN37rYePx,I Get Around,The Beach Boys,1964,,Band
3mwvKOyMmG77zZRunnxp9E,Buddy Holly,Weezer,1994,,Band
3ogbNolvuLnFZRbfykTfIs,Itchycoo Park,Small Faces,1967,,Band
3ovjw5HZZv43SxTwApooCM,Wind Of Change,Scorpions,1990,,Band
3qLZ866ZfaK0B0R5FIqXLG,She Sells Sanctuary,The Cult,1985,,Band
3qiyyUfYe7CRYLucrPmulD,Baba O'Riley,The Who,1971,,Band
3sryjPEihgzXH84vu943pX,Rescue Me,Bell Book & Candle,1997,,Band
3u6v1F9EQqYFaCAou7ipzN,Runaround Sue,Dion,1961,,Solo
3vV3cr2TpPqFk07zxYUbla,Cum on Feel the Noize,Quiet Riot,1983,,Band
40Hx0p4YQp8aiotm6DV1mQ,Brand New Cadillac,Vince Taylor & His Playboys,2013,,Band
40riOy7x9W7GXjyGp4pjAv,Hotel California,Eagles,1976,,Band
40rvBMQizxkIqnjPdEWY1v,Down with the Sickness,Disturbed,2000,,Band
42GP0xKtkolBnmqQRvSllO,Welcome Home,Coheed and Cambria,2005,,Band
42et6fnHCw1HIPSrdPprMl,Semi-Charmed Life,Third Eye Blind,1997,,Band
43DeSV93pJPT4lCZaWZ6b1,The Boys Are Back In Town,Thin Lizzy,1976,,Band
44NRdYQw7P0GWuiunRv3hr,I Stand Alone,Godsmack,2003,,Band
454I78HEySdcHE8fcVabTb,Amsterdam,Nothing But Thieves,2017,,Band
45DP2cidC1BdeIU0WmjIYY,The Worrying Kind,The Ark,2019,,Band
45Ia1U4KtIjAPPU7Wv1Sea,Are You Gonna Go My Way,Lenny Kravitz,1993,,Solo
45ghY6i6XTeHuOEtG1HwrQ,Keep On Running,The Spencer Davis Group,1965,,Band
48JM82SHQTBYkhEYhMaOaa,She Loves You,The Beatles,1963,,Band
48UPSzbZjgc449aqz8bxox,Californication,Red Hot Chili Peppers,1999,,Band
4CeeEOM32jQcH3eN9Q2dGj,Smells Like Teen Spirit,Nirvana,1991,,Band
4DMKwE2E2iYDKY01C335Uw,Carry on Wayward Son,Kansas,1976,,Band
4EchqUKQ3qAQuRNKmeIpnf,The Kids Aren't Alright,The Offspring,1998,,Band
4IiEsxrgzIMdqoN3dwxk6g,Rocket 88,Ike Turner,1951,,Solo
4KcH1ZRV2W1q7Flq0QqC76,Blitzkrieg Bop,Ramones,1976,,Band
4KfSdst7rW39C0sfhArdrz,Barracuda,Heart,1977,,Band
4KspXoCVJXGY1VrvEe1Hdm,Don't Look Back into the Sun,The Libertines,2003,,Band
4LJhJ6DQS7NwE7UKtvcM52,What's My Age Again?,blink-182,1999,,Band
4N6R6yqkFUTyF3AYOdR0T7,Heavy Cross,Gossip,2009,,Band
4ReyTz0y3TGkX48wO3Llot,Epic,Faith No More,1989,,Band
4UEo1b0wWrtHMC8bVqPiH8,Nightmare,Avenged Sevenfold,2010,,Band
4VqPOruhp5EdPBeR92t6lQ,Uprising,Muse,2009,,Band
4aVuWgvD0X63hcOCnZtNFA,Hold the Line,TOTO,1978,,Band
4c4jJJoaiY21t2TyRZgdWS,Magic Carpet Ride,Steppenwolf,1968,,Band
4dC0fWZm8tU5dNdVutSMVP,Stupid Girl,Garbage,1995,,Band
4eAwB5pnKFTmsgc3zWoYO0,Fake It,Seether,2007,,Band
4fQMGlCawbTkH9yPPZ49kP,Green Onions,Booker T. & the M.G.'s,1962,,Band
4fiOTntQKr24p07FvQDHZE,Raining Blood,Slayer,1986,,Band
4pt5fDVTg5GhEvEtlz9dKk,I WANNA BE YOUR SLAVE,Måneskin,2021,,Band
4tvBoSWeIW0bjhKNre5mod,Thunder Kiss '65,White Zombie,1992,,Band
4uGIJG1jYFonGc4LGp5uQL,Somebody to Love,Jefferson Airplane,1967,,Band
4vO9dmzNRqDhFY3jD1a3P7,Mississippi Queen,Mountain,1970,,Band
507IFqPuG8mBQoKebfGG9t,Long Tall Sally (The Thing),Little Richard,1957,,Solo
51TG9W3y9qyO8BY5RXKgnZ,Symphony Of Destruction,Megadeth,1992,,Band
51XrhhPlt1smLatJgcBrUb,Biggest & the Best,Clawfinger,1997,,Band
53h1ZSLWi8hVWF9DWKNXVh,Die By The Blade,Beast In Black,2019,,Band
55mJleti2WfWEFNFcBduhc,Schism,TOOL,2001,,Band
57460SJgSpCXaRJ9YIYHxy,Going Up The Country,Canned Heat,1968,,Band
57P8gH8rjt4OqEoqzut1bL,Round and Round,Ratt,1984,,Band
59WN2psjkt1tyaxjspN8fp,Killing In The Name,Rage Against The Machine,1992,,Band
5B5eTk7DF8KVp1zpQoY1XY,The Reason,Hoobastank,2003,,Band
5CPXR6lDTvngxtmMZxnWmC,Pull Me Under,Dream Theater,1992,,Band
5CTc5YCNKT5FGe9dWvJZFd,Minus Celsius,Backyard Babies,2003,,Band
5EOoMWIB9iK4ZpcSex9Ec7,Old Time Rock & Roll,Bob Seger,1978,,Solo
5EWPGh7jbTNO2wakv8LjUI,Free Bird,Lynyrd Skynyrd,1973,,Band
5FQ2oC15Omm9sdBZVQTPjw,Living in America,The Sounds,2002,,Band
5FVd6KXrgO9B3JPmC8OPst,Do I Wanna Know?,Arctic Monkeys,2013,,Band
5G1sTBGbZT5o4PNRc75RKI,Lonely Boy,The Black Keys,2011,,Band
5KpYYRnknZ4rKOk6NYLEjZ,By The Grace Of God,The Hellacopters,2002,,Band
5MMnwYs0hIxkENRsbkWJ2G,Smoke On The Water,Deep Purple,1972,,Band
5NLuC70kZQv8q34QyQa1DP,Fight For Your Right,Beastie Boys,1986,,Band
5Ng6UbryNd3eds2zQk9MUf,Spellbound,Siouxsie and the Banshees,1981,,Band
5ObemyuL5dhT67hyz1iWlA,I Want Out,Helloween,1988,,Band
5QTxFnGygVM4jFQiBovmRo,(Don't Fear) The Reaper,Blue Öyster Cult,1976,,Band
5T8EDUDqKcs6OSOwEsfqG7,Don't Stop Me Now,Queen,1978,,Band
5UWwZ5lm5PKu6eKsHAGxOk,Everlong,Foo Fighters,1997,,Band
5UuikgHTxSRFRnC0zXx10i,Aqualung,Jethro Tull,1971,,Band
5W8YXBz9MTIDyrpYaCg2Ky,Last Resort,Papa Roach,2000,,Band
5Z8EDau8uNcP1E8JvmfkZe,School's Out,Alice Cooper,1972,,Solo
5ZdzNVOmCSp5HFLk0EgvJS,Dirty Little Secret,The All-American Rejects,2005,,Band
5ZuXgk0enEvv2HlnUe2rj3,Sleeping My Day Away,D-A-D,1989,,Band
5bU4KX47KqtDKKaLM4QCzh,Die MF Die,Dope,1999,,Band
5huLMzIzFEdVcvEzt2hfk1,Peaches,The Presidents Of The United States Of America,1995,,Band
5kz9GDBTX846OXwqWoyKzF,We Got The Beat,The Go-Go's,1981,,Band
5lWRaa0fBxDE5yU91npPq7,Just A Girl,No Doubt,1995,,Band
5mc6EyF1OIEOhAkD0Gg9Lc,Closer,Nine Inch Nails,1994,,Band
5qFxuUIAwJlzO60vqOiL7y,Rainbow In The Dark,Dio,1983,,Band
5sICkBXVmaCQk5aISGR3x1,Enter Sandman,Metallica,1991,,Band
5tVA6TkbaAH9QMITTQRrNv,Free Fallin',Tom Petty,1989,,Solo
5uvosCdMlFdTXhoazkTI5R,Light My Fire,The Doors,1967,,Band
5wQnmLuC1W7ATsArWACrgW,Welcome to the Black Parade,My Chemical Romance,2006,,Band
5xA9VxfWPaJ3Ivspz3JRLh,Double Nature,Mustasch,2007,,Band
5xEM5hIgJ1jjgcEBfpkt2F,Complicated,Avril Lavigne,2002,,Solo
5z2Gef9D3UgRquZXe7UUW4,"Shake, Rattle And Roll",Bill Haley & His Comets,1955,,Band
5z6xHjCZr7a7AIcy8sPBKy,Smooth Criminal,Alien Ant Farm,2001,,Band
60a0Rd6pjrkxjPbaKzXjfq,In the End,Linkin Park,2000,,Band
60rHc4AkLlP4XVSATvBb6K,I Miss the Misery,Halestorm,2012,,Band
61ks9qYaFaMxUGpYsl1BCF,Streets,Kensington,2014,,Band
61mWefnWQOLf90gepjOCb3,Duality,Slipknot,2004,,Band
62nQ8UZVqR2RMvkJHkcO2o,Jeremy,Pearl Jam,1991,,Band
63OQupATfueTdZMWTxW03A,Karma Police,Radiohead,1997,,Band
63T7DJ1AFDD6Bn8VzG6JE8,"Paint It, Black",The Rolling Stones,1966,,Band
648BMGrt98kUbLo24A4vgj,Hip To Be Square,Huey Lewis & The News,1986,,Band
64Ny7djQ6rNJspquof2KoX,Hound Dog,Elvis Presley,1956,,Solo
65HA9FsYyA2xro9RzNlNmy,Kickstart My Heart,Mötley Crüe,1989,,Band
672N8DGGTOLCOgWe0koX5g,I Wanna Be Your Dog,The Stooges,1969,,Band
67iAlVNDDdddxqSD2EZhFs,I'm Gonna Be (500 Miles),The Proclaimers,1988,,Band
6C7aTTCUWRK7dD379yUT3W,Roll Over Beethoven,Chuck Berry,1956,,Solo
6FRwDxXsvSasw0y2eDArsz,Sunshine Of Your Love,Cream,1967,,Band
6GG73Jik4jUlQCkKg9JuGO,The Middle,Jimmy Eat World,2001,,Band
6GGfYfQlQhHidVOJO1tNgK,Space Lord,Monster Magnet,1998,,Band
6QyBIZEvs11K9lKjyLYtv6,Take It Off,The Donnas,2003,,Band
6TgqY8Vfm4StBe8hsxi3Ti,Beast of Burden,Bette Midler,1983,,Solo
6W21LNLz9Sw7sUSNWMSHRu,Freak On a Leash,Korn,1998,,Band
6Wi8Byfq6xH0lEkqZbOZg9,Won’t Stand Down,Muse,2022,,Band
6WpLICh9bBL5C4DPjdK4XF,The Ballroom Blitz,Sweet,1974,,Band
6ZOBP3NvffbU4SZcrnt1k6,Kryptonite,3 Doors Down,2000,,Band
6crBy2sODw2HS53xquM6us,Tribute,Tenacious D,2001,,Band
6eN1f9KNmiWEhpE2RhQqB5,Paradise City,Guns N' Roses,1987,,Band
6fEztciYVlIyWTBe66clVj,All My Friends Are Dead,Turbonegro,2005,,Band
6fNhZRFEkBfgW39W3wKARJ,Pompeii,Bastille,2013,,Band
6fybp4N6eW3bsFAvARxyVe,Ain't Talkin' 'Bout Love,Van Halen,1978,,Band
6gZVQvQZOFpzIy3HblJ20F,Man in the Box,Alice In Chains,1990,,Band
6hTcuIQa0sxrrByu9wTD7s,Born to Run,Bruce Springsteen,1975,,Solo
6hvSILCCQT5a0MRcOE36zd,Footsteps,Pop Evil,2015,,Band
6kooDsorCpWVMGc994XjWN,Black Betty,Ram Jam,1977,,Band
6mADjHs6FXdroPzEGW6KVJ,bloody valentine,mgk,2020,,Solo
6nTiIhLmQ3FWhvrGafw2zj,American Idiot,Green Day,2004,,Band
6oRHRkQigTzJ3KwpO3XOV6,Bye Bye Love,The Everly Brothers,1957,,Band
6p8eFfPw3nQkf37aT3AkmK,Fear of the Dark,Iron Maiden,1992,,Band
6pNVhq4m3S9iNRxpwmVQZm,Stuck In The Middle With You,Stealers Wheel,1972,,Band
6rUp7v3l8yC4TKxAAR5Bmx,I Hate Everything About You,Three Days Grace,2003,,Band
6tZdL3Zp8JgrfDbsSeSV1S,You Really Got Me,The Kinks,1964,,Band
6tunhVGD8C05MZNjSVIsjw,It Never Rains in Southern California,Albert Hammond,1972,,Solo
6vUPPEN2V2lZ78b6DyEIjZ,What It's Like,Everlast,1998,,Solo
6w8dBm5KlXxWejYrbGS1EJ,I Wanna Be Somebody,W.A.S.P.,1984,,Band
6wO13Xb3EdHUNixFOEJ0KV,Whole Lot of Shakin' Going On,Jerry Lee Lewis,1957,,Solo
6xq5DxZWGgdStAxGAil0yw,Since You Been Gone,Rainbow,1979,,Band
6y20BV5L33R8YXM0YuI38N,No One Knows,Queens of the Stone Age,2002,,Band
70Z9t1qhytWtG4cCmmi7mU,I Wanna Rock,Twisted Sister,1984,,Band
71SvEDmsOwIWw1IozsZoMA,Any Way You Want It,Journey,1980,,Band
76BYv24CcZt2u94JRjmATX,Madhouse,Anthrax,1985,,Band
78FzQfooQzB43sGzlpI2At,Is This Love,Whitesnake,1987,,Band
7ACxUo21jtTHzy7ZEV56vU,Crazy Train,Ozzy Osbourne,1980,,Solo
7Ar4G7Ci11gpt6sfH9Cgz5,Listen to the Music,The Doobie Brothers,1972,,Band
7C794YeXiiSdlvGLxgabkd,21st Century (Digital Boy),Bad Religion,1990,,Band
7CpbhqKUedOIrcvc94p60Y,Bodies,Drowning Pool,2001,,Band
7EZC6E7UjZe63f1jRmkWxt,Zombie,The Cranberries,1994,,Band
7FxmsmphMyy09gdqGHeqFC,Man Must Dance,Johnossi,2006,,Band
7GSwMCEpyPiG5xKAQZX09x,Maggie May,Rod Stewart,1971,,Solo
7HZv4KAYOv867dAiZwrFoR,Only the Lonely (Know the Way I Feel),Roy Orbison,1960,,Solo
7ItZM6DMZE2m1X7yIaRxjq,C’Mon Everybody,Eddie Cochran,1958,,Solo
7LygtNjQ65PSdzVjUnHXQb,Cherry Pie,Warrant,1990,,Band
7Me0vOSlJfaPY7Pc4GeItd,Marquee Moon,Television,1977,,Band
7aOor99o8NNLZYElOXlBG1,Highway Tune,Greta Van Fleet,2017,,Band
7bOYOD0d7ByMTXvJnQVl8d,Maria,Blondie,1999,,Band
7cdnq45E9aP2XDStHg5vd7,Cherry Bomb,The Runaways,1976,,Band
7fcfNW0XxTWlwVlftzfDOR,Walk,Pantera,1992,,Band
7iFdUmdqT9XrsJdSGf9KrX,Twist And Shout,The Isley Brothers,1962,,Band
7kF1iPJTj3VFJX9XokQ80F,Slither,Velvet Revolver,2004,,Band
7kzKAuUzOITUauHAhoMoxA,Last Nite,The Strokes,2001,,Band
7nnWIPM5hwE3DaUBkvOIpy,Drive,Incubus,1999,,Band
7nsO4eXkY7DvrWbjYUDLJS,Still Counting,Volbeat,2008,,Band
7ppPZa3TRUSGKaks9wH7VT,Don't Look Back In Anger,Oasis,1995,,Band
7pu8AhGUxHZSCWTkQ2eb5M,Bad Reputation,Joan Jett & the Blackhearts,1981,,Band
7rYSaTuE60HiGRnytFcSIc,The Gang's All Here,Skid Row,2022,,Band
7vidktgNZFQylTgH1GEnMs,Cold as Ice,Foreigner,1977,,Band
7xl2ZaOnKAxJyrkIQe2S43,Tick Tick Boom,The Hives,2007,,Band

----------------------
Polonia Rock
----------------------

07KPw1ymtT6UKE85E1KVmt,Damy radę,Happysad,2007,,Band
086myS9r57YsLbJpU0TgK9,Why'd You Only Call Me When You're High?,Arctic Monkeys,2013,,Band
09KeTKED0v9wAlklZB7SxO,Ostatni skaut,Farben Lehre,2005,,Band
09ttHg3ZNVgDlYBZa1ZBw0,Starburster,Fontaines D.C.,2024,,Band
0AJhcuRl3i1FfPNr88ZScv,You're in Love with a Psycho,Kasabian,2017,,Band
0AqjkVFqa1ujle4Lb1k9wR,The Ocean,Led Zeppelin,1973,,Band
0BIinvAbW4ka0Hb9i8DBLT,Kochaj,Krzysztof Zalewski,2024,,Solo
0Bs0hUYxz7REyIHH7tRhL2,Helter Skelter,The Beatles,1968,,Band
0CBj18X3J7MabwDqKeMxuo,A Wszystko To...(Bo Ciebie Kocham),Ich Troje,1999,,Band
0CoBBrYaYakVR5udImOpxe,Sen,Edyta Bartosiewicz,1999,,Solo
0Edz7VB0AliCkoEL2XRYIi,Do Wah Diddy Diddy,Manfred Mann,1964,,Band
0Fpr5zRV71alMXUm87D9jZ,Wizje,Velow,2023,,Solo
0GGBbTRykhCdxCcUoIvXg7,Hit The Road Jack,Acid Drinkers,2010,,Band
0I4yYE831a8SW8QIx6bz4x,Crimson & Clover,Tommy James & The Shondells,1968,,Band
0IXpUl1fn2QZcBavfuq0H4,Living After Midnight,Judas Priest,1980,,Band
0JEuRJsbg8WgKpBZcPUPwf,Środa Czwartek,Video,2011,,Band
0Ln5tJyLX5qusquBOtq7wf,Fire,Kasabian,2009,,Band
0PGiQOCg6GvT2AfswuMXrN,Kto Cie Obroni Polsko,KSU,2011,,Band
0QwZfbw26QeUoIy82Z2jYp,Good Times Bad Times,Led Zeppelin,1969,,Band
0RDtSUp5LbwbudPvsy1LjO,Dziewczyna z kebabem,Nocny Kochanek,2017,,Band
0WLfn2CDPTIStJHkQF3jP4,Weź,Michał Sołtan,2021,,Solo
0WSa1sucoNRcEeULlZVQXj,Can You Feel My Heart,Bring Me The Horizon,2013,,Band
0YGZ0ckdrBHcr0HvOHMzKF,W Deszczu Nie Widać Łez,Łzy,2025,,Band
0Yx12GKQAyGoBdFT5Jfjyl,Agnieszka Już Dawno...,Łzy,2024,,Band
0cJPLFrlV7TTCyPLupHzcH,Won't Get Fooled Again,The Who,1971,,Band
0dlTGl67UFWcKupzkxZYOn,You Could Be Mine,Guns N' Roses,1991,,Band
0i1RTnH2Lj5gTDRU5wtyT2,Over the Mountain,Ozzy Osbourne,1981,,Solo
0knbMPVHpFbsx38pLoYSRs,Hysteria,Muse,2003,,Band
0mmWenNYPent9CDG3Gvk4B,Nowa Aleksandria,Siekiera,1986,,Band
0pERqpW8t9AaAR5qHAYbHU,Oko za oko,Proletaryat,2015,,Band
0qFCKeuCWUwP4j53nfZepJ,Warszawa,T.Love,2017,,Band
0qPLNGJhvrhuuayoKhTR3B,Black Holes (Solid Ground),The Blue Stones,2018,,Band
0tXTD9ZfYT8vtbCqpZOAoS,Kto ma dziś czas,Nurt,1973,,Band
0vtPqHiIdhML3llXfHYP54,Nie mów nikomu,Michał Sołtan,2022,,Solo
0w41YUxRm0PQh33RXGERT1,Krajobrazy,Trubadurzy,1968,,Band
0wESZs7gN7TvfDbVP0w3Aw,Cold Hard Bitch,Jet,2003,,Band
0wJoRiX5K5BxlqZTolB2LD,Purple Haze,Jimi Hendrix,1967,,Solo
10FF8Hz8xuYI59SzdgrQxd,To Żal Że Żyjesz,Kasia Kowalska,1999,,Solo
12OV9e97TVkKb33cPqVSOj,Poszłabym za tobą,Breakout,1969,,Band
12Unlugp6dSFNSRgj3tlAr,Manhattan (First We Take Manhattan),"Enrique Morente, Lagartija Nick, Estrella Morente, Cañizares",2016,,Band
12bykx9GUbP73kO4xwPzDn,Rudy rydz,Helena Majdaniec,1963,,Solo
15y4DntYgKMB2uWjKrLVn1,Mars napada,Kazik,2000,,Solo
17RsOXFyX4Lq5NBLYanZJS,Nie mam żalu,"Renata Przemyk, Artur Andrus",2020,,Band
18sM7A95jQugA982HWRJoe,Noc komety,Felicjan Andrzejczak,2013,,Solo
1AX6JF60dp0xLZGWbezgMs,Blues Beatdown,Acid Drinkers,2008,,Band
1GalxUpSNXpCUOmVrk3rMW,Preludium,Sweet Noise,2003,,Band
1HwpRY0CxegwjcEP3YOzil,Cienie (feat. Swiernalis),"Żurkowski, Swiernalis",2022,,Band
1Jv4QCr9kFv9uVRLwg3d1W,Bez Słów,Cheap Tobacco,2024,,Band
1NZU0xJmGOhTp7adQtzUNO,Butelki z benzyna i kamienie,Cool Kids Of Death,2002,,Band
1PGfufH63EaaMVxu8ik0qZ,"To co czujesz, to co wiesz",Brygada Kryzys,2000,,Band
1Q5kgpp4pmyGqPwNBzkSrw,Roadhouse Blues,The Doors,1970,,Band
1QEEqeFIZktqIpPI4jSVSF,More Than a Feeling,Boston,1976,,Band
1TqrTK2LDT9ZO79EhrRSFP,HYMN,Luxtorpeda,2012,,Band
1XTGyfJeMiZXrZ1W3NolcB,Know Your Enemy,Rage Against The Machine,1992,,Band
1Ym3JWJG8HFJU2NbXavZ6a,Sugar,System Of A Down,1998,,Band
1aPC8XmFJccCr9tDQtR8vM,Pola,Muniek Staszczyk,2019,,Solo
1dH2tDZjiqirUXbn9jQK7l,TUŻ PRZED PÓŁNOCĄ (feat. KRÓL),"WaluśKraksaKryzys, KRÓL",2021,,Band
1eivMnftGIAIeTDUfTssVX,Welcome to the DCC,Nothing But Thieves,2023,,Band
1f3C0tSFKsjcflvMCa3X27,Zawsze tam gdzie Ty,Lady Pank,1990,,Band
1iW2ktyrQHNKZwFTvgP0Ta,Burn,Deep Purple,1974,,Band
1jMaB19DiVR8OihLSuYFOt,Spoonman,Soundgarden,1994,,Band
1jq28NGw6wdtFKx8MBPy6C,Burn It to the Ground,Nickelback,2008,,Band
1lATXTBJDHwawvT1UfxWu3,The Pot,TOOL,2006,,Band
1lO4bw92wjUTS9xwWumWgH,Nie Daj Mi Odejść,IRA,2012,,Band
1qfdguvTk1xa0GgODi37yJ,Killed by Death,Motörhead,1984,,Band
1ruDMWJJSz1sceqdY6zsIX,Zawsze Z Toba Chcialbym Byc... (Przez Miesiac :) ),Ich Troje,2001,,Band
1teL5em5cNGwVS4l5f8wjg,Mystify,INXS,1987,,Band
1wRDfCPE3iXcqzwopT2PkC,Zgubiłem się,Velow,2025,,Solo
1wqbsBYM3yGsIB429f7bsc,King,T.Love,1992,,Band
1wrhhPzd2ncJPNgUcGgBGg,Machinehead,Bush,1994,,Band
1yuG3GDALzR12t1VtgOnch,Koszmarny sen,TSA,1984,,Band
238V8JxgexNSjEa6xBOfqX,Nie zadzieraj z Polakami,Dzienny Małżonek,2025,,Solo
23kMX2ZshO5ydoZ81Ew06W,Zasady gry,Tadeusz Nalepa,1988,,Solo
250dZY8xYbhHGQpM6bgL52,In The City,The Jam,1977,,Band
26bU3gq9oSZgFhSH0CP8uK,Of the Sun,Trupa Trupa,2019,,Band
289XiYXIDMAlwQfNHmMyje,I nikomu nie wolno się z tego śmiać,Kobranocka,2003,,Band
2Bi0JWdxDMaKPanNofJSdL,I'm a Man,The Yardbirds,1965,,Band
2EC9IJj7g0mN1Q5VrZkiYY,Rebel Rebel,David Bowie,1974,,Solo
2EPr9Wx7e1cpGEbNAtuN7x,Surfin' U.S.A.,The Beach Boys,1963,,Band
2KN0QWR0aGkNhEasgzLc1B,Dziwny jest ten świat,Niemen,1967,,Solo
2LXISHBkx8FyoxCBkckh19,Do It Again,Steely Dan,1972,,Band
2MfrET7Nc3StKQcGoZKqr9,21st Century Schizoid Man,King Crimson,1969,,Band
2PFIZFcGry0po3ZfRZkzKc,Hysteria,Def Leppard,1987,,Band
2PjVPVCEv1pFBz4TQatRtF,"Mamo, Nasza Mamo",Niebiesko-Czarni,1963,,Band
2SHTKB8YYlawTGIuJ2b2ok,About A Girl,Nirvana,1989,,Band
2SgbR6ttzoNlCRGQOKjrop,Cowboys from Hell,Pantera,1990,,Band
2UREu1Y8CO4jXkbvqAtP7g,Monster,Skillet,2009,,Band
2VnXWH2apfJHjNkQavoNoW,Hammer To Fall,Queen,1984,,Band
2XVWC7GxUBNQztEEV85Dit,XXI Wiek,Edyta Bartosiewicz,1999,,Solo
2YAhcArj5MkVeLIC4K4UFb,Złoto,Mrozu,2022,,Solo
2ZMI0QNoqU9fQZFirR9WpK,When The Curtain Falls,Greta Van Fleet,2018,,Band
2a1iMaoWQ5MnvLFBDv4qkf,High and Dry,Radiohead,1995,,Band
2d4e45fmUnguxh6yqC7gNT,Dirty Deeds Done Dirt Cheap,AC/DC,1976,,Band
2hDayaNHryhRklaVBJqdqg,Pod Prąd,KSU,1998,,Band
2hGoQDsx1w6C5QKxgpTFVs,Tli Się,Voo Voo,2014,,Band
2k1yPYf9WGA4LiqcLVwtzn,Another One Bites The Dust,Queen,1980,,Band
2kSzRaluoKmclhTq5Ju6YD,Oi! Młodzież,The Analogs,1996,,Band
2mHchPRtQWet3iIS3jANr1,God Save The Queen,Sex Pistols,1977,,Band
2naBVHNHinneXOYmczG7xE,Killing Strangers,Marilyn Manson,2015,,Band
2oSpQ7QtIKTNFfA08Cy0ku,It's The End Of The World As We Know It (And I Feel Fine),R.E.M.,1987,,Band
2oaK4JLVnmRGIO9ytBE1bt,Dark Necessities,Red Hot Chili Peppers,2016,,Band
2pZrDatIa0N8PmZmjJ1J7N,I'm The Man,Joe Jackson,1979,,Solo
2t4uZCdldlGOPS6AW1R1ii,Mrowisko,Klan,1971,,Band
318KZH2O4R003o3hL1aDqS,Gdy nie ma dzieci,Kult,1998,,Band
32sSR7MgxuLxQP4q4F4tGH,Piła tango,Strachy Na Lachy,2005,,Band
348u3kyvdh35xgeCuXf7yk,Peggy Brown,Myslovitz,1996,,Band
37daQfISKP6ZsFwBpEUJpM,Zostań w moim śnie,"Tadeusz Nalepa, Grażyna Dramowicz, Dżem",1988,,Band
38PND08KPvzwA1EUPQ1FoK,Sarri Sarri,Kortatu,1985,,Band
3DGEskDWgjBTBSg0maIi3o,Bal wszystkich świętych,Budka Suflera,2000,,Band
3EMwcW0vMSOtdun4Xw5RkK,Kilka westchnień,KARAŚ/ROGUCKI,2020,,Band
3ET3IlROFbdkFoc2GkqCnv,Pieśń Aniołów,The Analogs,2006,,Band
3JTf6KvrX9VYwIxKXX3yST,Windą do nieba,"2 Plus 1, Elżbieta Dmoch, Janusz Kruk",1986,,Band
3K4HG9evC7dg3N0R9cYqk4,One Step Closer,Linkin Park,2000,,Band
3L60Vu9qmY6fg2QroRIxgi,Cry Baby,Janis Joplin,1971,,Solo
3Obu3jvFSfgLF3pSbi64Vj,This Fire,Franz Ferdinand,2004,,Band
3QFIltIaPuhwwJh7LsnoJF,Tommy-Gun,Royal Republic,2014,,Band
3QZ7uX97s82HFYSmQUAN1D,Tom Sawyer,Rush,1981,,Band
3ScaDItBR6UWGGGCupgrm5,Era Retuszera,Nosowska,2007,,Solo
3Wrjm47oTz2sjIgck11l5e,Beggin',Måneskin,2017,,Band
3XFlY1MtjI8uI7HnsQG1Nx,Come On!,The Hives,2012,,Band
3Xls4cNOwy01dtrNXb1inG,White Room,Cream,1968,,Band
3ZOEytgrvLwQaqXreDs2Jx,Can't Stop,Red Hot Chili Peppers,2002,,Band
3Zwu2K0Qa5sT6teCCHPShP,Thnks fr th Mmrs,Fall Out Boy,2007,,Band
3a7elKJsZvbRK5CiBvXQMb,Moja i Twoja Nadzieja,"Hey, Edyta Bartosiewicz",1993,,Band
3cXiUuiGpFmZ8OdAWKk8Ck,Lick It Up,KISS,1983,,Band
3ckd4YA4LcD3j50rfIVwUe,Head Like A Hole,Nine Inch Nails,1989,,Band
3cw3Z7mS55gd3NUjh4k0bL,Sweet Jane,The Velvet Underground,1970,,Band
3f7OyfSoDbQC0LRDQiytPp,Mountain at My Gates,Foals,2015,,Band
3fYB4ptzaZxBKM6eZyUEKU,List,Hey,1995,,Band
3fg3s1QURL0vQ9DyhylaK5,POGO,Organek,2021,,Band
3fk41ZgkwZV0YOBS2BCFjn,Centrala,Brygada Kryzys,1982,,Band
3gVhsZtseYtY1fMuyYq06F,Sonne,Rammstein,2001,,Band
3oC5cRgT4SJQfgliO6i7KQ,Daję ci próg,Breakout,1972,,Band
3oEsfUbdJIABoSYzKipS1h,Nieodwołalnie kocham cię,Sumptuastic,2009,,Band
3r6BEnbmQliI5UOn4UrLJi,Wszystko ma swój czas,Perfect,2014,,Band
3tj6KiuvYWK894BDa1Kfjz,Niekochana,O.N.A.,2001,,Band
3ugyFARiX6v1I8R2j5ZTp3,Dziś rano,Wojtek Cugowski,2022,,Solo
3wElukms1itkkpR7Rkh7p3,Piątek piątunio piąteczek,Piersi,2025,,Band
3wuZirKsS6ZXKDIUSV7jN4,Trucizna,Kasia Lins,2024,,Solo
3xda00PJhL4k22ZF128QiL,Chcę Ci powiedzieć coś,Kora,2001,,Solo
3zzZVLdBKRW8JH7GhFPyvu,Hold On,Alabama Shakes,2012,,Band
43k065nEZqFGrGucGxkYhA,Matylda,Test,1974,,Band
4588ZH7944EUrbDvdkr2sA,Złamane serce jest OK,Daria Zawiałow,2023,,Solo
47fIeeJypM7sXzvgp0Hg0s,Party,"Oddział Zamknięty, Claysteer, Popek",2023,,Band
47gQdrNAx9rRkdAZNTOq83,Nad Przepascia,Bracia,2015,,Band
4945UaDShZpvhiBG6zaJXy,Duchy,Wilki,2022,,Band
4A48NL57P16zSRaq3yoYry,Vicious,Lou Reed,1972,,Solo
4D01oA1mGouaAT7fubvKRT,Desire,U2,1988,,Band
4D40ZlFAWsvX7lua1Kablh,Jet,"Paul McCartney, Wings",1973,,Band
4DNgLP1RL5e9esCdDRqWLV,O Mnie Się Nie Martw,"Katarzyna Sobczyk, Czerwono Czarni",1964,,Band
4EqPIm07a55pJQRSZw2Z4X,"Supermoce (feat. Igo, Mrozu & Vito Bambino)","Męskie Granie Orkiestra, Igo, Mrozu, Vito Bambino",2023,,Band
4GAqWEmxzMZDZ1T0NFHqKG,Let's Work Together,Canned Heat,1970,,Band
4IvZLDtwBHmBmwgDIUbuwa,Here Comes Your Man,Pixies,1989,,Band
4JA6pB9BgiEOPzrVhVUS0D,Niemiłość,Organek,2019,,Band
4OHVCeQYPncEwZOtNAJZZx,Beetlebum,Blur,1997,,Band
4ObV7zL7RFl4DJum1ptgBT,Legenda o smoku,Lao Che,2015,,Band
4S81mARVgP200Z7WTXsYYa,Nadzieja,IRA,1991,,Band
4UU5WdpNaOeJBjDazmivlW,Przesilenie,Muchy,2010,,Band
4UrmmXStaqiT5sSC7QO6HK,Called Out In The Dark,Snow Patrol,2011,,Band
4Y7fEQ4PAzhlLnLviRw2P4,Rockin' in the Free World,Neil Young,1989,,Solo
4YeY6OW0j92lnikmKltSa7,Princess of the Dawn,Accept,1982,,Band
4Zc7TCHzuNwL0AFBlyLdyr,Run to the Hills,Iron Maiden,1982,,Band
4a9tnRLY9jGsz3Jg4HylHY,Waterloo Sunset,The Kinks,1967,,Band
4bjvLvKovcWqZwDbXT5QQX,Carry On,"Crosby, Stills, Nash & Young",1970,,Band
4cMHCRLPNoEbpnl2rz6GS9,Back on the Chain Gang,Pretenders,1982,,Band
4d6Nad8H315yU1wFaMv90U,Typ Niepokorny,Jacek Stachursky,2010,,Solo
4dNLEEi1odbjncdBlNHywV,Demony,Żurkowski,2022,,Solo
4doZ0dKJ5wRBlgGB3YZtPz,To właśnie my,Czerwone Gitary,2015,,Band
4e9hUiLsN4mx61ARosFi7p,The Spirit Of Radio,Rush,1980,,Band
4fPBB44eDH71YohayI4eKV,You Only Live Once,The Strokes,2006,,Band
4fjsOdrWMaKf70x21h5XbX,Vasoline,Stone Temple Pilots,1994,,Band
4gUNTtPmsTzpTdJY3aZbLw,Fluff,Black Sabbath,1973,,Band
4iP8K3PiNdjEErIvtXIUDt,"TO, CO MIĘDZY NAMI",WaluśKraksaKryzys,2021,,Band
4j7GkwzZTidryYlrgvzY6u,Big City Nights,Scorpions,1984,,Band
4jU7NPkz4HVnM4hweqNhI1,Blue Orchid,The White Stripes,2005,,Band
4jo8v1xj57AiTyDvGZ6J6Q,Moja ziemio wyśniona,SBB,1980,,Band
4kPSjEg8u1U4pg2dHHMmtf,Dancing Barefoot,Patti Smith,1979,,Solo
4l7YIni9bAiGwWMqK5wvgV,You Learn,Alanis Morissette,1995,,Solo
4nJlfdLIucLBkXEJPsSCSp,Twice As Hard,The Black Crowes,1990,,Band
4pXmIUc9nB819XZE65OSMG,10 w skali Beauforta,"Krzysztof Klenczon, Trzy Korony",1971,,Band
4qbiCq2xkNPyojuZFeNeqx,Jailbreak,Thin Lizzy,1976,,Band
4qipPucm8Pz5AfETpBZ8BN,Krakowski spleen,Maanam,1984,,Band
4royRVfr6rxUlYGg9OE5o9,Anisłowa,Muchy,2012,,Band
4skONzyY8KHihlDv6TpsLi,Jest bezpiecznie,Siekiera,1985,,Band
4taVwMQPmjzl48zc9gpyG1,Napraw,LemON,2013,,Band
52HAHV1j93s5B8GoTNI7DJ,"Oh, Pretty Woman",Roy Orbison,1964,,Solo
52m7IQitPjIy1PrULHhS9F,Wanted Dead Or Alive,Bon Jovi,1986,,Band
53dxjsMXafI9jpfypTmlnn,Betonowy świat,Transsexdisco,2010,,Band
53eJFr4Mfbw5PXJ01K6cFw,Daughter,Pearl Jam,1993,,Band
54bO2CHOgGN44oWmAqib0I,Gold on the Ceiling,The Black Keys,2011,,Band
54ipXppHLA8U4yqpOFTUhr,Bones,Imagine Dragons,2022,,Band
54jvLVojOWiQRubRfKmZ2k,.intoodeep.,Dead Poet Society,2021,,Band
55WrYzR1SHfXeeU6DJbk3Y,Tush,ZZ Top,1975,,Band
56dtB7EzO7EneUgYwX8krC,Up Around The Bend,Creedence Clearwater Revival,1970,,Band
574y1r7o2tRA009FW0LE7v,Speak to Me,Pink Floyd,1973,,Band
587i4g5fwUDAdl5xTP7UtW,Miserlou,Dick Dale & His Del-Tones,1962,,Band
5B30jIcaGzKSRpQIxfKOXL,Baśka,Wilki,2003,,Band
5BKoW23rGg2qvaK1knjif4,SILNALINA,Luxtorpeda,2016,,Band
5CWvUNRJl0HCCiLo9ARqXX,Atak,Farben Lehre,2007,,Band
5DDJf23zKdvpWBA2KmgyPW,"Płoną góry, płoną lasy",Czerwone Gitary,2015,,Band
5E3fl4qohyr9LfS8xPimgV,Chcemy Być Sobą,Perfect,2013,,Band
5E4eQoE3wAaVIgSiY06nrl,Francoise Hardy,Lordofon,2023,,Band
5ECRzY08giWL5p72kM4JQz,Kłopot,"NaVi, Grzegorz Wilk",2020,,Band
5FZxsHWIvUsmSK1IAvm2pp,Best of You,Foo Fighters,2005,,Band
5HNCy40Ni5BZJFw1TKzRsC,Comfortably Numb,Pink Floyd,1979,,Band
5JRUjWbnbgMskSqyX4pY9s,Królowa łez,Agnieszka Chylińska,2016,,Solo
5KYzcKuuimNnS3jisUkA8G,Kiedy powiem sobie dość,O.N.A.,1996,,Band
5KjdQIrQD3UBJNZfx5Qp1v,Weak,Skunk Anansie,1995,,Band
5LlsD7LdSMkGV4Iu0a2Zq0,Waste A Moment,Kings of Leon,2016,,Band
5LyRtsQLhcXmy50VXhQXXS,Holy Wars...The Punishment Due,Megadeth,1990,,Band
5MC3xdlx9DFop1Y4J1yDbE,New Kid in Town,Eagles,1976,,Band
5Ml3Rg1odpK8b9M2YyoFR0,Ku przyszłości,Dezerter,2019,,Band
5O9Dz0h08LuBi0aVvDcylh,The Resistance,Skillet,2016,,Band
5QIbR39hAEDIOkr4ggh4xc,Atomic,Blondie,1979,,Band
5RDEUTUghR62DSvrjWvLNn,Jedwab,Róże Europy,2015,,Band
5S115BRg8EghKqq1D0Wx9J,"Wszystko mi mówi, że mnie ktoś pokochał",Skaldowie,1968,,Band
5SIBwGfy6e9OQ2AWjphsq2,Wszystko Czego Dziś Chcę,Izabela Trojanowska,1981,,Solo
5SPO91s5J85CAxHREvwj3b,Początek,"Męskie Granie Orkiestra, Dawid Podsiadło, Kortez, Krzysztof Zalewski",2018,,Band
5TZn3LQSWwVPnBlPgFKb54,American Jesus,Bad Religion,1993,,Band
5W5l9ysNngpGz2J4xK8Rsa,Nie Pytaj O Polskę,Obywatel G.C.,1988,,Solo
5WTPhYmwwojFP73O7p3Izi,Stand By Me,Oasis,1997,,Band
5YUCELduWnFkiwMQbQKOvE,W Dobra Strone,Dawid Podsiadło,2015,,Solo
5cY8y2XgOfkAh4kSWLFKkz,I Write Sins Not Tragedies,Panic! At The Disco,2005,,Band
5cZqsjVs6MevCnAkasbEOX,Break Stuff,Limp Bizkit,1999,,Band
5dFR96mRwRDTLcz3f2v305,Czerwony Jak Cegła,Dżem,1985,,Band
5fQr3Vkz3YNDNXYCYUXGhp,Meluzyna (feat. Iza Lach),"Coma, Iza Lach",2019,,Band
5fpj84RsT9cOTfWUCxBTXu,Little Monster,Royal Blood,2014,,Band
5hDSlwjDKlSyOpZLq5FGce,Ostatni teatrzyk objazdowy,"Exodus, Andrzej Puczyński",1980,,Band
5ictZMfQTA9DoYeOdfSYVL,Wyjatkowo zimny maj,Maanam,1991,,Band
5lWrAWDITSsjNzj21C4tmJ,Ciężką Drogą,Stress,2015,,Solo
5lqyqPU3JkpCbUbLmTVQPW,The Unforgiven,Metallica,1991,,Band
5qxChyzKLEyoPJ5qGrdurN,No Sleep Till Brooklyn,Beastie Boys,1986,,Band
5rze8txDmX8Ux1CWdYlEhf,Załoga G,Hurt,2005,,Band
5uvosCdMlFdTXhoazkTI5R,Light My Fire,The Doors,1967,,Band
5xsNmKPDAkR5U85OPyjGg3,Co Ty Tutaj Robisz,Elektryczne Gitary,1997,,Band
5ykbOijJEfRhuo2Td1m0Qd,7,Catfish and the Bottlemen,2016,,Band
5ytkHKps6RVVDFZwAqVDCB,Długość dźwięku samotności,Myslovitz,1999,,Band
5zF5ZXVXBD6Q3Dtq6AAyIc,Rapapara,Łydka Grubasa,2013,,Band
5zmaypMaWb21FUGBxbw8hT,Black Balloon,The Goo Goo Dolls,1998,,Band
61MZN0yyMWSEwrLPUUGfgJ,Sheena Is a Punk Rocker,Ramones,1977,,Band
63T7DJ1AFDD6Bn8VzG6JE8,"Paint It, Black",The Rolling Stones,1966,,Band
63rIccMK9EmP4t1Bg5irzK,Ptaki,Krzysztof Zalewski,2021,,Solo
665Jxlgi1HamPKbW1vwzx4,We Belong,Pat Benatar,1984,,Solo
6Ca3uEAuun3HusTUiIXKs1,If You Wanna,The Vaccines,2011,,Band
6EcuAcyKB1ads292hQKhzv,Wierze w lepszy swiat,Bracia,2015,,Band
6GyDY0yE47rfk8pcuKhioh,Make It Wit Chu,Queens of the Stone Age,2007,,Band
6K4t31amVTZDgR3sKmwUJJ,The Less I Know The Better,Tame Impala,2015,,Band
6Pif6RkFoYzLygdqktus4Q,The Foundations of Decay,My Chemical Romance,2022,,Band
6PwjJ58I4t7Mae9xfZ9l9v,Somebody Told Me,The Killers,2004,,Band
6TSBIfIbxuPDi1uqMqy1iV,Wishing Well,Free,1973,,Band
6TYQRlRci6AkVrN9a5C7ne,War Pigs,Black Sabbath,1970,,Band
6TfBA04WJ3X1d1wXhaCFVT,"You're Gonna Go Far, Kid",The Offspring,2008,,Band
6YIggUJW3ttAAPRdnki8RM,Disarm,The Smashing Pumpkins,1980,,Band
6ZAwEE4kTdtvyE66iRhFxR,Real Wild Child (Wild One),Iggy Pop,1986,,Solo
6koB19H6lofuZEk16vSe1g,Spowiedz,Kasia Kowalska,2008,,Solo
6l7cuIQS8vfeV2RXAPBl6A,Czarny Alibaba,Helena Majdaniec,1963,,Solo
6n3RGfz9gh8ynHnk86sEqH,Zostanmy Razem,Jacek Stachursky,2010,,Solo
6nyzrRiW6li1EUcZNlHKh9,Na pierwszy ogień,SBB,1975,,Band
6o21UfW2RHkzzleZGLfFpK,For Your Love,"The Yardbirds, Eric Clapton",1965,,Band
6oBFFbE8aU6erQXsKJAUyd,Wehikuł Czasu (To Byłby Cud),Dżem,1985,,Band
6prenJfZidjTXQMz9dBuUm,Biała Flaga,Republika,1983,,Band
6s6jmTumtDJGOB725jMJ8z,She's Not There,The Zombies,1965,,Band
6spaGIZEfeDYlgAupMI34k,Body Talks,The Struts,2018,,Band
6tZdL3Zp8JgrfDbsSeSV1S,You Really Got Me,The Kinks,1964,,Band
6voIJ7OWwRabSZDC77D5Hp,Trouble’s Coming,Royal Blood,2021,,Band
6wJmQF2Mazs9JHoP94IGKh,Jeden taki dzień (feat. Peja),"Sweet Noise, Peja",2003,,Band
6wqJeItl3Vc3az4ZicSQAB,Before I Forget,Slipknot,2004,,Band
6wyWZFvajrJjpRA2d5ZCK8,Raissa,Strachy Na Lachy,2003,,Band
73TxYZd0lBCVRrHawrAglA,Sweet Emotion,Aerosmith,1975,,Band
74zUPQTB6HMnfS1cagJnd8,Nowhere Generation,Rise Against,2021,,Band
75D3n6wnFQmu1HVmLAlWM4,I Predict A Riot,Kaiser Chiefs,2005,,Band
75STcWAoHOzuzufByGNJRS,12 Groszy,Kazik,2016,,Solo
77oU2rjC5XbjQfNe3bD6so,Beast Of Burden,The Rolling Stones,1978,,Band
7ADBL3WZ9Oyj7zgkg7ODT8,You Worry Me,Nathaniel Rateliff & The Night Sweats,2018,,Band
7B5mKeGeoo7kKXrm25B0pf,07 Zgłoś Się,Piersi,2020,,Band
7BHPGtpuuWWsvE7cCaMuEU,Naive,The Kooks,2006,,Band
7CuUAXRcEzEJmgPEioUkGr,Prześliczna wiolonczelistka,Skaldowie,1969,,Band
7D8EUSKYemwb2GSrZAgUvR,Los cebula i krokodyle łzy,Coma,2011,,Band
7ECBfG3O3Sxs3D3TGEU7ag,Baranek,Kult,1993,,Band
7Eiuy07lXvrInSsnn1SvvY,The Big Wheel,Stress,1985,,Solo
7HILsZgM6Sms8XZNNbVRvd,Pasażer,Big Cyc,1996,,Band
7HjipY3Vy2HAN11D2juKHT,Next To You,The Police,1978,,Band
7JhJ3qw1NWZO5zCYlU27N7,Płonąca stodoła,Niemen,2019,,Solo
7K9bx2o48cubkOlx3aCsIq,Hydropiekłowstąpienie,Lao Che,2008,,Band
7KsZHCfOitA5V9oQYVdltG,Everything Now,Arcade Fire,2017,,Band
7L0szIaovvOjJmZLahPzHW,Kołysanka,Sumptuastic,2003,,Band
7aK3835DAgurqrVLPKGwb7,Witajcie w naszej bajce,Coma,2019,,Band
7aolasufnqBNN6oiIjNJWu,Śmierć W Bikini,Republika,1983,,Band
7bu6uhjZ07Qm4sMq1Ooecp,Mourners,Trupa Trupa,2025,,Band
7cDbqFvw45zdLHGltdb1g9,The Underdog,Spoon,2017,,Band
7dcrrZ7gWQ3Ybko06ZilJx,Nie bądź taki szybki Bill,"Katarzyna Sobczyk, Czerwono Czarni",1965,,Band
7fLTytvnvxy653VWxflTRf,Stay with Me,Faces,1971,,Band
7hVhRCDV100Jq26NGR7adw,Good Times Roll,The Cars,1978,,Band
7icWz07lXLGO5IeAOEbz8y,Póki młodość w nas,Sztywny Pal Azji,1987,,Band
7j31rVgGX9Q2blT92VBEA0,Teenagers,My Chemical Romance,2006,,Band
7klklmgZSXTGNZ5uIJNIJ9,Na co komu dziś,Lady Pank,2007,,Band
7lSDCrF11sdTVfjbAQVZE8,I Fought the Law,The Clash,1979,,Band
7nzsY8vlnKdvGOEE0rjAXZ,Arabella,Arctic Monkeys,2013,,Band
7qTr6NXpNeVriU1jCbXqCg,"Jesus, Etc.",Wilco,2002,,Band
7qcq5CPB1x63pu3tY18zhT,Ciepło (zimno),Happysad,2012,,Band
7sbE2ZlqFM80MyFGqeTAVz,Nie mogę Cię zapomnieć,Agnieszka Chylińska,2009,,Solo
7tBfDSMmtH8XoXMIdWsyRY,Inny Wymiar,Artur Gadowski,2000,,Solo
7tJQ4Ekp2vN3NlI3vJJW3v,I Want You,Bob Dylan,1966,,Solo
7tf64lNC31lWlTsih0nfZf,Good Vibrations,The Beach Boys,1966,,Band
7vUfTjiMjFfXe7Brz62tXH,Rockaria!,Electric Light Orchestra,1976,,Band
7w6PJe5KBPyvuRYxFkPssC,No More Tears,Ozzy Osbourne,1991,,Solo
7xmol0xrFgs89hVySMf9u9,Thunder Road,Bruce Springsteen,1975,,Solo

----------------------
Deutsch
----------------------

017PF4Q3l4DBUiWoXk4OWT,Break My Heart,Dua Lipa,2020,,Solo
01kVVoJQuWVqaOvRgRztJD,Sing Hallelujah!,Dr. Alban,1992,,Solo
01qCxvpyyIm0a0RG3uYxEm,Could I Have This Kiss Forever,"Enrique Iglesias, Whitney Houston",1999,,Band
02xhLoVqpGmOqvolgrwM8w,One,Metallica,1988,,Band
03LfyhvgGn2IHBFKRK4atG,The Afternoon's Hat,Arctic Monkeys,2010,,Band
04MVex8l88ELr5v4sMc3B1,Dr. Stein,Helloween,1988,,Band
06hsdMbBxWGqBO0TV0Zrkf,Cotton Eye Joe,Rednex,1994,,Band
09lZ2Mx2NSpzy6KBpX2kDq,Gimme Hope Jo'Anna,Eddy Grant,1988,,Solo
0BxE4FqsDD1Ot4YuBXwAPp,505,Arctic Monkeys,2007,,Band
0DfG1ltJnZyq4Tx3ZLL7ZU,Rock Me Amadeus,Falco,1985,,Solo
0Dm43YLUlGdePpSbI1ct8h,Part-Time Lover,Stevie Wonder,1985,,Solo
0DqLgsVlNp2ZcQro78FZfz,Schöner fremder Mann,Connie Francis,1961,,Solo
0EdMqiKs9LKXhspeQhl4RZ,Time is Running Out,Muse,2003,,Band
0FDzzruyVECATHXKHFs9eJ,A Sky Full of Stars,Coldplay,2014,,Band
0Fyj9w0HVfjoxm9S8nGClt,Orinoco Flow,Enya,1988,,Solo
0GF90AkhfUdxT1CqeMeNOc,Left Outside Alone,Blind Channel,2020,,Band
0Gsj2iZerDbXbU0G1IHuB2,Gold Digger,"Kanye West, Jamie Foxx",2005,,Band
0HqeTDZMGlYDmgGGVFQrSg,Moves Like Jagger,"Maroon 5, Christina Aguilera",2011,,Band
0J2p4KYdr6Mg4ET6JPlbe1,Super Trouper,ABBA,1980,,Band
0KM2y796j63t5RHhvRUxld,"Relax, Take It Easy",MIKA,2006,,Solo
0KMGf0ebdR8aazf1PoHEdb,Guajira Guantanamera,Joseito Fernández,1929,,Solo
0KMGxYKeUzK9wc5DZCt3HT,If You Leave Me Now,Chicago,1976,,Band
0KligwQn4Iy344p2Q5m6k6,Più bella cosa,Eros Ramazzotti,1996,,Solo
0LUS76GzX4W7aXUneBU7Y6,For What It's Worth,Placebo,2009,,Band
0PCGfA36HrVPmsBZJ57zOU,Love Is All Around,Wet Wet Wet,1995,,Band
0PLGnOgmf8RPgZNkaaSYyM,Like a Prayer,MadHouse,2002,,Band
0Q0IVlqMV64kNLlwjPj0Hl,Killing Me Softly With His Song,"Fugees, Ms. Lauryn Hill",1996,,Band
0Q7FgdMZqsxgTl10w6uCi8,Ganz Paris Traumt Von Der Liebe,Caterina Valente,1954,,Solo
0QJhLvOo5jo1aLyAtgveNl,Die Gitarre und das Meer,Freddy Quinn,1959,,Solo
0RnCUYXa7jhgTXtiMXF2PQ,You Make Me Feel (Mighty Real),Sylvester,1978,,Solo
0SRkuudTEWe2HOloI1Nssq,Wooly Bully,Sam The Sham & The Pharaohs,1965,,Band
0TK2YIli7K1leLovkQiNik,Señorita,"Shawn Mendes, Camila Cabello",2019,,Band
0UAJH0k4k3slcE83a9UGCe,Lola,The Kinks,1970,,Band
0VjIjW4GlUZAMYd2vXMi3b,Blinding Lights,The Weeknd,2020,,Solo
0W6QtgkxPNJ7simo1UcBIr,Special K,Placebo,2000,,Band
0Wq6whEjKeAAUi4nEim1DA,Nur noch kurz die Welt retten,Tim Bendzko,2012,,Solo
0X6WHH6WvXFTMmwWrsFeob,STFU,Annisokay,2021,,Band
0bHD1nLe7Nhw55ZGJ92332,Bridge Burning,Foo Fighters,2011,,Band
0bORa4VpL8NzyMXEI6UFGK,Long Road To Ruin,Foo Fighters,2007,,Band
0bvpSvOYt4KTfZIZJmyFOs,White Wedding,Billy Idol,1982,,Solo
0cnwPYPg1o7t5tJRC1kQgh,Aquarius,Within Temptation,2004,,Band
0cwEvwz7syhgHKXX1z4puc,Moskau,Dschinghis Khan,1979,,Band
0d2mj7p92bZEckjowsc1a4,Meteor,Architects,2021,,Band
0gJvqi9QyASOCtJu99tytc,Because of You,Kelly Clarkson,2004,,Solo
0gmbgwZ8iqyMPmXefof8Yf,How You Remind Me,Nickelback,2001,,Band
0hCB0YR03f6AmQaHbwWDe8,Whole Lotta Love,Led Zeppelin,1969,,Band
0hgbkNcWjVflyBCfgCwxwd,Skandal im Sperrbezirk,Spider Murphy Gang,1981,,Band
0iSTQWpqF9kYgeck7GelOR,Burned At Both Ends II,Motionless In White,2022,,Band
0jyikFM0Umv0KlnrOEKtTG,My Iron Lung,Radiohead,1995,,Band
0oH9kW4faMsq9YgRYirgD0,Eine neue Liebe ist wie ein neues Leben,Jürgen Marcus,1972,,Solo
0odIT9B9BvOCnXfS0e4lB5,Bette Davis Eyes,Kim Carnes,1981,,Solo
0pBgo2ivCAqZLaoVpIIG9s,Wolkenschieber,In Extremo,2024,,Band
0q2NQRAuMHajBgRADd1cYP,Killing Floor,Bruce Dickinson,1998,,Solo
0qxYx4F3vm1AOnfux6dDxP,You Can Call Me Al,Paul Simon,1986,,Solo
0rPTPahzhGx9LSzI8XX5OM,Figure.09,Linkin Park,2003,,Band
0saMyp91ojsNNBxH93DORH,The Game Is Over,Evanescence,2021,,Band
0smyCrJiibi2uwCiq5R1vj,Save Tonight,Eagle-Eye Cherry,1998,,Solo
0snPJPxkk0MbTc0xeUvAPt,Dancing On The Ceiling,Lionel Richie,1986,,Solo
0snQkGI5qnAmohLE7jTsTn,Toxicity,System Of A Down,2001,,Band
0tWEB6BxbI48XN79QE1JbT,Everybody's Fool,Evanescence,2003,,Band
0uYVJ8z5kgMayMNPJA6Cz9,Running Up That Hill,Placebo,2003,,Band
0uv1kVvx32HL4Gb9yP5qjq,Chain of Abuse,Three Days Grace,2022,,Band
0wAyDBh0ujohCsYeXBtDLF,In the Mood,Glenn Miller,1939,,Solo
0weAUscowxeqDtpCgtbpgp,Gettin' Jiggy Wit It,Will Smith,1997,,Solo
0xmjwnQ3FNE6HuWCt2nHdZ,Where Is The Love?,Black Eyed Peas,2003,,Band
0xrkyEMkG4dVa5OMLQZOX8,Engel,Rammstein,1997,,Band
0z1o5L7HJx562xZSATcIpY,Exit Music (For A Film),Radiohead,1997,,Band
10waMsh44ojvTwXAIy213n,Junge,Die Ärzte,2007,,Band
10yY7i70r9wtllofw0GIpx,Praise You,Fatboy Slim,1998,,Solo
11d9oUiwHuYt216EFA2tiz,Ice Ice Baby,Vanilla Ice,1990,,Solo
11mwFrKvLXCbcVGNxffGyP,Genie In a Bottle,Christina Aguilera,1999,,Solo
14MgTooapmJdLlEMAr2zAM,Dilemma (feat. Kelly Rowland),"Nelly, Kelly Rowland",2002,,Band
15hHGF66ZlM6UAzMSpf5Q1,Emanuela,Fettes Brot,2005,,Band
16MJqq0vEuW6GRX6faetTm,Whole Again,Atomic Kitten,2001,,Band
19XpFsce28aByvCC4g89tJ,Too Sweet,Hozier,2024,,Solo
19vHgVS1aukRiQWhTqfKnE,DArkSide,Bring Me The Horizon,2023,,Band
1BIkUo6Mkytmh6leTiwSP2,Tränen lügen nicht,Michael Holm,1974,,Solo
1CSLeVCXmetBh8IkTPMFdL,I'm a Believer,The Monkees,1966,,Band
1CvxZLhcpg33Wk892MJRUC,Schuld war nur der Bossa Nova,Manuela,1963,,Solo
1Cwsd5xI8CajJz795oy4XF,You Get What You Give,New Radicals,1998,,Band
1DIXPcTDzTj8ZMHt3PDt8p,Gangsta's Paradise,"Coolio, L.V.",1995,,Band
1F43XlPBiwAUUIhrUGzylO,Never Ending Story,Limahl,1984,,Solo
1FrrRHxMKVvd85O3gancxW,Wish That You Were Here,Florence + The Machine,2016,,Band
1ILbD4eWKWvg8ub5qJyBTP,Joyride,Roxette,1991,,Band
1Ic9pKxGSJGM0LKeqf6lGe,All Apologies,Nirvana,1993,,Band
1JQ6Xm1JrvHfvAqhl5pwaA,Easy,Commodores,1977,,Band
1JSTJqkT5qHq8MDJnJbRE1,Every Breath You Take,The Police,1983,,Band
1Jaah2tmN9Hv81A87KZ1MU,Torn,Natalie Imbruglia,1997,,Solo
1KCDsPKFISNM2YZFFAoI7s,Demons Are a Girl's Best Friend,Powerwolf,2018,,Band
1M8YN6ekSgCnjc5UckHYpq,Lacrymosa,Evanescence,2006,,Band
1MVCusu7dagBEe33xBoLPr,The Great Unknown,LANDMVRKS,2025,,Band
1OxcIUqVmVYxT6427tbhDW,Fly Away,Lenny Kravitz,1998,,Solo
1Pao4DTLMB4gJPTnqmLgSQ,You Can Get It If You Really Want,Jimmy Cliff,1972,,Solo
1QEEqeFIZktqIpPI4jSVSF,More Than a Feeling,Boston,1976,,Band
1QTi1rZx1VOWcM4T2wD49V,Mama,Heintje,1968,,Solo
1QV6tiMFM6fSOKOGLMHYYg,Poker Face,Lady Gaga,2008,,Solo
1RNwniZkJqdw9LMkkyynjx,Nemo,Nightwish,2004,,Band
1SOAN58QwnQABl2SND1wMh,Congratulations,Cliff Richard,1968,,Solo
1Se0r96r0gnqg67kJPmESc,Parallel Universe,Red Hot Chili Peppers,1999,,Band
1U0mj0SwsSxBixKvgmGCB3,Ich will Spass,Markus,1982,,Solo
1UwriLz98ILbRhrtohTca1,The Wanderer,Dion,1961,,Solo
1VU8t2MpJRLG5iFEIxqq7z,Geboren um zu leben,Unheilig,2010,,Band
1Vej0qeQ3ioKwpI6FUbRv1,Papercut,Linkin Park,2000,,Band
1X7654uBsdVKnZAqyIJT7y,Herz an Herz,Blümchen,1996,,Solo
1b40eJC3YKoHfayUF2IWlT,Vollmond,In Extremo,2001,,Band
1b6AW6uDrtrUN0Y6GJR45j,(I Can't Get No) Satisfaction,The Rolling Stones,1965,,Band
1c0zagykmGPDYuxJeDqZhJ,World Hold on (Children of the Sky),"Bob Sinclar, Steve Edwards",2006,,Band
1cSXzDZt8vzuUp2XREQEJN,Atemlos durch die Nacht,Helene Fischer,2013,,Solo
1d2eMMrAuIsw85u3YklKoc,Toosie Slide,Drake,2020,,Solo
1dDNz8h95Gsu0W4QdxVVln,4 Minutes (feat. Justin Timberlake and Timbaland),Madonna,2008,,Solo
1ewNSEjaSpjLQTgfk1JaZG,Er hat ein knallrotes Gummiboot,Wencke Myhre,1970,,Solo
1fX0h6SaZBXwmr4haRvirQ,Nah Neh Nah,Vaya Con Dios,1990,,Band
1hQFF33xi8ruavZNyovtUN,"December, 1963 (Oh What a Night!)",The Four Seasons,1975,,Band
1mKXFLRA179hdOWQBwUk9e,Just Give Me a Reason (feat. Nate Ruess),"P!nk, Nate Ruess",2012,,Band
1mMcmRSdnLLu4UdQogH6zf,DOA,I Prevail,2019,,Band
1mXuMM6zjPgjL4asbBsgnt,Firework,Katy Perry,2010,,Solo
1qPbGZqppFwLwcBC1JQ6Vr,Wonderwall,Oasis,1995,,Band
1s4hyUFWmLWiAamsclb4xA,"See You Later, Alligator",Bill Haley & His Comets,1956,,Band
1tqT6DhmsrtQgyCKUwotiw,I Heard It Through The Grapevine,Marvin Gaye,1968,,Solo
1uRKT2LRANv4baowBWHfDS,(We're Gonna) Rock Around The Clock,Bill Haley & His Comets,1955,,Band
1vEgrHo24l50BHDse4NoOu,School,Nirvana,1989,,Band
1wDDWn5UjpjbT9onEAbL4n,Jillian (I'd Give My Heart),Within Temptation,2004,,Band
1wGRSG94dLt8fIZWhR3rGG,Sad Statue,System Of A Down,2005,,Band
1xNcBAoUw8Hz6LqK2jt4Ff,Call on Me,Eric Prydz,2004,,Solo
1yg7fwwYmx9DQ2TdXUmfpJ,Holding Back the Years,Simply Red,1985,,Band
1zB4vmk8tFRmM9UULNzbLB,Thunder,Imagine Dragons,2017,,Band
1zusIxNqJu8i4g6P6hJ2Qa,Mercy,Duffy,2008,,Solo
20sXcaJkWP0DdzA58Colw3,The Writing on the Wall,Iron Maiden,2021,,Band
21Qmkbvp6GvZdO0IMQtae5,Shame Shame,Foo Fighters,2020,,Band
21aT5lIYHjyBIFrXNbNY5U,Du trägst keine Liebe in dir,Echt,1999,,Band
21jGcNKet2qwijlDFuPiPb,Circles,Post Malone,2019,,Solo
2374M0fQpWi3dLnB54qaLX,Africa,TOTO,1982,,Band
23TrBtndcavtlYBQg5GoR8,Hangover,"Taio Cruz, Flo Rida",2011,,Band
27SdWb2rFzO6GWiYDBTD9j,Cheap Thrills,Sia,2016,,Solo
27iLwU19SCH7tDeU64AieP,Die Nacht von Freitag auf Montag,"SDP, Sido",2012,,Band
28FJMlLUu9NHuwlZWFKDn7,Unnatural Selection,Muse,2009,,Band
2A6yzRGMgSQCUapR2ptm6A,True Colors,Cyndi Lauper,1986,,Solo
2AGqa4oBgQh6zNXJZK0pIn,What You Want,Evanescence,2011,,Band
2AkmdLbVKS1steeZdy8H1l,I Want To Break Free,Queen,1984,,Band
2BhO5MD5myhWXL82di1W8v,Calamity,Annisokay,2023,,Band
2BqfIlpahcebJPeu1IUTEo,Do Me a Favour,Arctic Monkeys,2007,,Band
2Cd9iWfcOpGDHLz6tVA3G4,Waka Waka (This Time for Africa)(feat. Freshlyground),"Shakira, Freshlyground",2010,,Band
2DnJjbjNTV9Nd5NOa1KGba,You're So Vain,Carly Simon,1972,,Solo
2Fxmhks0bxGSBdJ92vM42m,bad guy,Billie Eilish,2019,,Solo
2G0GextMwZJLkNxcSZ7ZJ3,(What A) Wonderful World,Sam Cooke,1960,,Solo
2GbePPrWWSRxcmW6QRSPae,Piece of My Heart,Erma Franklin,1967,,Solo
2GflWmANujk7PnmEcv5RbF,Micro Cuts,Muse,2001,,Band
2IHaGyfxNoFPLJnaEg4GTs,What Is Love,Haddaway,1993,,Solo
2IzU8eeqPIqdmZYgOYEjVB,Made In Hell,Halford,2000,,Band
2L5FEDC0MU2a6OEkLjByEd,Captain Jack,Captain Jack,1996,,Band
2L6hCTpUlR2p7Su3hiSB0s,Einmal um die Welt,CRO,2012,,Solo
2LV5joNDrsyuXEh4FBARVK,Perfekte Welle,Juli,2004,,Band
2LawezPeJhN4AWuSB0GtAU,Have You Ever Seen The Rain,Creedence Clearwater Revival,1970,,Band
2LjiPAQOVazT8sRyXL3XRs,Informer,Snow,1993,,Solo
2M9ro2krNb7nr7HSprkEgo,Fast Car,Tracy Chapman,1988,,Solo
2Ms33RTRCT6gArrpcrPxmo,Feel,Robbie Williams,2002,,Solo
2Nv773K16hckJrb3Ir7wOu,Wahnsinn,Wolfgang Petry,1983,,Solo
2PfEAFaaLabTXfmlV58LIj,Männer,Herbert Grönemeyer,1984,,Solo
2PneNdtypG6XcgmWmGd9FI,These Boots Are Made for Walkin',Nancy Sinatra,1966,,Solo
2PpruBYCo4H7WOBJ7Q2EwM,Hey Ya!,Outkast,2003,,Band
2QfiRTz5Yc8DdShCxG1tB2,Johnny B. Goode,Chuck Berry,1959,,Solo
2Ql6gvozrV7OgOrHTzWp0K,Falling Through the Sky,Fit For A King,2022,,Band
2SpEHTbUuebeLkgs9QB7Ue,Jolene,Dolly Parton,1974,,Solo
2T3jgoAMbBXiMMD8pSc6QL,This Is The Life,Amy Macdonald,2007,,Solo
2TIlqbIneP0ZY1O0EzYLlc,Someone You Loved,Lewis Capaldi,2018,,Solo
2TMBnZlhLEzMIpFBLlDdTh,The Greatest Show on Earth,Nightwish,2015,,Band
2U8NXPTXZWG2O0ye2sYRiH,I Love It (feat. Charli XCX),"Icona Pop, Charli xcx",2013,,Band
2UKARCqDrhkYDoVR4FN5Wi,Plug in Baby,Muse,2001,,Band
2Ulw4Lgy6ejrSjCj1hB2RF,Elevator Operator,Electric Callboy,2025,,Band
2Uy6EhQXAYkXA6MohPgjpV,One More Time,Daft Punk,2000,,Band
2WnAKZefdRHxtBEkRjFOHC,Anyone,Justin Bieber,2021,,Solo
2X485T9Z5Ly0xyaghN73ed,Let It Happen,Tame Impala,2015,,Band
2XEwnFyQhDBHq6rFEaAOQj,Verdammt Ich lieb' dich,Matthias Reim,1990,,Solo
2XQ00wanrsQOL9djhTQEEY,Ab in den Süden,Buddy,2004,,Solo
2XgDgIsVUOt9Lov5G4Wruy,I Knew You Were Waiting (For Me),"George Michael, Aretha Franklin",1987,,Band
2YWjW3wwQIBLNhxWKBQd16,Lean On,"Major Lazer, DJ Snake, MØ",2015,,Band
2YwiE0KVhqwIiT4OfT0SFk,When I Need You,Leo Sayer,1976,,Solo
2aEeghgUcnu75tzcolFMfs,La Bamba,Ritchie Valens,1959,,Solo
2avKuMN2QXkaG9vvHa2JLt,Take A Look Around,Limp Bizkit,2000,,Band
2bDBwSlhd5IS4jyUqSXrRX,Let's Start A Band,Amy Macdonald,2007,,Solo
2dCmGcEOQrMQhMMS8Vj7Ca,Super Freak,Rick James,1981,,Solo
2dbaIpJoAk2hhrrX2ljKJo,Surfin' U.S.A.,The Beach Boys,1963,,Band
2dcazhUKBUnlEIvQ7ea1ZU,Herzblut,Doro,2009,,Solo
2fTsFCKRFQ5M0igJgabnLA,Price Tag,"Jessie J, B.o.B",2011,,Band
2fYYmPNwDaNpw1KRSxpQ5H,Why,Annie Lennox,1992,,Solo
2fuCquhmrzHpu5xcA1ci9x,Under Pressure,"Queen, David Bowie",1982,,Band
2g7gviEeJr6pyxO7G35EWQ,Paradise By the Dashboard Light,Meat Loaf,1977,,Solo
2gLohfJA9FXhFBJvYj1xCH,Asshole,Helloween,2013,,Band
2gSVKxPDww9Eep5rdvtdem,My Way,Limp Bizkit,2000,,Band
2goLsvvODILDzeeiT4dAoR,Believe,Cher,1998,,Solo
2iAtvBE3MIBtVV1fkrFdxH,Heavy Metal,Judas Priest,1988,,Band
2ipYQ6pcabz1NovVrr9LKH,Fighting Myself,Linkin Park,2023,,Band
2kKkl59fY6Cic1CmhvSEZK,Hayloft,Mother Mother,2008,,Band
2kN05N1AQQplsgFweFAqYb,These Days,Foo Fighters,2011,,Band
2kVsbxFKTWE5EG9nYeyyWX,So Rot,Subway To Sally,2001,,Band
2knr7ikPt4l7bk92qS4ZXW,Euphoria,Loreen,2012,,Solo
2lYsCjTvXIHOqT8xSbK2jq,Tage wie diese,Die Toten Hosen,2012,,Band
2mTiKaGdMPA4wfOGGUroE5,When a Man Loves a Woman,Percy Sledge,1966,,Solo
2nGFzvICaeEWjIrBrL2RAx,Put Your Records On,Corinne Bailey Rae,2006,,Solo
2nHajACLqGsbctpe3Rafh3,No Son Of Mine,Genesis,1991,,Band
2nV6SKSccjYc8SB4hUFUmJ,Spider Silk,Nightwish,2024,,Band
2oG793j2f1XoHkxURBtHyc,Escape,Muse,1999,,Band
2oNYsdCasRRlz1shXFAz7D,LOST IN THE ECHO,Linkin Park,2012,,Band
2pag2vElkdroT8hIO4Gozi,It's a Heartache,Bonnie Tyler,1977,,Solo
2pgbGOb00WrlXY3ZRFKn7v,Blurred Lines,"Robin Thicke, T.I., Pharrell Williams",2013,,Band
2qOmcSjOQEDIJKosonn75a,Hypa Hypa,Electric Callboy,2021,,Band
2rTYgHxgcndkUrRoU7x0Sv,Mr. Vain,Culture Beat,1993,,Band
2ritJRsOmjlyVvTt1LtMY5,Don't Pray For Me,Within Temptation,2023,,Band
2rvd6akG8qEtBNUvQpN7iY,How Bad Do U Want Me,Lady Gaga,2025,,Solo
2sCFFlnYg6Lk75GCcfSXEz,Showbiz,Muse,1999,,Band
2sPUMVRLMSHWdqJHzmZaLC,Lithium,Nirvana,1991,,Band
2sVDIHb8rrA53TW0gqHQ4Y,Coma Blue,Annisokay,2018,,Band
2tUBqZG2AbRi7Q0BIrVrEj,I Wanna Dance with Somebody (Who Loves Me),Whitney Houston,1987,,Solo
2tpWsVSb9UEmDRxAl1zhX1,Counting Stars,OneRepublic,2013,,Band
2uwDgQNRc1zS5khCPVM0jl,Ich will keine Schokolade,Trude Herr,1965,,Solo
2vwlzO0Qp8kfEtzTsCXfyE,Wrecking Ball,Miley Cyrus,2013,,Solo
2yDXsPUm95218qlAQfnilm,The Hustle,Van McCoy & The Soul City Symphony,1975,,Band
2yeIjXWp9wp2pPfywwiumU,My Effigy,Annisokay,2025,,Band
2zXbLJiS5099aDVyTHIDU4,Body,Mother Mother,2008,,Band
2zygsl5Awjq2CuJc1L55x0,Beinhart,Torfrock,1994,,Band
30ge50akdCCPPKcELnQtx0,Itsy Bitsy Teenie Weenie Honolulu Strand Bikini,"Caterina Valente, Silvio Francesco",1960,,Band
32fZXsDwoDchpdtsCmeo0o,Good Golly Miss Molly,Little Richard,1958,,Solo
32gpJnMZkRafZdQvU7ZzR7,Lambada,Kaoma,1989,,Band
33LC84JgLvK2KuW43MfaNq,My Heart Will Go On,Céline Dion,1997,,Solo
33v9NERZw9Ox5PlqUZMVMC,If I Could Fly,Helloween,2000,,Band
35hfuechuOqaW31ogdauO7,It's In The Kiss (The Shoop Shoop Song),Betty Everett,1964,,Solo
373gDROnujxNTFa1FojYIl,Lost,Linkin Park,2023,,Band
375WKKRNkbtqzTl50lQZuD,Ever Dream,Nightwish,2002,,Band
37Z46YLWkgwBoouUmyFOuM,Thoughts of a Dying Atheist,Muse,2003,,Band
383QXk8nb2YrARMUwDdjQS,Psycho,Muse,2015,,Band
38GBNKZUhfBkk3oNlWzRYd,NDA,Billie Eilish,2021,,Solo
39Qd2qBDQdREL3aLTb9F0d,Warum?,Tic Tac Toe,1997,,Band
3DMk51IjcSdYmUT51QWfm1,Liebeskummer lohnt sich nicht,Siw Malmkvist,1964,,Solo
3DamFFqW32WihKkTVlwTYQ,Fireflies,Owl City,2009,,Solo
3DkHNCA4QRBQgTzF2T18hm,Only In Dreams,Weezer,1994,,Band
3Dy4REq8O09IlgiwuHQ3sk,Waterloo,ABBA,1974,,Band
3FEhbAkm1Dy21UvhbYhFM3,Das Beste,Silbermond,2006,,Band
3FteycP8CaXS1MhjcXekVT,Stop,Spice Girls,1997,,Band
3Fzlg5r1IjhLk2qRw667od,Dancing in the Moonlight,Toploader,2000,,Band
3GGKw5xdUEK77sIqVJw63n,Infra-Red,Placebo,2006,,Band
3GZt2N9dSfNCL6ArCFDpOc,Let You Fade,Linkin Park,2025,,Band
3Ie94l4qlS47GeIvzHLuVH,Decarabia,Future Palace,2024,,Band
3IznIgmXtrUaoPWpQTy5jB,Not Allowed,TV Girl,2016,,Band
3Jnxngdff0lVu2rza1GVx6,Paranoid,Black Sabbath,1970,,Band
3K7Q9PHUWPTaknlbFPThn2,Celebration,Kool & The Gang,1980,,Band
3L7RtEcu1Hw3OXrpnthngx,Don't You Want Me,The Human League,1981,,Band
3LEIp7OkTqbGS6WBeivfv3,Inner Sanctum,Annisokay,2025,,Band
3N4DI1vuTSX1tz7fa2NQZw,Rehab,Amy Winehouse,2006,,Solo
3OVcnhaZTKC6fE0oqiMEny,M&F,Die Ärzte,2012,,Band
3OeUlriM0EZHdWleJtjoVr,Got My Mind Set on You,George Harrison,1987,,Solo
3PQLYVskjUeRmRIfECsL0X,No Woman No Cry,Bob Marley & The Wailers,1974,,Band
3QaPy1KgI7nu9FJEQUgn6h,WILDFLOWER,Billie Eilish,2024,,Solo
3RZP8faTOz194AYMRednzj,Vision,Gotthard,1999,,Band
3TBRJsLCcwroEkA3tD4u2N,Der Kommissar,Falco,1982,,Solo
3U4isOIWM3VvDubwSI3y7a,All of Me,John Legend,2013,,Solo
3U9B0ZcnVPisVh9wGOg6qL,China In Your Hand,T'Pau,1987,,Band
3WkibOpDF7cQ5xntM1epyf,It Wasn't Me,"Shaggy, Rik Rok",2000,,Band
3XDeeP9wBZzGhIPZmLfEEx,Karma Chameleon,Culture Club,1983,,Band
3XIEWK1V9n25PS9Vb6axj5,Born to Be Alive,Patrick Hernandez,1978,,Solo
3bidbhpOYeV4knp8AIu8Xn,Can't Hold Us (feat. Ray Dalton),"Macklemore, Ryan Lewis, Macklemore & Ryan Lewis, Ray Dalton",2012,,Band
3d9DChrdc6BOeFsbrZ3Is0,Under the Bridge,Red Hot Chili Peppers,1991,,Band
3di5hcvxxciiqwMH1jarhY,Set Fire to the Rain,Adele,2011,,Solo
3h92wnbZ8xgX3j1CaqkT6r,Explosions,Three Days Grace,2022,,Band
3jDdpx9PMlfMBS5tOBHFm9,Return of the Mack,Mark Morrison,1996,,Solo
3jjujdWJ72nww5eGnfs2E7,Adore You,Harry Styles,2019,,Solo
3kMc83bWNdcaX1dmARQIII,Impose,Bad Omens,2025,,Band
3kdMzXOcrDIdSWLdONHNK5,The Sky Is A Neighborhood,Foo Fighters,2017,,Band
3lY7foOrKVtDoYKUJXmkML,Dead To The World,Nightwish,2002,,Band
3nvuPQTw2zuFAVuLsC9IYQ,Nothing Compares 2 U,Sinéad O'Connor,1990,,Solo
3ox5lIXRf4r977FsE7JfXs,Stockholm Syndrome,Muse,2003,,Band
3rbf3ErZe5YJP5ciBBnr2k,"MIEF! (Nimm mich jetzt, auch wenn ich stinke)",Die Doofen,1994,,Band
3t5GlWUzGSt2lPuiSEPBFG,Soft Spine,Spiritbox,2024,,Band
3unsLiH5FXmaDWtT5Imolu,Fallin',Alicia Keys,2001,,Solo
3wuCCNCnBhJlwkIJTBZFiv,They Don't Care About Us,Michael Jackson,1995,,Solo
3x4yV0hW5Ve3TKhFkXSqFn,If You Had My Love,Jennifer Lopez,1999,,Solo
3zss7TQcwh9dB7Hmj0RBfY,The Truth Beneath the Rose,Within Temptation,2007,,Band
3zxklD2EGecZre9MjEEvIU,Blue Bayou,Linda Ronstadt,1977,,Solo
40I7aVmN2eeCYoC1BAQK8Z,"Hell, Fire And Damnation",Saxon,2024,,Band
41YOS7VuxHEEwYHLfa7VWM,Durch den Monsun,Tokio Hotel,2006,,Band
41pOIT2t1rvr2Trg1HQChZ,Radio/Video,System Of A Down,2005,,Band
42ydLwx4i5V49RXHOozJZq,Scars To Your Beautiful,Alessia Cara,2016,,Solo
44AyOl4qVkzS48vBsbNXaC,Can't Help Falling in Love,Elvis Presley,1961,,Solo
44wXefe8WB9Fd6xwtmAwbR,Monkey Wrench,Foo Fighters,1997,,Band
46fyLy4W9HhAkcb67kLaAV,Tourniquet,Evanescence,2003,,Band
48OJGqiTSwiUmDwLpAlGZ6,"You Think I Ain't Worth A Dollar, But I Feel Like A Millionaire",Queens of the Stone Age,2002,,Band
48i055G1OT5KxGGftwFxWy,"Oh, Pretty Woman",Roy Orbison,1964,,Solo
49X0LAl6faAusYq02PRAY6,Lady (Hear Me Tonight),Modjo,2001,,Band
4BFMQ15vXr626UOoZL8bUI,(I've Had) The Time of My Life,"Bill Medley, Jennifer Warnes",1987,,Band
4CeeEOM32jQcH3eN9Q2dGj,Smells Like Teen Spirit,Nirvana,1991,,Band
4EB11zPPq3jDbhnwWpzFL9,80 Millionen,Max Giesinger,2016,,Solo
4GPdQsRCRCidGgmCsK9I4a,The Teacher,Foo Fighters,2023,,Band
4H1iMlEWKZmpKTHCZzDhju,You Can't Hurry Love,The Supremes,1966,,Band
4Hg99jQ6zjks47xaH8eK40,König von Deutschland,Rio Reiser,1986,,Solo
4HlFJV71xXKIGcU3kRyttv,"Hey, Soul Sister",Train,2010,,Band
4I5QRJ0vpMpnzR23Lpm3k9,Whiplash,Architects,2024,,Band
4IMTYdlmyScItg1rVIVhne,Enemy for Me,Blind Channel,2016,,Band
4JqgUZ4yZqjeEmgJNsuUjX,SKIN TO BONE,Linkin Park,2012,,Band
4LFwNJWoj74Yd71fIr1W8x,Right Here Waiting,Richard Marx,1989,,Solo
4LcrHUkRmXG3c0YD5VYutn,At The Hop,Danny & The Juniors,1957,,Band
4MLBqAEzNN89o2M9h92Z26,Get Back,The Beatles,1970,,Band
4MhaF08X17tmOmUcmRq5lN,Alles nur geklaut,Die Prinzen,1993,,Band
4MloswMM3eu7dHZ7MOzW3i,Do You Know? (The Ping Pong Song),Enrique Iglesias,2007,,Solo
4OjJAGDDZTLlTNeOMBl7UM,Volare (Nel Blu di Pinto di Blu),Gipsy Kings,1989,,Band
4QlzkaRHtU8gAdwqjWmO8n,Friday I'm In Love,The Cure,1992,,Band
4R6Rh75hGceh7bymGlL81D,The Grey,Bad Omens,2022,,Band
4S1VYqwfkLit9mKVY3MXoo,Forever Young,Alphaville,1984,,Band
4SGBuq37Ol4HJr7pQqFMKa,I Got You Babe,Sonny & Cher,1965,,Band
4VaZAeRjxtXW2htt3xvdiT,Ich bin die Sehnsucht in dir,Die Toten Hosen,2004,,Band
4XSilY4y6omLVcCJ35RAzX,Die Eine,Die Firma,1998,,Band
4YBIuDWPsVy9pXLCUBORZN,The Living Years,Mike + The Mechanics,1988,,Band
4Z26VkSLubzvD0RHsdjF61,HEDONIST (RECHARGED),"Bad Omens, WARGASM (UK)",2024,,Band
4ZfQwNx3FlCN07cnUvekh3,Ain't That A Shame,Fats Domino,1955,,Solo
4ZhPLoMzZwewHLLjV1J15c,99 Luftballons,Nena,1983,,Solo
4bHsxqR3GMrXTxEPLuK5ue,Don't Stop Believin',Journey,1981,,Band
4d6eqRtpDX7tydHJGDZUBQ,She Drives Me Crazy,Fine Young Cannibals,1988,,Band
4dVbhS6OiYvFikshyaQaCN,My Hero,Foo Fighters,1997,,Band
4e9eGQYsOiBcftrWXwsVco,Aerials,System Of A Down,2001,,Band
4euAGZTszWPrriggYK0HG9,Lay All Your Love On Me,ABBA,1980,,Band
4gphxUgq0JSFv2BCLhNDiE,Jailhouse Rock,Elvis Presley,1958,,Solo
4hNK3KZ5OLWuQ1XjItP7v1,Betrayal,Halford,2002,,Band
4hYinIaRxdaoEFSQni6K6I,Nur ein Wort,Wir sind Helden,2005,,Band
4k5FeWIdUaBx5OZdvrSYP1,Everywhere,Fleetwood Mac,1987,,Band
4kCYJigsNQJqs6kpMSlsmL,Vom selben Stern,"Ich + Ich, Adel Tawil",2008,,Band
4nDEirAHqPKVfakSlvJOCn,Shrinking Universe,Muse,2001,,Band
4oW1lGOw5Q5OLvoJv92qoE,I Can Help,Billy Swan,1974,,Solo
4pCb4Cfw1H0CrXSXBAuGNe,DEMENTOR SWAGGER,beastboy,2020,,Solo
4qVR3CF8FuFvHN4L6vXlB1,Lying from You,Linkin Park,2003,,Band
4v7DCN09hgXkKazefkznDQ,Lonely,Akon,2005,,Solo
4wG1qk65XGBixayITnktbO,Violent Nature,I Prevail,2025,,Band
4wzt5Rrk3W98pHXAqutuJw,Talk,Coldplay,2005,,Band
4zvXVO0SrMYIMHVGdOm0DA,82nd All the Way,Sabaton,2019,,Band
51qi5dgc9CsotM87GmRkAX,Don't Leave Me This Way,Thelma Houston,1976,,Solo
52Zr0sinhWTCRrQhRRY4EP,Dragostea din tei,O-Zone,2004,,Band
52jP6hYf7FQxYiyK493YRb,1000 und 1 Nacht,Klaus Lage,1984,,Solo
53Za5vyGc1x7GxgJVRjRKc,Ain't Nobody,"Rufus, Chaka Khan",1983,,Band
54X78diSLoUDI3joC2bjMz,Purple Rain,Prince,1984,,Solo
56GbZVwxMdf1DENCluYS8A,Don't Dream It's Over,Crowded House,1986,,Band
57iDDD9N9tTWe75x6qhStw,Bitter Sweet Symphony,The Verve,1997,,Band
57lCa95tmjJ8EYdNTex8Kk,Thought Contagion,Muse,2018,,Band
58GxgFEG5uHc9oMhofuuIP,Drei Uhr Nachts,"Mark Forster, LEA",2021,,Band
59VR9MekNIMRLxQYfSn3Qr,Wann wird's mal wieder richtig Sommer,Rudi Carrell,1975,,Solo
5A3IdgGphzKS2etiGFB73S,Das Boot,U96,1992,,Band
5AMEZGb5elpeSCBqprt1zq,Wenn Engel Hassen,Subway To Sally,2001,,Band
5IKLwqBQG6KU6MP2zP80Nu,We Are Family,Sister Sledge,1979,,Band
5IMtdHjJ1OtkxbGe4zfUxQ,Escape (The Pina Colada Song),Rupert Holmes,1979,,Solo
5IVuqXILoxVWvWEPm82Jxr,Crazy In Love (feat. JAY-Z),"Beyoncé, JAŸ-Z",2003,,Band
5IumuUJqNO7K5SvniuDrBz,We Are Fucking Fucked,Muse,2022,,Band
5JOVSWohrjXW0BFTboh8XO,Don't Go,Yazoo,1982,,Band
5JSzcnZbYk3qv3nEn5Bo41,Über den Wolken,Reinhard Mey,1974,,Solo
5JnHzjo25FY1fMQMQVOawB,She's A Lady,Tom Jones,1971,,Solo
5PK1JCSdr34gWgzYHgt3Jq,Feeling Good,Muse,2001,,Band
5Pdd4QCr0rREXM03zBM2Eh,Walk Idiot Walk,The Hives,2004,,Band
5R8dQOPq8haW94K7mgERlO,Poker Face,Lady Gaga,2008,,Solo
5RX1E2J3qyF5MDSxPAxNtK,Heimweh (Dort wo die Blumen blüh'n),Freddy Quinn,1956,,Solo
5SHpuW2qjkQtFRpE6P9Nks,The 30th,Billie Eilish,2022,,Solo
5TOYgNohZAFEPOtnchPhZS,Arlandria,Foo Fighters,2011,,Band
5WSsTyBvMEFG3ac6JKb9gY,Wind of Change,Scorpions,1990,,Band
5Xc9L411IGVexidbaF7CHG,Don't Call Me Up,Mabel,2019,,Solo
5YXr4AGfUQpLSxtFSsKUh6,Map of the Problematique,Muse,2006,,Band
5YyBg6WxcZoLaImKH7g57m,Never Enough,Annisokay,2024,,Band
5ZOB4koZl0mogpMGFklgzd,ANYTHING > HUMAN,"Bad Omens, ERRA",2024,,Band
5ZULALImTm80tzUbYQYM9d,Dance Monkey,Tones And I,2019,,Solo
5ZrDlcxIDZyjOzHdYW1ydr,Barbie Girl,Aqua,1997,,Band
5aWpvFnByyWodgqYlC9kha,Westerland,Die Ärzte,1988,,Band
5bvgRxco3jgSZ3SP8rueDA,The Catalyst,Linkin Park,2010,,Band
5dyQ8spGuggi5RBqhkUToy,Ghost Love Score,Nightwish,2004,,Band
5egqKwgK5r5rvGD1LrtR7J,Points of Authority,Linkin Park,2000,,Band
5hM5arv9KDbCHS0k9uqwjr,Borderline,Tame Impala,2020,,Band
5haXbSJqjjM0TCJ5XkfEaC,I Got You (I Feel Good),James Brown & The Famous Flames,1966,,Band
5hnyJvgoWiQUYZttV4wXy6,Chasing Cars,Snow Patrol,2006,,Band
5jE48hhRu8E6zBDPRSkEq7,All About That Bass,Meghan Trainor,2015,,Solo
5jUA1njy3h6ynHLvPdEVHt,Disco Inferno,The Trammps,1976,,Band
5kNYGyPkorBykxgUE6EL1X,Ein Kompliment,Sportfreunde Stiller,2002,,Band
5kqIPrATaCc2LqxVWzQGbk,7 Years,Lukas Graham,2016,,Band
5kxVyCgEUND7E2QKG7JmoF,Teddy Picker,Arctic Monkeys,2007,,Band
5pYlc1vQ6999WU43WzF4SR,Barbra Streisand,Duck Sauce,2010,,Band
5plW0IS6XNNFFvLCH15edI,Arms Tonite,Mother Mother,2008,,Band
5rtpGGu3bPKsJEFjDGs63M,Murder On The Dancefloor,Sophie Ellis-Bextor,2001,,Solo
5rupf5kRDLhhFPxH15ZmBF,Muscle Museum,Muse,1999,,Band
5uDWqYSiWqWTXK9CbAKIA8,Endless War,Within Temptation,2019,,Band
5uuXtfqM7Wp3idCxyHeOll,With You,Linkin Park,2000,,Band
5vmRQ3zELMLUQPo2FLQ76x,Smalltown Boy,Bronski Beat,1984,,Band
5wANPM4fQCJwkGd4rN57mH,drivers license,Olivia Rodrigo,2021,,Solo
5wq8wceQvaFlOZovDtfr0j,Sunburn,Muse,1999,,Band
5xzdDMhFYiuUONB0Mha9VS,The Locomotion,Little Eva,1962,,Solo
60nZcImufyMA1MKQY3dcCH,Happy,Pharrell Williams,2014,,Solo
6120uJUyg6QDzaAJUosTx5,Knock On Wood,Amii Stewart,1979,,Solo
62AuGbAkt8Ox2IrFFb8GKV,Sweet Caroline,Neil Diamond,1969,,Solo
62d30BdDeSz8D9TFc3wx6m,Die guten Zeiten,"Wincent Weiss, Johannes Oerding",2021,,Band
62oaDoBveZxvZb94ziiMXi,Somebody That I Used to Know,"Gotye, Kimbra",2011,,Band
6393yGahSJ9slVdOwSxOVR,Pink Pony Club,Chappell Roan,2020,,Solo
63OFKbMaZSDZ4wtesuuq6f,Born To Be Wild,Steppenwolf,1968,,Band
65VHUZPZKgaG4SJVRkBPzn,Curse,Architects,2024,,Band
663Karu2rvKLdnY0eo1n3M,Call Me When You're Sober,Evanescence,2006,,Band
671W1lZGS9LcyzkMCRK3ve,Wireless,Within Temptation,2023,,Band
69uxyAqqPIsUyTO8txoP2M,Adventure of a Lifetime,Coldplay,2015,,Band
6Aczs53v2atSZBoGRKvH6o,Ever Dream,Nightwish,2002,,Band
6BGxbBw5J314z6BDxbEanm,The Globalist,Muse,2015,,Band
6DSvUZQdqtNfkJI4cAiUsM,The Twist,Chubby Checker,1960,,Solo
6Df0RNShcnfIJmrRoJ6Gc9,Unravelling,Muse,2025,,Band
6FH2WiSVFv5qglEg1O8xNn,Day-O (The Banana Boat Song),Harry Belafonte,1956,,Solo
6GYqOflskcZxPj8rkTZkOy,That's Amore,Dean Martin,1953,,Solo
6HMFtoMvv6n6Q2eOyPFyne,Walk Of Life,Dire Straits,1985,,Band
6HeFCUg1F1v0bnE3JFTlxz,Dear Rosemary,Foo Fighters,2011,,Band
6IwKcFdiRQZOWeYNhUiWIv,No One,Alicia Keys,2007,,Solo
6JGQ98So2ik5GVI9ydQ2Yh,Don't Speak,No Doubt,1996,,Band
6JymsaWDHk2Yj4e0yNBIFH,Jump Around,House Of Pain,1992,,Band
6LS2Di4Qf8hBUPxk5HZFgo,Zuckerpuppe (Aus der Bauchtanz-Truppe),Bill Ramsey,1961,,Solo
6LgJvl0Xdtc73RJ1mmpotq,Paranoid Android,Radiohead,1997,,Band
6M7WQZ4tAG72j2xXxi2a1z,Lollipop,The Chordettes,1958,,Band
6NJNZEjyCD2YWFPsBzIHnM,Upside Down,Diana Ross,1980,,Solo
6OnOIWxhezuZjF4APOl7oF,Sugar-Baby,Peter Kraus,1958,,Solo
6Pgkp4qUoTmJIPn7ReaGxL,Without You (feat. Sandro Cavazza),"Avicii, Sandro Cavazza",2017,,Band
6PidK6dCwt3KoB3T9yAxaX,Pack Die Badehose Ein,Cornelia Froboess,1951,,Solo
6PypGyiu0Y2lCDBN1XZEnP,Everybody Hurts,R.E.M.,1992,,Band
6Q3kathPO8kg7vA1BS5d9y,Stairway to the Skies,Within Temptation,2011,,Band
6QAsrXPnMSXIbV0yEJHlEX,Nothing Else Matters,Metallica,1991,,Band
6QfS2wq5sSC1xAJCQsTSlj,Shallow,"Lady Gaga, Bradley Cooper",2018,,Band
6QgjcU0zLnzq5OrUoSZ3OK,Feel It Still,Portugal. The Man,2017,,Band
6RTEzkbTQCivNPX5ShoJVv,"Siebzehn Jahr, blondes Haar",Udo Jürgens,1965,,Solo
6S9q9mEifNdnTNlli2xSuD,I Was Made For Lovin' You,KISS,1979,,Band
6TvxPS4fj4LUdjw2es4g21,Slipping Through My Fingers,ABBA,1981,,Band
6UEfyhyfhYQsyipxOd95Ie,The Ketchup Song (Aserejé),Las Ketchup,2002,,Band
6UsQsPIPP7gjdtlISXx3F2,A Demon's Fate,Within Temptation,2011,,Band
6UzeOH4bRPzKTo2wCXMZmC,By Myself,Linkin Park,2000,,Band
6Vkn98iI3sfATzdacZ307z,Song to Say Goodbye,Placebo,2006,,Band
6WK9dVrRABMkUXFLNlgWFh,Enjoy the Silence,Depeche Mode,1990,,Band
6WMQVizkSPAufOGOk2x4dL,Sick and Tired,Anastacia,2004,,Solo
6YffUZJ2R06kyxyK6onezL,Ring of Fire,Johnny Cash,1963,,Solo
6Z77oDcn6iI1MHFCBPjl24,Haunted,Evanescence,2003,,Band
6a0lr0jt8lKDJhsAYA49NS,Jeanny,Falco,1985,,Solo
6c9xVWbPeVPgrmWTYYeMTr,Alone,I Prevail,2016,,Band
6dHTkQYY3zdR9i9Nj0IGVW,I Like To Move It (feat. The Mad Stuntman),"Reel 2 Real, The Mad Stuntman, Erick Morillo",1994,,Band
6dXt4t5jgySnVTeTpT4C0l,Auf uns,Andreas Bourani,2014,,Solo
6f5sSC3ORfpUMYtE4J06VW,He Ain't Heavy He's My Brother,The Hollies,1969,,Band
6fsTEzoIeqlkydroKJqQAc,Ich will 'nen Cowboy als Mann,Gitte Hænning,1963,,Solo
6gCVA6ja6g0foIsWv0RuSZ,ATWA,System Of A Down,2001,,Band
6iNBM60VQtPUUhkKfwa5KV,It's My Life,Bon Jovi,2000,,Band
6jS8cXW9QsiQKiQ3LFiM4n,La Cintura,Alvaro Soler,2019,,Solo
6jaJVPLZOME4TtgW1Es5NT,Modern Misery,Architects,2018,,Band
6kWJvPfC4DgUpRsXKNa9z9,All That She Wants,Ace of Base,1993,,Band
6kopmMZiyLmw7h66uXcXR7,Valerie (feat. Amy Winehouse),"Mark Ronson, Amy Winehouse",2007,,Band
6lXKNdOsnaLv9LwulZbxNl,Major Tom (...völlig losgelöst),Peter Schilling,1982,,Solo
6lhzUwb3Ggfi1tPR3YoIh6,Über sieben Brücken musst du gehn,Karat,1978,,Band
6mVMUvitJxfshLxXew7SrI,Deal with the Devil,Judas Priest,2005,,Band
6naxalmIoLFWR0siv8dnQQ,Oops!...I Did It Again,Britney Spears,2000,,Solo
6oO7WMjD6kEvCITLbVj0mu,Hypnotize,System Of A Down,2005,,Band
6oZYLz0vZy8HhqwioRYtTp,Territorial Pissings,Nirvana,1991,,Band
6pPWRBubXOBAHnjl5ZIujB,The Best,Tina Turner,1989,,Solo
6qQGxKyy6LcyZVsWn93lyS,Pink Triangle,Weezer,1996,,Band
6rvldt6EoZwzogApECUCwd,Who Made Who,AC/DC,1986,,Band
6sHsXIJoEN5JpdkGMQDJxt,The Boy Is Mine,"Brandy, Monica",1998,,Band
6vgnumRgsZcc5fVFtpIRO1,Out Of The Dark,Falco,1998,,Solo
6wVWJl64yoTzU27EI8ep20,Crying Lightning,Arctic Monkeys,2009,,Band
6xq3Bd7MvZVa7pda9tC4MW,The Handler,Muse,2015,,Band
6y4FVJwf09ssxuRnlEgXkp,Let's Stick Together,Bryan Ferry,1976,,Solo
6yoa7L6BlqYqBHlLL96j6k,Give It Up,KC & The Sunshine Band,1983,,Band
6ysFjLtyUMPBZpVmewLTP2,CONCRETE JUNGLE,Bad Omens,2022,,Band
6zIfdCmmhPCX0cMquBsC37,Sweet Dreams (Are Made of This),"Eurythmics, Annie Lennox, Dave Stewart",1983,,Band
70gS6bjAjFc96IIunuRj1c,"Marmor, Stein und Eisen bricht",Drafi Deutscher,1965,,Solo
71yCMlsD6qbD7NmNUEoVNR,Ca plane pour moi,Plastic Bertrand,1977,,Solo
73bgGldcBMslNfamqrAjzQ,Loco Loco,Future Palace,2022,,Band
748pbjnFM9TVwQhDT3LC4N,Abenteuerland,Pur,1995,,Band
74Jrv3b6uiNBwp6pled13o,Voodoo Circus,Electric Callboy,2014,,Band
74mVYAylZcHEY4WVFoFplV,Space Oddity,David Bowie,1969,,Solo
75JFxkI2RXiU7L9VXzMkle,The Scientist,Coldplay,2002,,Band
75R95k0ICuZBFVEjBauOtt,Doomsday,Architects,2017,,Band
75n7mraeMycQOl2sDGYaTe,Mad Sounds,Arctic Monkeys,2013,,Band
78WVLOP9pN0G3gRLFy1rAa,Piano Man,Billy Joel,1973,,Solo
78mjaBatbfvwx5KJwI036H,Mz. Hyde,Halestorm,2012,,Band
798fUF6UnRn27xiVuKyJCi,Manic Monday,The Bangles,1985,,Band
7A4KdLy1DXOOC5fhIdDuHz,Haus am See,Peter Fox,2008,,Solo
7AvbPuycvrwFgbcL3mUmie,Like a Parasite,Annisokay,2021,,Band
7BkzAHnNW7WfrT4NcLaUDx,Casualty,Linkin Park,2024,,Band
7DfHmCnSLftVHPvtFPFsmA,Ein Bett Im Kornfeld,Jürgen Drews,1976,,Solo
7EZC6E7UjZe63f1jRmkWxt,Zombie,The Cranberries,1994,,Band
7Ewz6bJ97vUqk5HdkvguFQ,Heaven,Bryan Adams,1984,,Solo
7FwBtcecmlpc1sLySPXeGE,Dancing In the Dark,Bruce Springsteen,1984,,Solo
7GD8Ei7EHY0lRxENsqxfUz,Slaying The Dreamer,Nightwish,2002,,Band
7GVqIMb6OdMY5mG7fUrtOq,High Voltage,Linkin Park,2000,,Band
7HKez549fwJQDzx3zLjHKC,Start Me Up,The Rolling Stones,1981,,Band
7Kszjzps0xbQXyo1pO4KfE,Le Freak,CHIC,1978,,Band
7M8eZBRTD9QNasEVReEM0H,IGYEIH,Linkin Park,2024,,Band
7c5JuIrBDoaSbzIzAr7AxN,Cyanide Love,Within Temptation,2023,,Band
7d44vdLISNGl7zVAsgtWRI,Best Day,"Electric Callboy, Sido",2015,,Band
7dblNGnRXEBrVJunazs2U5,All I Have to Do Is Dream,The Everly Brothers,1958,,Band
7dyluIqv7QYVTXXZiMWPHW,Numb (Encore),"JAŸ-Z, Linkin Park",2004,,Band
7e2ExzCUgjOntmlZCTDSWk,Autobahn,Kraftwerk,1974,,Band
7e89621JPkKaeDSTQ3avtg,Sweet Home Alabama,Lynyrd Skynyrd,1974,,Band
7eafuv44YprITfOdzfVLoU,Hungry Eyes,Eric Carmen,1987,,Solo
7f9I5WdyXm5q1XqnSYgQZb,Brianstorm,Arctic Monkeys,2007,,Band
7gCeodIXjhCLDWC5H1LOmT,Your Song,Elton John,1970,,Solo
7gEpTMp9MQc1uJwivtL37R,Do Wah Diddy Diddy,Manfred Mann,1964,,Band
7hntkdvG3jWdFKm7pGCCzd,The House of Wolves,Bring Me The Horizon,2013,,Band
7iL6o9tox1zgHpKUfh9vuC,In Da Club,50 Cent,2003,,Solo
7idTMG6EKZy0531lIx8RJ5,Rigoletto: La Donna E' Mobile,Enrico Caruso,1908,,Solo
7j74lucZ59vqN67Ipe2ZcY,Maneater,Daryl Hall & John Oates,1982,,Band
7jhKkbM3KZvnuqzMX5fADH,In the Summertime,Mungo Jerry,1971,,Band
7lFO2ohmutWzUNDCyEv96n,Amethyst,Future Palace,2024,,Band
7o2CTH4ctstm8TNelqjb51,Sweet Child O' Mine,Guns N' Roses,1987,,Band
7pbnndpH911zmnBfInjD1u,Cyclone,Future Palace,2025,,Band
7poceSkGUBfSkqCdDBjbnU,The Heart Of Everything,Within Temptation,2007,,Band
7q6CybWAg3uYLgS5tDWqmd,Imaginary,Evanescence,2003,,Band
7rGevh0ljHtMxYhLNQDLjd,Demonizer,Judas Priest,2005,,Band
7rojor07Wzc7w3zXOxex80,Halfway Gone,Lifehouse,2010,,Band
7s25THrKz86DM225dOYwnr,Respect,Aretha Franklin,1967,,Solo
7tf64lNC31lWlTsih0nfZf,Good Vibrations,The Beach Boys,1966,,Band
7wyK7q4LROqh8nW2XUVKaD,Memento Mori,Architects,2016,,Band
7xkQdy0cy5ymoWT7nedvLz,Whatcha Say,Jason Derulo,2010,,Solo

----------------------
Deutschland Celebration
----------------------

003vvx7Niy0yvhvHt4a68B,Mr. Brightside,The Killers,2003,,Band
00vk0sEfb6mr2ehwSw0Uhn,"Don't Be So Shy,Imany", Filatov & Karas,2016,,Band
029NqmIySn1kOY305AAhxT,Sledgehammer,Peter Gabriel,1986,,Solo
03UrZgTINDqvnUMbbIMhql,Gangnam Style (강남스타일),PSY,2012,,Solo
05eNEozACh10Rn0ewFnH8Y,"See You Later, Alligator",Bill Haley & His Comets,1956,,Band
07QZEz7d4OS6vmS1iiwJCc,Tomorrow People,Ziggy Marley & The Melody Makers,1988,,Band
09lZ2Mx2NSpzy6KBpX2kDq,Gimme Hope Jo'Anna,Eddy Grant,1988,,Solo
0CAfXk7DXMnon4gLudAp7J,Low (feat. T-Pain),"Flo Rida, T-Pain",2008,,Band
0CJ1quCQhVX9Ax2jYwwovA,We No Speak Americano,"Yolanda Be Cool, DCup",2010,,Band
0CtkjgZpkgnW7U6WmHsakD,It's Like That,"Run–D.M.C., Jason Nevins",1997,,Band
0GUhPeExe5pXiGcBk03WSm,Banana (feat. Shaggy),"Conkarah, Shaggy",2019,,Band
0HOrDVS349XFcpCYsO2hAP,You Ain't Seen Nothing Yet,Bachman-Turner Overdrive,1974,,Band
0HZlND4giwzgolBpaNIRGV,Aquarius/Let The Sunshine In (The Flesh Failures),The 5th Dimension,1969,,Band
0J1Wfjo9H3R62yaCuuNDZX,So Yesterday,Hilary Duff,2003,,Solo
0KM2y796j63t5RHhvRUxld,"Relax, Take It Easy",MIKA,2006,,Solo
0KXcsCinixGmfcXjBqfEis,Sexy And I Know It,LMFAO,2011,,Band
0KxTWgl64TNOQXiGFJYc6t,Conga!,Miami Sound Machine,1985,,Band
0LoQuiekvzqx7n8flgEKzF,Get It On,T. Rex,1971,,Band
0MRYsngZv8UGICDehOYuYJ,Do You Love Me,The Contours,1962,,Band
0NdGw6EieDYg2URPjxp3Od,We Be Burnin' (Legalize It),Sean Paul,2005,,Solo
0O45fw2L5vsWpdsOdXwNAR,SexyBack (feat. Timbaland),"Justin Timberlake, Timbaland",2006,,Band
0OPQRCqdgAfgghajirG91o,Hallihallo,Andreas Gabalier,2018,,Solo
0PLGnOgmf8RPgZNkaaSYyM,Like a Prayer,MadHouse,2002,,Band
0PXw9NKvolWTo7U9JkNzmc,The Heat Is On,Glenn Frey,1984,,Solo
0PhU6i6Kei6x0CH3jocvA3,Freedom,Wham!,1984,,Band
0QKfiqpEU4h9ycPSzIFwYe,Maniac,Michael Sembello,1983,,Solo
0RggFSMfsJvAsrI4itTIzr,I Should Be so Lucky,Kylie Minogue,1988,,Solo
0SKjqIViHaXWhmaKuJbMrq,Sound Of The Underground,Girls Aloud,2003,,Band
0SLtqCrXBRrnkxSOMA3X4W,Let Me Entertain You,Robbie Williams,1997,,Solo
0SdfUMRHhcjxrMv5d9V1UP,Go West,Village People,1979,,Band
0UQhKr79tTjADwLHb77CwE,Pray,DJ BoBo,1996,,Solo
0Z7nGFVCLfixWctgePsRk9,TEXAS HOLD 'EM,Beyoncé,2024,,Solo
0aBKFfdyOD1Ttvgv0cfjjJ,More,USHER,2010,,Solo
0bRXwKfigvpKZUurwqAlEh,Lovely Day,Bill Withers,1977,,Solo
0cqRj7pUJDkTCEsJkx8snD,Shake It Off,Taylor Swift,2014,,Solo
0dLMK9i5dLoYYrGXFdlcT3,Because the Night,Cascada,2009,,Band
0dRMcoWTlEY3uA4ra8U2np,Who Do You Think You Are,Spice Girls,1997,,Band
0dvBxpL7aCjiKMFtsZRsFd,Love Generation,"Bob Sinclar, Gary Pine",2005,,Band
0fonScmHUzC0MglSLn9saA,Da Doo Ron Ron (When He Walked Me Home),The Crystals,1963,,Band
0gb1J5UrTpzaU1s3nupgCd,No Money,Galantis,2016,,Band
0hrBpAOgrt8RXigk83LLNE,The Sign,Ace of Base,1993,,Band
0iGckQFyv6svOfAbAY9aWJ,Hot N Cold,Katy Perry,2008,,Solo
0ikz6tENMONtK6qGkOrU3c,Wake Me Up Before You Go-Go,Wham!,1984,,Band
0j2T0R9dR9qdJYsB7ciXhf,Stronger,Kanye West,2007,,Solo
0lLQ5Bgf2hAg8TU33xoiGX,Mexico,Les Humphries Singers,1972,,Band
0lYBSQXN6rCTvUZvg9S0lU,Let Me Love You,"DJ Snake, Justin Bieber",2016,,Band
0mrU1w2UMIZnR2I6oguwGz,Keep On Movin',"Five, Steve Mac",1999,,Band
0mwr3py9MZIOdvOrI31h6r,California Girls,The Beach Boys,1965,,Band
0nHdPB5NA4xkoDoSLbREwD,Ma quale idea,Pino D'Angiò,1980,,Solo
0nIbbqHSaenYtibtoSKYaF,Saturday Night,Whigfield,1994,,Solo
0nQLxiNGbbUoSGrxksETLm,The Power,SNAP!,1990,,Band
0ofMkI3jzmGCElAOgOLeo3,The Rhythm of the Night,Corona,1994,,Band
0p84j3ol6LPVQwW7cPB3y4,Goin' Home,The Osmonds,1973,,Band
0pENfDf4UtQF2q2A4xSi27,My Heart Goes Boom,French Affair,2000,,Band
0puf9yIluy9W0vpMEUoAnN,Bang Bang,"Jessie J, Ariana Grande, Nicki Minaj",2014,,Band
0qQiqwzddwQmtoGcF3Uzm5,The Bomb! (These Sounds Fall Into My Mind),The Bucketheads,1995,,Band
0vR2rIVORmgeKiGIgNT0fV,By Your Side (feat. Tom Grennan),"Calvin Harris, Tom Grennan",2021,,Band
0x93VOS1AOKUgJkZjcG1sh,CAN'T STOP THE FEELING!,Justin Timberlake,2016,,Solo
0xbkxTqSaW5blsYgRXpB5I,Funkin' for Jamaica,Tom Browne,1980,,Solo
0y7Xf4d6snUqmMFrCTD3ql,I Kiss Your Lips,Tokyo Ghetto Pussy,1995,,Band
129lYDVKnWtlJc2PZJviuA,A Dios Le Pido,Juanes,2002,,Solo
12s8fpxTKhQl4HmKUKEYZv,Ma che bello questo amore,Eros Ramazzotti,1987,,Solo
14iN3o8ptQ8cFVZTEmyQRV,I Kissed A Girl,Katy Perry,2008,,Solo
19SxvsX3cFBDExvGaRkyQr,Walkin' Back to Happiness,Helen Shapiro,1961,,Solo
1AWQoqb9bSvzTjaLralEkT,Rock Your Body,Justin Timberlake,2002,,Solo
1AdjxUGO34wAU2AflAsq5n,Don't Talk Just Kiss,Right Said Fred,1991,,Band
1B75hgRqe7A4fwee3g3Wmu,U Can't Touch This,MC Hammer,1990,,Solo
1DqdF42leyFIzqNDv9CjId,Dynamite,Taio Cruz,2010,,Solo
1Fka6XCbSxs4ElXQOe28xf,Sun Is Shining,Funkstar De Luxe,1999,,Solo
1Fovcw2l65GDnf3utzqdGC,This Ole House,Shakin' Stevens,1981,,Solo
1H61DWGuD5nk6ZAm6Jb92B,How Much Is The Fish?,Scooter,1998,,Band
1HOMkjp0nHMaTnfAkslCQj,My Sharona,The Knack,1979,,Band
1IivtUqnUfW9jH3pM08D8U,Oh Jonny,Jan Delay,2009,,Solo
1Je1IMUlBXcx1Fz0WE7oPT,Wannabe,Spice Girls,1996,,Band
1Jwc3ODLQxtbnS8M9TflSP,Walk Like an Egyptian,The Bangles,1986,,Band
1N67xd3y9s23vitoiP3Zv5,Dance The Night Away,The Mavericks,1998,,Band
1Pq47iFLC5U7j8xeNiNcuS,It's My Party,Lesley Gore,1963,,Solo
1RmgLVx1f90AuMnqRHZS5j,Come Back and Stay,Paul Young,1983,,Solo
1as0uTeW3VLa9ifg8Gi9Fe,Lay Your Love on Me,Racey,1978,,Band
1d4N1mJ6m4V7mGlIfamTGy,Why Did You Do It?,Stretch,1975,,Band
1dtIaSlyrLI04sqYa8nLyN,Rudolph the Red-Nosed Reindeer,Gene Autry,1949,,Solo
1fDsrQ23eTAVFElUMaf38X,American Pie,Don McLean,1971,,Solo
1gv4xPanImH17bKZ9rOveR,Raise Your Glass,P!nk,2010,,Solo
1h2xVEoJORqrg71HocgqXd,Superstition,Stevie Wonder,1972,,Solo
1i1rNVtxbE7rdFfpHuNq2j,Hold My Hand,Jess Glynne,2015,,Solo
1kPpge9JDLpcj15qgrPbYX,Good Time,"Owl City, Carly Rae Jepsen",2012,,Band
1ot6jEe4w4hYnsOPjd3xKQ,I'm So Excited,The Pointer Sisters,1982,,Band
1qPbGZqppFwLwcBC1JQ6Vr,Wonderwall,Oasis,1995,,Band
1rqqCSm0Qe4I9rUvWncaom,High Hopes,Panic! At The Disco,2018,,Band
1tcC3OHLh3ROsSIwfM8bEp,"Let's Go Dancin' (Ooh La, La, La)",Kool & The Gang,1982,,Band
1uXbwHHfgsXcUKfSZw5ZJ0,Run the World (Girls),Beyoncé,2011,,Solo
1v5ux3K8vE1CWxDa0PVyGu,Disco Pogo,Die Atzen,2010,,Band
1xQ6trAsedVPCdbtDAmk0c,Savage Love (Laxed - Siren Beat),"Jawsh 685, Jason Derulo",2020,,Band
1zhUaodzu43qKwK0idP6IA,Kylie,Akcent,2006,,Band
1zz3XExGFBdG49DSpDSaru,Play That Funky Music,Wild Cherry,1976,,Band
22f8RBGm0xklH4wSh36J3w,Jein,Fettes Brot,1996,,Band
23RoR84KodL5HWvUTneQ1w,(It Goes Like) Nanana,Peggy Gou,2023,,Solo
23x1l5fneuI3tfw52NftWH,Love Comes Again,"Tiësto, BT",2004,,Band
29p6UW08MXzwj9thWBW3uF,Hero,"AFROJACK, David Guetta",2021,,Band
2D7GRdSAcRkBsDtXsnjh1v,How Do You Do!,Roxette,1992,,Band
2DnJjbjNTV9Nd5NOa1KGba,You're So Vain,Carly Simon,1972,,Solo
2FHnN5ELL83TGbtXMDzoiJ,I Like Chopin,Gazebo,1983,,Solo
2FT4gakd3matx4vI6YCTD8,American Woman,The Guess Who,1970,,Band
2Foc5Q5nqNiosCNqttzHof,Get Lucky (feat. Pharrell Williams and Nile Rodgers),"Daft Punk, Pharrell Williams, Nile Rodgers",2013,,Band
2Fxmhks0bxGSBdJ92vM42m,bad guy,Billie Eilish,2019,,Solo
2G2YzndIA6jeWFPBXhUjh5,Be My Baby,The Ronettes,1963,,Band
2GxrNKugF82CnoRFbQfzPf,i like the way you kiss me,Artemas,2024,,Solo
2IvetNzSZMH5gwjInoyr18,It's Raining Men,The Weather Girls,1982,,Band
2LjiPAQOVazT8sRyXL3XRs,Informer,Snow,1993,,Solo
2M2WJ7gBlcKNxdhyfPp9zY,Best of My Love,The Emotions,1977,,Band
2Mz7HwloqFNdA6iZeZk5PJ,"Djobi, Djoba",Gipsy Kings,1987,,Band
2P4OICZRVAQcYAV2JReRfj,Waiting For Love,Avicii,2015,,Solo
2PnlsTsOTLE5jnBnNe2K0A,The Emptiness Machine,Linkin Park,2024,,Band
2PpruBYCo4H7WOBJ7Q2EwM,Hey Ya!,Outkast,2003,,Band
2QMdxS78DaXP8aS8qJqGzU,Destination Calabria (Feat. Crystal Waters),Alex Gaudino,2007,,Solo
2QtxlzvSBONjs1bDC34ixs,Yeah 3x,Chris Brown,2011,,Solo
2Uy6EhQXAYkXA6MohPgjpV,One More Time,Daft Punk,2000,,Band
2WfaOiMkCvy7F5fcp2zZ8L,Take on Me,a-ha,1985,,Band
2X9fsxb6O6bYEopJYmUbNC,Gold,Spandau Ballet,1983,,Band
2aoo2jlRnM3A0NyLQqMN2f,All Along the Watchtower,Jimi Hendrix,1968,,Solo
2bLqfJjuC5syrsgDsZfGmn,The Way I Are,"Timbaland, Keri Hilson, D.O.E.",2007,,Band
2dCmGcEOQrMQhMMS8Vj7Ca,Super Freak,Rick James,1981,,Solo
2dPhjZxTNUUlJRMwgsAJxk,Kiss (When The Sun Don’t Shine),Vengaboys,1998,,Band
2ekn2ttSfGqwhhate0LSR0,New Rules,Dua Lipa,2017,,Solo
2lnzGkdtDj5mtlcOW2yRtG,"Whenever, Wherever",Shakira,2001,,Solo
2qSkIjg1o9h3YT9RAgYN75,Espresso,Sabrina Carpenter,2024,,Solo
2tUBqZG2AbRi7Q0BIrVrEj,I Wanna Dance with Somebody (Who Loves Me),Whitney Houston,1987,,Solo
2tmp3qeYcaOYE2cUsQBkWH,Co-Co,Sweet,1971,,Band
2tyMOrVliF1wRnumVdcEwP,Put Your Hands Up For Detroit,Fedde Le Grand,2006,,Solo
2uAgZ0PelSImQe3BME9CiT,Solo Para Ti,"Alvaro Soler, Topic",2022,,Band
2ygMBIctKIAfbEBcT9065L,Pump It,Black Eyed Peas,2005,,Band
2zUKhXh78KzEnC7NzigNjn,Ich fühl' mich Disco,Christian Steiffen,2013,,Solo
30cSNer6TV8x2utjULVeQ5,SOS,Rihanna,2006,,Solo
32OlwWuMpZ6b0aN2RZOeMS,Uptown Funk (feat. Bruno Mars),"Mark Ronson, Bruno Mars",2015,,Band
34yIb7hw5SuR80au1BHTtt,Oh Happy Day,The Edwin Hawkins Singers,1969,,Band
37Vct7oArn3tHN3XXCJJ7p,"Summertime, Summertime",The Jamies,1958,,Band
3AlpkljBS1AU7HFVPms8K6,Santa's Coming for Us,Sia,2017,,Solo
3C0nOe05EIt1390bVABLyN,On The Floor,"Jennifer Lopez, Pitbull",2011,,Band
3CNLrZJST54nE4PUkS83Sl,Power Over Me,Dermot Kennedy,2019,,Solo
3CRDbSIZ4r5MsZ0YwxuEkn,Stressed Out,Twenty One Pilots,2015,,Band
3Cbh1EJ6OYAPkkNRuTIz6T,Heatwave,Martha Reeves & The Vandellas,1963,,Band
3Dq2FHZ73hBUG815MoapQu,Men In Black,Will Smith,1997,,Solo
3FvQH46A4B37eNHjooIXcu,Bad,Michael Jackson,1987,,Solo
3HEBH4eycANlb6xqAc8HE6,Pump It Up!,Danzel,2004,,Solo
3IVgZoEiWpv2FKgWpmdPeL,I Could Never Love Another (After Loving You),The Temptations,1968,,Band
3Jw1RfDEUEBBIIyNjGt9xP,Friday On My Mind,The Easybeats,1965,,Band
3K7Q9PHUWPTaknlbFPThn2,Celebration,Kool & The Gang,1980,,Band
3LCup59DMpM3r6fwQsZMYs,Paris Latino,Bandolero,1983,,Band
3LWDPEXEaLBRGNLbdcbwBR,Mr. Saxobeat,Alexandra Stan,2011,,Solo
3MjUtNVVq3C8Fn0MP3zhXa,...Baby One More Time,Britney Spears,1999,,Solo
3MrRksHupTVEQ7YbA0FsZK,The Final Countdown,Europe,1986,,Band
3PR79C1jVvLLLmgdyHkXl3,That's the Way (I Like It),KC & The Sunshine Band,1975,,Band
3PkvYP6223QO3xlW2THd1x,Would I Lie To You?,Charles & Eddie,1992,,Band
3SFXsFpeGmBTtQvKiwYMDA,Pretty Fly (For A White Guy),The Offspring,1998,,Band
3SnGymj6ijE2iuUfWxLo1q,I'm Coming Out,Diana Ross,1980,,Solo
3SzdlxAyPc6ryrPCAEob4N,Oye Mi Canto,Gloria Estefan,1989,,Solo
3Vby4nGmtbDo7HDJamOWkT,Stuck In The Middle With You,Stealers Wheel,1972,,Band
3WMbD1OyfKuwWDWMNbPQ4g,Daddy Cool,Boney M.,1976,,Band
3dPQuX8Gs42Y7b454ybpMR,Seven Nation Army,The White Stripes,2003,,Band
3eXI3pYpiY1nRwhvW0c8Qi,Spinning Around,Kylie Minogue,2000,,Solo
3fnPv1LRMxENr63afVhaz1,Honky Tonk Women,The Rolling Stones,1969,,Band
3jkNt5kbIFmKqlry1bzs5F,María,Ricky Martin,1995,,Solo
3lcUQs5nyrjoHpQR9Vo2aA,Dirty Cash (Money Talks),The Adventures Of Stevie V,1989,,Band
3oWZwdnnwsCwMukQbPsEiy,"5, 6, 7, 8",Steps,1998,,Band
3yrSvpt2l1xhsV9Em88Pul,Brown Eyed Girl,Van Morrison,1967,,Solo
41nT1Sp6ChR65FbsdLlFHW,Bootylicious,Destiny's Child,2001,,Band
43DeSV93pJPT4lCZaWZ6b1,The Boys Are Back In Town,Thin Lizzy,1976,,Band
43LjRHyyetSWnPpW7CWThG,Do You Believe In Love,Huey Lewis & The News,1982,,Band
45ghY6i6XTeHuOEtG1HwrQ,Keep On Running,The Spencer Davis Group,1965,,Band
47BBI51FKFwOMlIiX6m8ya,I Want It That Way,Backstreet Boys,1999,,Band
48i055G1OT5KxGGftwFxWy,"Oh, Pretty Woman",Roy Orbison,1964,,Solo
4CeeEOM32jQcH3eN9Q2dGj,Smells Like Teen Spirit,Nirvana,1991,,Band
4DHcnVTT87F0zZhRPYmZ3B,Flowers,Miley Cyrus,2023,,Solo
4JEylZNW8SbO4zUyfVrpb7,Caribbean Queen (No More Love On the Run),Billy Ocean,1984,,Solo
4LRPiXqCikLlN15c3yImP7,As It Was,Harry Styles,2022,,Solo
4RAR8g8fZNB106ezUurnE0,Dancing Feet (feat. DNCE),"Kygo, DNCE",2022,,Band
4SDGb2V6J2rEbxNujwNeMl,Wipe Out,The Surfaris,1963,,Band
4U1EyDvrf1gTJ6fJPL3Xde,Twisting By The Pool,Dire Straits,1983,,Band
4UJ1AKSbXAbPlPVFe66wK7,Gypsy Woman (She's Homeless) (La Da Dee La Da Da),Crystal Waters,1991,,Solo
4X03MUMRXh51b5sulKYi3F,Bad Boy,Miami Sound Machine,1985,,Band
4ZVZBc5xvMyV3WzWktn8i7,Everyday People,Sly & The Family Stone,1969,,Band
4ZsYF5rjUXIwds6KNimPRo,Sweet Freedom,Michael McDonald,1986,,Solo
4ZtFanR9U6ndgddUvNcjcG,good 4 u,Olivia Rodrigo,2021,,Solo
4aVuWgvD0X63hcOCnZtNFA,Hold the Line,TOTO,1978,,Band
4b2tcjrG1qUkSdsqEFP2dB,Sun Is Shining,"Axwell /\ Ingrosso, Axwell, Sebastian Ingrosso",2015,,Band
4cQ4uc9psVcYC2S89nd7JG,Doctor Jones,Aqua,1997,,Band
4ccM2xBxicGigjLqt6A0YY,Accidentally In Love,Counting Crows,2004,,Band
4dzreTCcGVgeF1vCcd22AC,Don't Stop Movin',S Club,2001,,Band
4ePP9So5xRzspjLFVVbj90,Two Princes,Spin Doctors,1991,,Band
4fTHdMTq0Znl3djLI1Typn,Cheerleader,"OMI, Felix Jaehn",2015,,Band
4gcxYHlffrCstGw7EPWB88,Shake Your Booty,"KC, The Sunshine Band",1976,,Band
4gvea7UlDkAvsJBPZAd4oB,The Boys Of Summer,Don Henley,1984,,Solo
4h9wh7iOZ0GGn8QVp4RAOB,I Ain't Worried,OneRepublic,2022,,Band
4hfIVhq0F0zFUcrbecsYmo,Let's Get It Started,Black Eyed Peas,2003,,Band
4i2qxFEVVUi8yOYoxB8TCX,Midnight Sky,Miley Cyrus,2020,,Solo
4pbJqGIASGPr0ZpGpnWkDn,We Will Rock You,Queen,1977,,Band
4qM461TqtpnP4GLRIXwEnW,Sussudio,Phil Collins,1985,,Solo
4qO03RMQm88DdpTJcxlglY,Call Me,Blondie,1980,,Band
4rkiST7hsHEuU5EMvApemD,Everybody's Free (To Feel Good),Rozalla,1991,,Solo
4saklk6nie3yiGePpBwUoc,Dynamite,BTS,2020,,Band
4ut5G4rgB1ClpMTMfjoIuy,High On Life (feat. Bonn),"Martin Garrix, Bonn",2018,,Band
4vfzROmNsxedKICcHod5Rh,Here Comes the Hotstepper,iNi Kamoze,1994,,Solo
4wNsh8RqG6bvwuUNaX18pT,Zehn kleine Jägermeister,Die Toten Hosen,1996,,Band
4x3XzqDLZbRF7Ap6MIaJ9a,Bad Romance,Lady Gaga,2009,,Solo
4yQw7FR9lcvL6RHtegbJBh,Think,Aretha Franklin,1968,,Solo
4zAV2pS81cE30xhBHwG9Pf,Schüttel deinen Speck,Peter Fox,2008,,Solo
4zGBAwjlJ0TP02mHH8Wpmo,I Love Rock N Roll,The Arrows,1975,,Band
52Zr0sinhWTCRrQhRRY4EP,Dragostea din tei,O-Zone,2004,,Band
54OBgO0Xwu20Jak9TMXbR7,Wellerman,Nathan Evans,2021,,Solo
54OR1VDpfkBuOY5zZjhZAY,YMCA,Village People,1978,,Band
557un1HgwYMuqfWGSTmnxw,Single Ladies (Put a Ring on It),Beyoncé,2008,,Solo
5AKQ1JHezaXDmN5SyMSpEr,Fascination,Alphabeat,2008,,Band
5CeL9C3bsoe4yzYS1Qz8cw,Girls & Boys,Blur,1994,,Band
5D2mYZuzcgjpchVY1pmTPh,Candy Shop,"50 Cent, Olivia",2005,,Band
5J74pF4Nn86qyLQihpkXq4,Beach Baby,First Class,1974,,Band
5LxvwujISqiB8vpRYv887S,I Want You Back,The Jackson 5,2000,,Band
5O2Ft5ENCfAh6JCgykJs76,Round Round,Sugababes,2002,,Band
5UcMexhqzhHXwGvYuA6kVj,Crying At the Discoteque,Alcatraz,2012,,Band
5UqCQaDshqbIk3pkhy4Pjg,Levels,Avicii,2011,,Solo
5VFB5iAU0aHUXVPD5JZxnR,Set Me Free,Jaki Graham,1986,,Solo
5W3cjX2J3tjhG8zb6u0qHn,"Harder, Better, Faster, Stronger",Daft Punk,2001,,Band
5XSSGkeN6FJm7AAowBCLEW,I'm an Albatraoz,AronChupa,2014,,Solo
5YWu6dt50Nieq8qi572RF8,9 bis 9,"SIRA, Bausa, badchieff",2023,,Band
5Z8EDau8uNcP1E8JvmfkZe,School's Out,Alice Cooper,1972,,Solo
5ZIwhaTKGjxXMfvKO9EVXU,Ich bin wie du,Marianne Rosenberg,1975,,Solo
5ZULALImTm80tzUbYQYM9d,Dance Monkey,Tones And I,2019,,Solo
5ZrDlcxIDZyjOzHdYW1ydr,Barbie Girl,Aqua,1997,,Band
5fY1cimPkXg4fgiYQlHjrJ,"Schnaps, das war sein letztes Wort",Willy Millowitsch,1960,,Solo
5jCdKF1UAVD4fqkZ9GIWTf,Shine,Aswad,1994,,Band
5jUA1njy3h6ynHLvPdEVHt,Disco Inferno,The Trammps,1976,,Band
5kLCC1MMxOACV632KrSAS3,"Poupée de cire, poupée de son",France Gall,1965,,Solo
5lUTzPuiloBHm1qEaJcJfF,Candyman,Christina Aguilera,2006,,Solo
5r2OXBrMdXIBk3BQemVUGJ,Walking Into Sunshine,Central Line,1981,,Band
5u6y4u5EgDv0peILf60H5t,Oye Como Va,Santana,1970,,Band
5vNRhkKd0yEAg8suGBpjeY,APT.,"ROSÉ, Bruno Mars",2024,,Band
5vlEg2fT4cFWAqU5QptIpQ,Replay,Iyaz,2009,,Solo
5w9c2J52mkdntKOmRLeM2m,Con Calma,"Daddy Yankee, Snow",2019,,Band
5wLvXRcwv2pvQsuRjt9piO,Hypnotize,The Notorious B.I.G.,1997,,Solo
5xzdDMhFYiuUONB0Mha9VS,The Locomotion,Little Eva,1962,,Solo
5yGTQzYbEdY6B9RFZJypgt,Rhythm Of The Night,DeBarge,1985,,Band
62AuGbAkt8Ox2IrFFb8GKV,Sweet Caroline,Neil Diamond,1969,,Solo
63CSozvYUEudPp12679UVF,Don't Worry (with Ray Dalton),"Madcon, Ray Dalton",2015,,Band
645ojoX65Fjby38wU9mSZd,Sweet Soul Music,Arthur Conley,1967,,Solo
64B4UbGRLtGRBtiN2m8OvF,Love Shack,The B-52's,1989,,Band
65lHwG8JFJs67PnOUhCYPq,Fire,The Pointer Sisters,1978,,Band
67iAlVNDDdddxqSD2EZhFs,I'm Gonna Be (500 Miles),The Proclaimers,1988,,Band
698ItKASDavgwZ3WjaWjtz,Faded,Alan Walker,2015,,Solo
69RH84na5iUNwrwxpgjC5j,Where Did Our Love Go,The Supremes,1964,,Band
6BxLhB782dObX1y4kDJDIU,Always There,"Incognito, Jocelyn Brown",1991,,Band
6GHMJJjpoqiBnw3wgSplL7,Beep,"The Pussycat Dolls, will.i.am",2005,,Band
6I9VzXrHxO9rA9A5euc8Ak,Toxic,Britney Spears,2003,,Solo
6IdcyYfBz9LG3SWIKVyNgh,Arranca (feat. Omega),"Becky G, Omega",2023,,Band
6JGQ98So2ik5GVI9ydQ2Yh,Don't Speak,No Doubt,1996,,Band
6JZYMxvcoeLD4IifJPvDux,Dirty Diana,Michael Jackson,1987,,Solo
6JgrTw5Ai42k2NHjrsfxow,Rote Rosen,Freddy Breck,1973,,Solo
6KuHjfXHkfnIjdmcIvt9r0,On Top Of The World,Imagine Dragons,2012,,Band
6MPTmoLt4IaL1XKRgKER4I,Daddy DJ,Daddy DJ,2000,,Band
6QeQs7lz8qR2miwx9n2epp,Ouzo,Vincent Gross,2023,,Solo
6QqK6a1CmV4L504uMQaGDH,Freeze-Frame,The J. Geils Band,1981,,Band
6Qyc6fS4DsZjB2mRW9DsQs,Iris,The Goo Goo Dolls,1998,,Band
6RrUUleT9JI0KQHZYBdJMB,Sunny Days,"Armin van Buuren, Josh Cumbee",2017,,Band
6V2qGKZWIR7xsbhFtUQdsn,Sun Is Up,INNA,2011,,Solo
6YexWyp9s0V0w1uGhtITsd,Holding On,Leony,2023,,Solo
6b37xrsNCWYIUphFBazqD6,Me Gustas Tu,Manu Chao,2001,,Solo
6dHTkQYY3zdR9i9Nj0IGVW,I Like To Move It (feat. The Mad Stuntman),"Reel 2 Real, The Mad Stuntman, Erick Morillo",1994,,Band
6egmD7auKp3N7gy72uBnFQ,Physical,Olivia Newton-John,1981,,Solo
6hAUzkpIfh81JFJFq72iVN,Sacramento (A Wonderful Town),Middle Of The Road,1971,,Band
6hTBP6QLwJdxbKyLlLXrGo,Let's Talk About Sex,Salt-N-Pepa,1990,,Band
6hnCx2jmD0RPkbtzUXSBn4,I Want You to Want Me,Cheap Trick,1977,,Band
6hpmTwgNCz81H2bFEREx29,Get Up I Feel Like Being Like A Sex Machine,"James Brown, The Original J.B.s",1970,,Band
6ioBgySxoeQKALvAeLEmId,Express Yourself,Madonna,1989,,Solo
6jhNnyDMpxD8xCBATr9CuM,Schöner fremder Mann,Connie Francis,1961,,Solo
6kPJZM97LwdG9QIsT7khp6,Solo (feat. Demi Lovato),"Clean Bandit, Demi Lovato",2018,,Band
6pMHMzwTsWIxLigr54GGVm,Rock Your Baby,George McCrae,1974,,Solo
6qo9HLauNkHByF9tqXDeNB,Itchycoo Park,Small Faces,1967,,Band
6rcSwxdJ4syStEmQZwiNch,La Cumbia,Sailor,1991,,Band
6uufzRkA8oCsvnz2QSoJ4J,Oh Carolina,Shaggy,1993,,Solo
6x4tKaOzfNJpEJHySoiJcs,Mambo No. 5 (a Little Bit of...),Lou Bega,1999,,Solo
6yeZM8gyykjaf8w0GqRfK4,Wildberry Lillet,Nina Chuba,2022,,Solo
6yraFyhgbavO2amB2lhpfi,Waiting All Night (feat. Ella Eyre),"Rudimental, Ella Eyre",2013,,Band
6ztstiyZL6FXzh4aG46ZPD,Boogie Wonderland (with The Emotions),"Earth, Wind & Fire, The Emotions",1979,,Band
72BnKkKnrOeCDY9vy2avFk,Ti Sento,Matia Bazar,1985,,Band
75A3w3uEqc2frjzHA1KUMt,Ding Dong,EAV (Erste Allgemeine Verunsicherung),1985,,Band
78zYiMv9yNTHgmm6kaUPCm,Saturday Night,Bay City Rollers,1975,,Band
79s3pSe1u6ggQBEwVPm58Z,Tossin' And Turnin',Bobby Lewis,1961,,Solo
7Ar4G7Ci11gpt6sfH9Cgz5,Listen to the Music,The Doobie Brothers,1972,,Band
7FNIEfhhBlzsZFxCwI5Nwh,A Little Less Conversation,"Elvis Presley, Junkie XL",2002,,Band
7IyXO4OsPqqmB0v1ebT9Ok,Window Of Hope,Oleta Adams,1993,,Solo
7Jh1bpe76CNTCgdgAdBw4Z,Heroes,David Bowie,1977,,Solo
7bS22zfBXeHXrzyaIqmhKG,Freedom Blues,Little Richard,1970,,Solo
7bjtTJ4M10kpl2pGJxsg1Q,I’m On Fire,5000 Volts,1975,,Band
7cv28LXcjAC3GsXbUvXKbX,I Will Survive,Gloria Gaynor,1978,,Solo
7e89621JPkKaeDSTQ3avtg,Sweet Home Alabama,Lynyrd Skynyrd,1974,,Band
7ef4DlsgrMEH11cDZd32M6,One Kiss (with Dua Lipa),"Calvin Harris, Dua Lipa",2018,,Band
7fbBhfx6KPy2pymlqIgqsa,I Can't Help Myself (I Love You I Want You),The Kelly Family,1996,,Band
7gfAYm7X5HMSuKcO4dy8Wi,Loco in Acapulco,Four Tops,1988,,Band
7hnqJYCKZFW7vMoykaraZG,French Kiss,"Lil' Louis, The World",1989,,Band
7iN1s7xHE4ifF5povM6A48,Let It Be,The Beatles,1970,,Band
7lHZVqUWCH19fUw0ZI2euy,Mi Gente,"J Balvin, Willy William",2017,,Band
7ovnSuNF7xp348DXh7Ns5u,Bon bon vie (Gimme the Good Life),T.S. Monk,1980,,Solo
7qCAVkHWZkF44OzOUKf8Cr,El Perdón (with Enrique Iglesias),"Nicky Jam, Enrique Iglesias",2015,,Band
7qiZfU4dY1lWllzX7mPBI3,Shape of You,Ed Sheeran,2017,,Solo
7s25THrKz86DM225dOYwnr,Respect,Aretha Franklin,1967,,Solo
7uuo02BIR76qZ6ZXQhz7Ys,Played-A-Live (The Bongo Song),Safri Duo,2001,,Band
7whfo8cT6vgHJh1jngqNvt,SUMMER BREEZE,The Isley Brothers,1974,,Band
7x8dCjCr0x6x2lXKujYD34,The Pretender,Foo Fighters,2007,,Band
7xR6hQnqYOjpBu343MRMqa,Flying High,Captain Hollywood Project,1994,,Band
7xXSaVgEvUrV1GCc3oO8HC,The Spirit of the Hawk,Rednex,2000,,Band

----------------------
Deutschland Soundtracks Expansion
----------------------

008wXvCVu8W8vCbq5VQDlC,Django,"Luis Bacalov, Rocky Roberts",1966,Django Unchained,Band
02TVrXmI9EBYpuSdmTr4gn,I See You,Leona Lewis,2009,Avatar|Avatar – Aufbruch nach Pandora,Solo
039tOvW37VzuntOfrUVS8L,Raindrops Keep Fallin' On My Head,Burt Bacharach,1969,Butch Cassidy and the Sundance Kid|Zwei Banditen,Solo
09zrIoLQUv9PZRaP4jBC7T,Charlie's Angels,Dominik Hauser,2012,Charlie's Angels|Drei Engel für Charlie,Solo
0Ai8kxhieTjlqrdHBz9ZPC,Listen,Beyoncé,2006,Dreamgirls,Solo
0BlMvHfyilCmgKrNUQabR6,Jai Ho,"Sukhwinder Singh, Tanvi Shah, Mahalakshmi Iyer, Vijay Prakash",2009,Slumdog Millionaire|Slumdog Millionär,Band
0Bm4ERW2KHz2Ol0JFlAh2n,Falcon Crest Main Theme,Marc Bradley,2013,Falcon Crest,Solo
0GJdlmUYa1oBqjcj93Z5GC,The Bridge On The River Kwai - The Colonel Bogey March,Malcolm Arnold,1957,The Bridge On The River Kwai|Die Brücke am Kwai,Solo
0HIwcD6kicYqmY0yGWdZId,Two and a Half Men (Manly Men),TV Tunesters,2012,Two and a Half Man|Two and a Half Men,Band
0OFknyqxmSQ42SoKxWVTok,Un Poco Loco,"Anthony Gonzalez, Gael Garcia Bernal",2017,Coco|Coco – Lebendiger als das Leben!,Band
0UREO3QWbXJW3gOUXpK1am,The Fresh Prince of Bel-Air,DJ Jazzy Jeff & The Fresh Prince,1990,The Fresh Prince of Bel-Air|Der Prinz von Bel-Air,Band
0Uy8lcDHiPDicBQ7rnDgcK,Princes Of The Universe,Queen,1986,A Kind Of Magic,Band
0ZNYGrmcehorhh9JOeg5Iv,Stay Alive,José González,2013,The Secret Life of Walter Mitty|Das erstaunliche Leben des Walter Mitty,Solo
0bSHwuTOZVJUXWT03H9oD2,Succession (Main Title Theme),Nicholas Britell,2019,Succession,Solo
0g9ne3xgPwtCj4W7QR7RFY,Out Of Reach,GABRIELLE,2001,Bridget Jones's Diary|Bridget Jones – Schokolade zum Frühstück,Solo
0gJBPDy458wPeWGHei3TvO,Here I Am,Bryan Adams,2002,Spirit: Stallion Of The Cimarron|Spirit – Der wilde Mustang,Solo
0juPSJLFnLFim7BK6VzTes,The Pink Panther Theme,"Henry Mancini, Plas Johnson",1963,The Pink Panther|Der rosarote Panther,Band
0kwuKfWntoGh0EWyYb7Mpf,Stranger Things,Kyle Dixon & Michael Stein,2016,Stranger Things,Band
0phGofl3ppS5Itk1zM9eKa,Ghostbusters,Ray Parker Jr.,1984,Ghostbusters,Solo
0y8kwqOr9OfodZeBOGPdPp,Deeper Underground,Jamiroquai,1998,Godzilla,Band
132I6UhRKQoslXIVSgoKuk,Little House On The Prairie,"David Rose, Daniel Caine Orchestra",2010,Little House On The Prairie|Unsere kleine Farm,Band
15MJ5NThPjj6xhPcts8MiY,Take My Breath Away,Berlin,1999,Top Gun,Band
18lR4BzEs7e3qzc0KVkTpU,What I've Done,Linkin Park,2007,Transformers,Band
1Eb90nmqTrxylKFhcUzW8P,(Everything I Do) I Do It For You,Bryan Adams,1991,Robin Hood,Solo
1FlxqJmoZWS2q1uRlyZVur,Somewhere in My Memory,John Williams,1990,Home Alone|Kevin – Allein zu Haus,Solo
1HyLRvrwqChIybFqycgu3M,Theme From The Brady Bunch,The Brady Bunch,1993,The Brady Bunch|Drei Mädchen und drei Jungen,Band
1JSIWsJfxOji0FrxFcxdCK,"The Good, The Bad And The Ugly",Ennio Morricone,1967,"The Good, The Bad And The Ugly|Zwei glorreiche Halunken",Solo
1NdpUcsAG5mA3kZbGWc4TH,How I Met Your Mother Theme,Hey Beautiful,2005,How I Met Your Mother,Band
1NojrDCqDLh4dWRZ7F589Q,Bad Boys,Inner Circle,1987,Bad Boys|Bad Boys – Harte Jungs,Band
1RZ6jzlPeEaDeKYe7IJ792,West Side Story: Act I: America,"Leonard Bernstein, West Side Story Ensemble (Original Motion Picture Soundtrack), Johnny Green, West Side Story Orchestra",1961,West Side Story,Band
1WrPa4lrIddctGWAIYYfP9,When You Wish Upon a Star,"Cliff Edwards, Disney Studio Chorus",1940,Pinocchio,Band
1XwAKjAZ1xDZOcuyZoqce4,Moon River,Audrey Hepburn,1961,Breakfast at Tiffany|Breakfast at Tiffany's|Frühstück bei Tiffany,Solo
1elGwF4VwkwglV4nCBPJtv,Now We Are Free,"Hans Zimmer, Klaus Badelt, Lisa Gerrard, Gavin Greenaway, The Lyndhurst Orchestra",2000,Gladiator,Band
1fiorGW4O4s6vpFhbdc7EV,Kokomo,The Beach Boys,1988,Cocktail,Band
1hwdPQtFHISvZ9SXMkNrIK,A Whole New World,"Lea Salonga, Brad Kane, Disney",1992,Aladdin,Band
1oo7pneuUHUEKdbH0TgiGc,Seinfeld Theme,Jonathan Wolff,1989,Seinfeld,Solo
1pA7B5yYdhsopaWPCOKDac,Diamonds Are a Girl's Best Friend,Marilyn Monroe,1953,Gentlemen Prefer Blondes|Blondinen bevorzugt,Solo
1qyJ6XpMHdsJD8pkiA7Qww,We Don't Need Another Hero (Thunderdome),Tina Turner,1985,Mad Max Beyond Thunderdome|Mad Max – Jenseits der Donnerkuppel,Solo
1tdltVUBkiBCW1C3yB4zyD,Yellow Submarine,The Beatles,1966,Yellow Submarine,Band
1uGAELzmPgVn1hRMrjVuQ9,Law & Order: Special Victims Unit,Dominik Hauser,2012,Law & Order,Solo
1vZTgn4JXWMahR8r99ug5H,The Way We Were,Barbra Streisand,1974,The Way We Were|So wie wir waren,Solo
1zSkHrYVRdpDH8FwYjI9mD,"Theme - From ""Platoon""",Georges Delerue,2001,Platoon,Solo
21u2gUlh5Iun4ogGGqKVum,The Crown Main Title,Hans Zimmer,2016,The Crown,Solo
225xvV8r1yKMHErSWivnow,I Don't Want to Miss a Thing,Aerosmith,1998,Armageddon|Armageddon – Das jüngste Gericht,Band
22yxHt6UqZpH7tP6W4PooI,For The Love Of A Princess,"James Horner, London Symphony Orchestra",1995,Braveheart,Band
285ieonEuLkll3zknYK2TY,The Last of Us,Gustavo Santaolalla,2013,The Last of Us,Solo
28Tmk14BdrfaV2YzxpB35c,Cell Block Tango,"Catherine Zeta-Jones, Susan Misner, Deidre Goodwin, Denise Faye, Ekaterina Chtchelkanova, Mya Harrison, Taye Diggs",2002,Chicago,Band
291EXOi90ZIFIlQWcaC7vV,"Murder, She Wrote: Main Theme","John Addison, Rumon Gamba, BBC Concert Orchestra",2007,"Murder, She Wrote|Mord ist ihr Hobby",Band
2AVkArcfALVk2X8sfPRzya,Summer Nights,"John Travolta, Olivia Newton-John",1978,Grease|Grease – Schmiere,Band
2AogRMqARWyUP7VQ3gmSoY,Can't Fight The Moonlight,LeAnn Rimes,2001,I Need You,Solo
2Dy9bSUlnypC8Rm5O1iTOZ,Willow's Theme,James Horner,1988,Willow,Solo
2Q84nSfFAHtFNwZhAKH0Sa,Main Title Terminator 2 Theme,Brad Fiedel,1991,Terminator 2: Judement Day|Terminator 2: Judgment Day|Terminator 2 – Tag der Abrechnung,Solo
2R2gMe3zb9BgCdT2PZh1s3,Main Title (from Knight Rider),Stu Phillips,1982,Knight Rider,Solo
2R7Bg8CbvJDmfiSRZ0qgOh,1988: Let The River Run (Working Girl),Movie Sounds Unlimited,2010,Working Girl|Die Waffen der Frauen,Band
2S1JhDcpEArlLTmNYhW4q5,Up Where We Belong,"Joe Cocker, Jennifer Warnes",1982,An Officer And A Gentleman|Ein Offizier und Gentleman,Band
2TZbQZXOuR8osP2AK8yYMN,Theme From Jurassic Park,John Williams,1993,Jurassic Park,Solo
2aXDWWlbLUapMZnYNDErmv,El Tango De Roxanne,"José Feliciano, Ewan McGregor, Jacek Koman",2001,Moulin Rouge,Band
2bWizjWMdoTFUmMdaZsZsi,Christmas Is All Around,Billy Mack,2003,Love Actually|Tatsächlich… Liebe,Solo
2cji350vUbvxQ9QwyL5Nkp,Theme from the Walking Dead,Bear McCreary,2010,The Walking Dead,Solo
2cq26EEiqgUDP1VBKm9r6Z,When You Say Nothing At All,Ronan Keating,1999,Notting Hill,Solo
2dRjEirtMproK2r4gzda1j,Last Tango in Paris,Gato Barbieri,1972,Last Tango in Paris|Der letzte Tango in Paris,Solo
2ffVdgR2RUHIaENDIrlVvG,Clubbed to Death,Robert D.,1995,The Matrix|Matrix,Solo
2fmqPLRFdJNPhLU3b2NSFp,Glory,"Common, John Legend",2014,Selma,Band
2q6fxAvSpqXR4jx9Ne7RGz,Main Title,Ramin Djawadi,2011,Game Of Thrones,Solo
2rJFFUEl1LURkV0b0OARXx,Beauty and the Beast,"Angela Lansbury, Disney",1991,Beauty and the Beast|Die Schöne und das Biest,Band
2uE8l7sar0JT0tZYhrPz8S,Where Everybody Knows Your Name (Cheers Theme),Gary Portnoy,1982,Cheers,Solo
2vuzSRHcqyoAylvQNADhqQ,Dallas,Dominik Hauser,2012,Dallas,Solo
2wqmfNYxkxfw2KHRqkxTA1,Sex And The City Theme,TV Soundtrack Orchestra,2009,Sex And The City,Band
3126iwAXVfyNQDP5iW2OAr,Theme From Shaft,Isaac Hayes,1971,Shaft,Solo
32GikG80Mgfp4pQaI5LgjC,Night Fever,Bee Gees,1977,Saturday Night Fever,Band
36qn2bFfZzUwM6eIv2XOc9,Titles,Vangelis,1981,Chariots Of Fire|Die Stunde des Siegers,Solo
3CxmaZX0VbpEi1Sw4gMJcf,Dexter Main Title,Rolfe Kent,2007,Dexter,Solo
3G0NNqwQ1sqRpySr6soHlH,Who's That Girl,Madonna,1987,Who's That Girl,Solo
3GCdLUSnKSMJhs4Tj6CV3s,All The Stars (with SZA),"Kendrick Lamar, SZA",2018,Black Panther,Band
3STVHSJR6ZPGg9CI0aNP9q,"Theme - From ""Bonanza""","Ray Evans, Jerry Livingston, The City of Prague Philharmonic Orchestra, Nicholas Charles Raine",2010,Bonanza,Band
3TZ3NVQtkj4nFPANN946Ct,Buffy The Vampire Slayer,TV Themes,2019,Buffy The Vampire Slayer|Buffy – Im Bann der Dämonen,Band
3TjlENVEU3a0s6s8BXyobq,Woke Up This Morning,Alabama 3,1997,The Sopranos|Die Sopranos,Band
3WoSJF85H0qywD4qLp4HDd,The Godfather Waltz (Main Title),"Nino Rota, Carlo Savina",1972,The Godfather|Der Pate,Band
3X7uFMzJrEE0sxn62qd8Ch,Nothing's Gonna Stop Us Now,Starship,1987,Mannequin,Band
3ZSf1TJZyRb0rnWYuUtdX4,Main Title,"John Williams, London Symphony Orchestra",1977,Star Wars: A New Hope|Krieg der Sterne,Band
3b8Dhzmkq4eTcGEr8NL3U1,Modern Family Main Theme,Geek Music,2016,Modern Family,Band
3dd9uXh41vmFLO3UvqLJL6,Wednesday Main Titles,Danny Elfman,2022,Wednesday,Solo
3e6pMd60bzt4Kd72qmPRfA,I'm Always Here,Jimi Jamison,1991,Baywatch|Baywatch – Die Rettungsschwimmer von Malibu,Solo
3gDPjU8URd9mtZhBBYwI2R,As Time Goes By,Dooley Wilson,1942,Casablanca,Solo
3ik79qXV15D3ae33uveasw,Love Song for a Vampire,Annie Lennox,1992,Bram Stoker's Dracula,Solo
3jJ9djWzDlQnqDd7vTZs9K,Mon Soleil,Ashley Park,2021,Emily in Paris,Solo
3pDZSfOSszYWMYygDiuPJx,The X Files Theme,John Beal,2015,The X Files|Akte X – Die unheimlichen Fälle des FBI,Solo
3zXIvb4nZ3cTdT8CsbTy3U,I'm Just Ken,Ryan Gosling,2023,Barbie,Solo
43B5NwirruWiXQi5V1LaOd,Star Trek,"Jerry Goldsmith, Boston Pops Orchestra, John Williams",1983,Star Trek,Band
45aBsnKRWUzhwbcqOJLwfe,This Is Me,"Keala Settle, The Greatest Showman Ensemble",2017,The Greatest Showman|Greatest Showman,Band
4AD2dterIUjNt1LFNI9Bvi,He's a Pirate,Klaus Badelt,2003,Pirates Of The Caribbean|Fluch der Karibik,Solo
4DEcdqqKokU7UAE4wCGQEy,Always Look On The Bright Side Of Life,Monty Python,1979,Monty Python Life of Brian|Monty Python's Life of Brian|Das Leben des Brian,Band
4EaBMhUIOfnFEbIgqCfKbi,The Phantom Of the Opera,"Andrew Lloyd Webber, Gerard Butler, Emmy Rossum",2004,The Phantom Of The Opera|Das Phantom der Oper,Band
4HjwGX3pJKJTeOSDpT6GCo,What's New Pussycat?,Tom Jones,1966,"What's New Pussycat|Was gibt's Neues, Pussy?",Solo
4O6ZaZrRCFfiZZKjnrXqlk,That Thing You Do!,The Wonders,1996,That Thing You Do!,Band
4RW7EZi7SHSLRwvn1Q8Mqj,The Heart Asks Pleasure First,Michael Nyman,1993,The Piano|Das Piano,Solo
4WnuHIJTLrFkAQdpryLDe7,Main Title (The Shining),"Wendy Carlos, Rachel Elkind",1980,The Shining|Shining,Band
4Ylqc711Eq763XbTAOABu3,"Que Sera Sera (Whatever Will Be, Will Be)","Doris Day, Frank DeVol & His Orchestra",1956,"The Man Who Knew Too Much|Der Mann, der zuviel wusste",Band
4cbJwuAEbaodP4InQDfAmW,Let It Go,Demi Lovato,2014,Frozen|Die Eiskönigin – Völlig unverfroren,Solo
4cdHlUOUlw0GCtq4yJGMn1,"Theme - From ""The A-Team""",Daniel Caine Orchestra,1999,The A-Team|Das A-Team,Band
4dBllWRbahO6aIC4pLGjHa,Supercalifragilisticexpialidocious,"Julie Andrews, Dick Van Dyke, The Pearlie Chorus",1964,Mary Poppins,Band
4eHbdreAnSOrDDsFfc4Fpm,I Will Always Love You,Whitney Houston,1992,The Bodyguard|Bodyguard,Solo
4nZInUxh3l1qp2nUFq1ICp,Extreme Ways,"Richard Hall, Moby",2002,The Bourne Supremacy|Die Bourne Verschwörung,Band
4rVrHxLGV2iSN4nJtI9hKh,Mah Na Mah Na,Mahna Mahna and The Two Snowths,1968,The Muppets|Die Muppets,Band
4tABZngfyleLXr5wxHgRxZ,Theme from Superman,John Williams,1978,Superman,Solo
50csT5Qb2qOF7lHdDQ1Sbx,The Batman Theme,Danny Elfman,1989,Batman,Solo
528QhCT2v3HgD71RmrSUNW,Goldeneye,Tina Turner,1995,James Bond Goldeneye|James Bond 007 – GoldenEye,Solo
52xJxFP6TqMuO4Yt0eOkMz,We Don't Talk About Bruno,"Carolina Gaitán - La Gaita, Mauro Castillo, Adassa, Rhenzy Feliz, Diane Guerrero, Stephanie Beatriz, Encanto - Cast",2021,Encanto,Band
55xly70WJY1cx5qsoogaqs,Main Title (Theme From Jaws),John Williams,1975,Jaws|Der weiße Hai,Solo
568SEFtDjKr7N2PytpA6D5,Over The Rainbow,Judy Garland,1939,The Wizard of Oz|Der Zauberer von Oz,Solo
57feAoAx0AkUZL9YskARaF,Main Theme,London Music Works,2012,Police Academy|Police Academy - Dümmer als die Polizei erlaubt,Band
5BZAhQYLSqjtF4Xio5MIQd,The Diva Dance,"Éric Serra, Inva Mula",1997,Le cinquième élément|The Fifth Element|Das fünfte Element,Band
5CI1FP2Volc9wjz2MBZsGx,Fame,Irene Cara,1980,Fame|Fame – Der Weg zum Ruhm,Solo
5Ds0VGkTSQ1jf4KzLUpZPb,Change the World,Eric Clapton,1996,Phenomenon|Phenomenon – Das Unmögliche wird wahr,Solo
5FCPN8g30PRH7lLgxDh9LQ,Big Bang Theory Theme,Barenaked Ladies,2007,Big Bang Theory|The Big Bang Theory,Band
5L5fwo8nQjcFhSMTWpLOes,Prelude,Bernard Herrmann,1960,Psycho,Solo
5QMytOF6piEYwZDCHbjxTf,Indiana Jones Theme,"John Williams, Hollywood Studio Orchestra",2020,Indiana Jones,Band
5SXsXjVJCWeJuf7FHvgBYR,The Avengers,Alan Silvestri,2012,The Avengers,Solo
5U3MkUWTpzj37A33GboDtv,Singin' In The Rain,Gene Kelly,1952,Singin' in the Rain|Du sollst mein Glücksstern sein,Solo
5asGzAVe16Tb1tYkudHcUI,Beverly Hills 90210 Theme,TV Sounds Unlimited,2019,Beverly Hills 90210,Band
5e0O7MjhNHq9G67qDFM8nR,"Monsters, Inc.",Randy Newman,2001,"Monsters, Inc.|Die Monster AG",Solo
5fnOrhQ4KgT5irGCjIccGH,Arthur's Theme (Best That You Can Do),Christopher Cross,1981,Arthur|Arthur – Kein Kind von Traurigkeit,Solo
5llCIz1U9DoI03Hit31wna,2001 a Space Odyssey,A Space Odyssey,2020,2001 a Space Odyssey|2001: Odyssee im Weltraum,Band
5qjVtEglMJOGe3xCCbjN25,Theme From Love Story,Francis Lai,1970,Love Story,Solo
5qxv6jEm7CMgP663kw09OP,The Office,Geek Music,2018,The Office|Das Büro,Band
5t5LFepMdws4nudg1EiWdd,We're All In This Together,"High School Musical Cast, Disney",2006,High School Musical,Band
5w4DKOH3EsOPUuoHXieLtB,Axel F,Harold Faltermeyer,1984,Beverly Hills Cop|Beverly Hills Cop – Ich lös' den Fall auf jeden Fall,Solo
62Da3JOu9H9EIgmqV7DoLG,Lux Aeterna,"Clint Mansell, Kronos Quartet",2000,Requiem for a Dream,Band
655OjsI6LbHdo3565qEfbE,Forrest Gump Suite,Alan Silvestri,1994,Forrest Gump,Solo
6C2PfemHQul77DVpnvuAIs,Gonna Fly Now,Bill Conti,1976,Rocky 3|Rocky III|Rocky III – Das Auge des Tigers,Solo
6CeCOC2zx1qS8mQNYHe6IM,Prologue,John Williams,2001,Harry Potter,Solo
6E0YEPzjMvUymYOvmDIgp4,The Moon Song,"Karen O, Ezra Koenig",2014,Her,Band
6EIVLz5xM1xE29r0OmIkWt,Falling Slowly,"Glen Hansard, Markéta Irglová",2007,Once,Band
6TgUmUgpfE2b6g9HcgHulQ,Gotcha,Tom Scott,1975,The Sapphires,Solo
6VObnIkLVruX4UVyxWhlqm,Skyfall,Adele,2012,James Bond: Skyfall|James Bond 007: Skyfall,Solo
6W2VbtvMrDXm5vYeB7amkO,Footloose,Kenny Loggins,1984,Footloose,Solo
6XJGpirOP4Bgurcvkdanxb,American Beauty,Thomas Newman,2000,American Beauty,Solo
6XQHlsNu6so4PdglFkJQRJ,City Of Stars,"Ryan Gosling, Emma Stone",2016,La La Land,Band
6g2BiiVQqY5v1S4HIrM54F,Tuyo (Narcos Theme),Rodrigo Amarante,2015,Narcos,Solo
6i0V12jOa3mr6uu4WYhUBr,Heathens,Twenty One Pilots,2016,Suicide Squad,Band
6kucJsz2GR6oN8glzqGdTh,Main Title - Gone With the Wind,Max Steiner,1940,Gone With the Wind|Vom Winde verweht,Solo
6kvoHl80mfCVTv7XnZkjQn,It Must Have Been Love,Roxette,1990,Pretty Woman,Band
6lanRgr6wXibZr8KgzXxBl,a thousand years,Christina Perri,2011,a thousand years,Solo
6qLLYJGpPhHPF7M4o53qJB,I Had A Farm (Main Title),John Barry,1985,Out Of Africa|Jenseits von Afrika,Solo
6tJFtthY0rI1x06qb8NjK0,The Mandalorian,Ludwig Göransson,2019,The Mandalorian,Solo
6zW80jVqLtgSF1yCtGHiiD,The Shire,Howard Shore,2001,The Lord of the Rings: The Fellowship of the Ring|Der Herr der Ringe: Die Gefährten,Solo
74iZuPGwyL33VlTr6jTnab,Always Remember Us This Way,Lady Gaga,2018,A Star Is Born,Solo
779ooI3rBd0CLqCiiJmtVo,Hero (feat. Josey Scott),"Chad Kroeger, Josey Scott",2003,Spiderman|Spider-Man,Band
7AFy1aN1RQVgGOXzCtrK87,Cabaret,Liza Minnelli,1972,Cabaret,Solo
7FO7BolIZsl1o8DDSjeOph,Twin Peaks Theme,Angelo Badalamenti,1990,Twin Peaks|Das Geheimnis von Twin Peaks,Solo
7MJQ9Nfxzh8LPZ9e9u68Fq,Lose Yourself,Eminem,2002,8 Mile,Solo
7h5crXBSY5SSpXRIlklv74,The Bare Necessities,"Phil Harris, Bruce Reitherman",1967,The Jungle Book|Das Dschungelbuch,Band
7ob7mrVX7FEQIT2gSClVtA,La vita è bella,Nicola Piovani,1997,La vita è bella|Life Is Beautiful|Das Leben ist schön,Solo
7swocJUCUWTCiRUAU9oerC,Halloween Theme,John Carpenter,1978,Halloween|Halloween – Die Nacht des Grauens,Solo

----------------------
Deutschland Christmas Expansion
----------------------

02FaKXXL7KUtRc7K0k54tL,Cozy Little Christmas,Katy Perry,2018,,Solo
030mot3ZKR3oskfMsqDB2R,Have Yourself A Merry Little Christmas,Judy Garland,1944,,Solo
09j8EfKOk2hxEcqAworSbO,Ich hab den Weihnachtsmann gesehen,Stefanie Hertel,2008,,Solo
09jfgMC3lGeAEheOLrI8IW,Gedanken zur Weihnacht,Tommy Steiner,1984,,Solo
0JryNTrMh0v3vfmPfbheXV,Schneemann,Peter Alexander,2006,,Solo
0LJeYKW6TA2Om5ZBZ9wG7e,Step Into Christmas,Elton John,1973,,Solo
0LXTNutQUlPhrFkdVu5BR4,Der kleine Trommler,"Wincent Weiss, Giraffenaffen",2015,,Band
0LXwJFtBFYnglsSNxxI4up,Christmas In Jamaica (feat. Shaggy),"Toni Braxton, Shaggy",2001,,Band
0OT0cgd702jNs5N8ejqQQB,Stop the Cavalry,Jona Lewie,1980,,Solo
0OdTRhhGt8aq4UXh67CKQg,Someday At Christmas,Stevie Wonder,1967,,Solo
0QtJZpyfZF67QF32p41NXa,Thank God It's Christmas,Queen,1984,,Band
0SvD6EdetxVtXei2JhkV4B,Wonderful Dream (Holidays Are Coming),Melanie Thornton,2001,,Solo
0bYg9bo50gSsH3LtXe2SQn,All I Want for Christmas Is You,Mariah Carey,1994,,Solo
0cwealcvftIKDBFJh1X014,Please Come Home For Christmas,Charles Brown,1960,,Solo
0lizgQ7Qw35od7CYaoMBZb,Santa Tell Me,Ariana Grande,2014,,Solo
0lwC1lUuA1LJ38JkdHPCO7,One More Happy Christmas,The Kelly Family,1995,,Band
0uTVChzibEWKrXojPaJ9y1,Hard Candy Christmas,Dolly Parton,1982,,Solo
0wDKteaNLe3xkaFtj6tH5h,My Only Wish (This Year),Britney Spears,2000,,Solo
0z5jr9YE1siursT3dJUwDV,Merry Xmas Everybody,Slade,1973,,Band
12HWTqP3GWqzyyKrpkhojF,A Winter's Tale,Queen,1995,,Band
18hTUNS5qw3pAFUyceOh5o,Ich komm nach Haus (Wenn das Jahr zu Ende geht),Johannes Oerding,2019,,Solo
1NghHeg0wE32eBYrQBVQXL,Shake Up Christmas,Train,2010,,Band
1OjmlSFuzYflWjSMTCyTJv,Like It's Christmas,Jonas Brothers,2019,,Band
1QLZKzC2pjP4ySf4ALrNhm,Christmas Without You,Ava Max,2020,,Solo
1QYtTi0cJa8vrgiPfLkkN6,Let It Snow! Let It Snow! Let It Snow!,Vaughn Monroe,1945,,Solo
1Umw3vhysHBodpBFpFsVgK,God Only Knows,The Beach Boys,1966,,Band
1WWWWMY9W4nWnEInjUXKkv,Winter Wunderland,"Yvonne Catterfeld, Giraffenaffen",2023,,Band
1ikChqDqJkqCW2rHpSvqTA,One Wish (For Christmas),Whitney Houston,2003,,Solo
1kCMRwtyaXZRWhe2scYcBL,One More Sleep,Leona Lewis,2013,,Solo
1mH6tZC6iXIHPI6EixCwxw,I Wish It Could Be Christmas Everyday,Wizzard,1973,,Band
1msuiw6pnXYfxZ7Edyit9U,Where Are You Christmas,Faith Hill,2000,,Solo
1nQfnLRh4MZv8rfhOdIrFb,It May Be Winter Outside (But in My Heart It's Spring),Felice Taylor,1967,,Solo
1plYeFYVYoz2QuuAPwHThB,"Ach, bittrer Winter","Noah-Levi, Giraffenaffen",2023,,Band
1pztMwju9F3oI9vdmCcd2t,Wonderful Christmastime,Paul McCartney,1979,,Solo
1yxcKrEcxt4O03IIC25yHk,Winter Wonderland,Tony Bennett,1968,,Solo
24lCPIiEWKg9K7k1Gh1h8q,Grown-Up Christmas List,Amy Grant,1992,,Solo
25leEEaz1gIpp7o21Fqyjo,Here Comes Santa Claus (Right Down Santa Claus Lane),Gene Autry,1947,,Solo
26dkCH5FhtNUT5FK667wZl,Silberglocken läuten,Rex Gildo,1965,,Solo
27RYrbL6S02LNVhDWVl38b,Happy Xmas (War Is Over),"John Lennon, Yoko Ono",1971,,Band
27qAMKrDdKEs8HDXcvR24R,Driving Home for Christmas,Chris Rea,1987,,Solo
2FRnf9qhLbvw8fu4IBXx78,Last Christmas,Wham!,1984,,Band
2GLXv5Z7hEGMLByhnySNH2,"It's Gonna Be a Cold, Cold Christmas",Dana,1975,,Solo
2MZg8AD2iw6XR2BsIZqOvf,A Winter's Tale,David Essex,1983,,Solo
2O3MQ6H3gjrIWDcpeTrikT,"Santa, Can’t You Hear Me","Kelly Clarkson, Ariana Grande",2021,,Band
2OQ6a4CfUeYskpTTgyawyJ,You Make It Feel Like Christmas (feat. Blake Shelton),"Gwen Stefani, Blake Shelton",2017,,Band
2PNSZeYNGQmC2A3URucvXk,Weihnachtszeit,Bürger Lars Dietrich,2020,,Solo
2QpN1ZVw8eJO5f7WcvUA1k,Santa Claus Is Coming To Town,The Jackson 5,1970,,Band
2RVsqGyGtFgnZw5jHCA65U,Wenn's Weihnachten ist,Costa Cordalis,1977,,Solo
2X52KrYNzuCRhzXoW4u8QU,The Message Is Love,"Arthur Baker And The Backbeat Disciples, Al Green",1989,,Band
2ZFHIBeuhi0zpB43k6ZcGn,Mistletoe,Colbie Caillat,2012,,Solo
2jMp2Gd6ASs6GYA5NVZQrH,"Baby, It's Cold Outside","Margaret Whiting, Johnny Mercer",1949,,Band
2mvabkN1i2gLnGAPUVdwek,Christmas Tree Farm,Taylor Swift,2019,,Solo
2pnPe4pJtq7689i5ydzvJJ,Run Rudolph Run,Chuck Berry,1958,,Solo
2qqZ5fOGuNvYVzgPFDLQ4l,Mary's Boy Child (Oh My Lord),Boney M.,1978,,Band
2ri6o1buha3kIb5SFoDCcP,Petersburger Schlittenfahrt,James Last,1966,,Solo
2vCD0vDoc4IvPhfPh3xhIS,Weihnacht zuhause,Nicole,1984,,Solo
38xhBO2AKrJnjdjVnhJES6,This Christmas,Donny Hathaway,1970,,Solo
3AgiRs3oxc2dFh0CPUHXJs,Mistletoe and Wine,Cliff Richard,1988,,Solo
3BCm3udamUhdr48vTGjZWE,Santa Baby (with Henri René & His Orchestra),"Eartha Kitt, Henri René and His Orchestra",1953,,Band
3Bvzxos6OqXt2ysKD2RQeB,Santa Looked A Lot Like Daddy (Daddy Looked A Lot Like Him),Buck Owens,1965,,Solo
3CKiD8GHg9HtZiRBwO0tzW,Weihnachtssong,Sido,2006,,Solo
3CPbJHMcmZQRhkvkj3kmRZ,Christmas Nite,"RuPaul, Latasha Spencer, Michael Hacker, Michael Rosenman",2023,,Band
3JNGMZYWEWYdUncOdKSSMT,Brief an den Weihnachtsmann,Peter Maffay,2007,,Solo
3K0MQfDwHaG0bXemTfx070,Weihnachten zu zweit,Linda Hesse,2021,,Solo
3NGOcEDHZiM7vgh0JAdznY,Why Couldn't It Be Christmas Everyday?,Bianca Ryan,2023,,Solo
3OOVf70oWhCKTGTDNLfcXL,Merry Christmas Everyone,Shakin' Stevens,1985,,Solo
3PwusS1GnhbxnsXe7Gfo9a,Weihnachtsmann vom Dach,Die Roten Rosen,1998,,Band
3QQuRIW0s88lpjy3g5lCtE,Süßer die Glocken nie klingen,"Alexa Feser, Giraffenaffen",2015,,Band
3QiAAp20rPC3dcAtKtMaqQ,Blue Christmas,Elvis Presley,1957,,Solo
3VXnZxQ2dGhxwIxiMGxIj9,It's Beginning to Look a Lot Like Christmas (with Mitchell Ayres & His Orchestra),"Perry Como, The Fontane Sisters, Mitchell Ayres & His Orchestra",1951,,Band
3bH2Eu9A9ymI4UnGHRmoXg,Merry Christmas,"Ed Sheeran, Elton John",2021,,Band
3bjpN2zqBZ6Dfc67pHlhUu,Herr Winter stammt vom Kaukasus,"In Extremo, Giraffenaffen",2023,,Band
3hScEmuagcQ0TvoJa5oFyI,White Christmas,Bing Crosby,1942,,Solo
3i8j2dKXChkErfi8jsDDuH,Frosty the Snowman (with The Cass County Boys),"Gene Autry, Cass County Boys",1950,,Band
3kOrUgcXj6kg7biLCocVPR,"Jingle Bells, Schlittenfahrt im Schnee","Mark Forster, Giraffenaffen",2023,,Band
3kfMNt37CYyct1ql9txmNI,All I Want for Christmas Is a Real Good Tan,Kenny Chesney,2003,,Solo
3nhzTOc939C4v4ecTEZTPl,Christmas Wrapping,The Waitresses,1981,,Band
3wV9G5BhrJ1ntlCQYko0if,Fairytale of New York (feat. Kirsty MacColl),"The Pogues, Kirsty MacColl",1987,,Band
41onDks2UPbyjer5fMeUWf,Christmas In Hollis,Run–D.M.C.,1988,,Band
46w8k81V0eSBx64XuVHxT2,Christmas Time (Don't Let the Bells End),The Darkness,2004,,Band
47pNnxBCldnanuusnicSuA,Underneath the Tree,Kelly Clarkson,2013,,Solo
49l7BvSo6MeWBEUEmHPT5Y,Christmas Is Just Around The Corner,Barry Manilow,2023,,Solo
4GX4BuYcFiLw75vJjOIWQG,I Saw Mommy Kissing Santa Claus,Jimmy Boyd,1953,,Solo
4KV9bM7a1KDc7b7OakFZic,Jingle Bells,Frank Sinatra,1957,,Solo
4NdraYtigTKjWszH68I1eX,Es ist Weihnachtstag,Reinhard Mey,1986,,Solo
4NsAGsVJO2oLZgDhZUKX6E,All I Need Is Love (feat. Disney's the Muppets),"CeeLo Green, Bill Baretta, Dave Goelz, Disney's the Muppets, Eric Jacobson, Frank Oz, Peter Linz, Steve Whitmire",2012,,Band
4Yg2w0P29BBBMixyeNjDtj,Do They Know It's Christmas?,Band Aid,1984,,Band
4ay2Ui5EIx5p8rknCpAZci,... Denn es ist Weihnachtszeit,Margot Eskens,2013,,Solo
4bQCmScaBAtI8yWRiEGPdG,"Ach Papi, geh' doch heuer nicht auf die Weihnachtsfeier",Udo Jürgens,2010,,Solo
4bkc4Gesl2A3ffbFMvtFcH,Das muss wohl der Winter sein (Giraffenaffensong),"Glasperlenspiel, Giraffenaffen",2023,,Band
4fzyvSu73BhGvi96p2zwjL,Christmas Lights,Coldplay,2010,,Band
4lftz0V8DZhWSVtL4GrzMH,I'll Be Home For Christmas,Bing Crosby,1943,,Solo
4oHjHMjP2Rf6DArbFQxDBN,Letzte Weihnacht,Vanessa Mai,2017,,Solo
4uiATJ7kvp79R30tsOfTX5,Wonderland,Heidi Klum,2021,,Solo
4v8uXWtFns5JciNfdtIcs6,I Wish Everyday Could Be Like Christmas,"J.Bon Jovi, KnightsBridge",2019,,Band
4wYCe9tSmUolNU4WmJKbZy,Stay Another Day,East 17,1994,,Band
54B3B3LdO4wdX3VfZdS7lH,Einsam unter weißen Zweigen,Heino,1986,,Solo
55k81Sv1beBPBdfU1c4F2g,"Merry Christmas, Happy Holidays",*NSYNC,1998,,Band
5ASM6Qjiav2xPe7gRkQMsQ,Sleigh Ride,The Ronettes,1963,,Band
5AtfkuG2OZOxeq9PBD9bNV,A Christmas Song,Shawn Phillips,2009,,Solo
5DMItYJluCFc7YtFdP4aXo,Lonely This Christmas,Mud,1974,,Band
5DlR0BZUWHZ07U84UJ8hjs,Santa Claus Lane,Hilary Duff,2002,,Solo
5HTy0Zc43mrnqDmf3LsJe4,Weihnachten bin ich daheim,Patrick Lindner,2001,,Solo
5LcXgvFrPx26X8ZexNMT0s,All Alone on Christmas,Darlene Love,1992,,Solo
5LssLZIagFBWRJJpxia7dU,Fröhliche Weihnacht überall,Helene Fischer,2016,,Solo
5WNe2HkAlXy5wzmR0G3njy,Weihnachtswunderhaus,Ross Antony,2016,,Solo
5WoYLgoJekr3ZL9uJcHXgJ,The Little Drummer Boy,Harry Simeone Chorale,1958,,Band
5gC7cwZNKqaNLlvHlLjjqE,Macarena Christmas,Los Del Rio,2016,,Band
5hslUAKq9I9CG2bAulFkHN,It's the Most Wonderful Time of the Year,Andy Williams,1963,,Solo
5pDiT08BvoTLf6ukdoWN6j,"Mary, Did You Know?",Michael English,1992,,Solo
5pkZIlms2sef2ek4G7bapm,Christmas (Baby Please Come Home),Darlene Love,1963,,Solo
5tyUybCkA2M0YHBe5ajIxM,The Christmas Song (Merry Christmas To You),Nat King Cole Trio,1946,,Band
5xGgJRgmqE8YaWZ548Gat4,My Christmas Card to You,The Partridge Family,1971,,Band
5xjj2WjQVC4Ar8UNIvSUiL,Every Day's Like Christmas,Kylie Minogue,2015,,Solo
5zqJlEJcn0EfnvAScH8swK,All You Need Is Love,The Beatles,1967,,Band
5zqzV32ifPJ9XhqfyjYrBy,Dear Santa,OneRepublic,2023,,Band
615AG06dFtktRXxsT4VTrK,Early Christmas Morning,Cyndi Lauper,1998,,Solo
632gXr9GJAsy7UBd7Dg7G4,One I've Been Missing,Little Mix,2020,,Band
64tAkrbSZL8QHJb0UxBv8c,O du fröhliche,Vicky Leandros,2021,,Solo
69ozbSmiU02mwqhxaqymNC,Rockin' Around the Christmas Tree,Brenda Lee,1958,,Solo
6Dq4XDkcOzGnqvQyhBeMQI,Sankt Niklas war ein Seemann,Freddy Quinn,1972,,Solo
6JRVgGubYFxk9zHPSlZtrL,A Spaceman Came Travelling,Chris de Burgh,1975,,Solo
6KOT5wByCmM7y9Y7r5PNwJ,"Rudolf, das kleine Rentier","Namika, Giraffenaffen",2015,,Band
6PiOlFSX06npr0YXexWkrg,I Met an Angel (on Christmas Day),Céline Dion,1998,,Solo
6Wa6g0YxkwywB6uv5AMbxk,Turaluraluralu (Ich mach Bubu was machst du),Trio,1982,,Band
6YH4GanBHEi4oRsqvKFMwv,Christmas Through Your Eyes,Gloria Estefan,1993,,Solo
6ikgPye03LXmhbKrr4sjJc,Und Frieden für die Welt,"Marquess, Giraffenaffen",2015,,Band
6iqWeJHeQtSnE8yrnE9dYI,Ich Steh An Deiner Krippe Hier,Nana Mouskouri,1989,,Solo
6o72aNDAiWoFkPbwLk4fX6,Still still still,Unheilig,2009,,Band
6ptuydzFXlq7WDsYveeDcT,That's Christmas to Me,Pentatonix,2014,,Band
6sSzHqqEYj3iHbCckchnxi,Honky Tonk Christmas,Alan Jackson,1993,,Solo
6yAFbVqLLB4CHLMr73Nq2n,2000 Miles,Pretenders,1983,,Band
6zlY4xmlgqvn4LxjzoS2mz,The Prayer,"Céline Dion, Andrea Bocelli",1998,,Band
73ye7F9Ub51dQ3CrnCHFhr,A Nonsense Christmas,Sabrina Carpenter,2023,,Solo
77khP2fIVhSW23NwxrRluh,A Holly Jolly Christmas,Burl Ives,1965,,Solo
78bDGxqn2KF2VU1G3Kz6J0,This One's for the Children,New Kids On The Block,1989,,Band
7H36edyR2mNd1Fr6tDDMUg,I'll Be Home,Meghan Trainor,2014,,Solo
7HRp95YrK5tFWNN1Cz1L0a,Erwin der dicke Schneemann (Rudolph The Rednosed Reindeer),Truck Stop,2015,,Band
7IUOb29JVmvqYzIp12li1f,Ich glou' an den Weihnachtsmann,"Wencke Myhre, Gunter Gabriel",1996,,Band
7LoFMtL7hxP9tr5HYyyUrJ,Christmas Time,Bryan Adams,1985,,Solo
7f4zVC7NpraLjXjFx9DNDt,The More You Give (The More You'll Have),Michael Bublé,2015,,Solo
7gcKoI9KokClK9ZUjNFgZa,In der Weihnachtsbäckerei,Rolf Zuckowski,1987,,Solo
7o4HtESXicUqk3oRqngIsS,8 Days of Christmas,Destiny's Child,2001,,Band
7s7y1KzCIODuiowFyjOnJo,O Tannenbaum,Heintje,1996,,Solo
7uoFMmxln0GPXQ0AcCBXRq,Snowman,Sia,2018,,Solo
7uyIOiGyIpOR6OGz8UHBuq,We Need a Little Christmas,Johnny Mathis,1986,,Solo
7vQbuQcyTflfCIOu3Uzzya,Jingle Bell Rock,Bobby Helms,1957,,Solo
7w9WJsnxRQiTMua8jSO0Sk,Wünsche und Gedanken,Roy Black,1968,,Solo
7wC5eZcFS1Q1BsQ35DU6H4,come out and play,Billie Eilish,2018,,Solo
7wHLTcn7lMFoIo8KZYyZN7,Aba Heidschi Bumbeidschi,Marianne Rosenberg,2013,,Solo
7xQmVmSfCt4LD9H2uFoWOO,Feliz Navidad,José Feliciano,1970,,Solo
7xZsOJBebpV9lsX3XUV7x3,What Christmas Means To Me,Stevie Wonder,1967,,Solo
7xapw9Oy21WpfEcib2ErSA,Mistletoe,Justin Bieber,2011,,Solo
7yLtkML6wtYab0r73CiPTZ,Wo bitte gibt's denn hier noch 'nen Weihnachtsbaum,Howard Carpendale,2001,,Solo

----------------------
Deutschland Guilty Pleasures
----------------------

01DBoQsngOhbcVFWKkiFOz,Uptown Girl,Billy Joel,1983,,Solo
07q0QVgO56EorrSGHC48y3,I Was Made For Lovin' You,KISS,1979,,Band
0AQqrtK1pULuwZUXhwaaDz,All By Myself,Eric Carmen,1975,,Solo
0AS63m1wHv9n4VVRizK6Hc,Mercy,Shawn Mendes,2017,,Solo
0ByMNEPAPpOR5H69DVrTNy,Don't Stop The Music,Rihanna,2008,,Solo
0COqiPhxzoWICwFCS4eZcp,Bring Me To Life,Evanescence,2003,,Band
0D2t9hxLR86LXCTjSngqyC,Go West,Pet Shop Boys,1993,,Band
0DUtmZD5TK6JwChuMql5ac,The Way to Your Heart,Soulsister,1988,,Band
0DcrhZ12WcCqruCs8ibXSf,I Can See Clearly Now,Johnny Nash,1972,,Solo
0HPD5WQqrq7wPWR7P7Dw1i,TiK ToK,Kesha,2010,,Solo
0HZlND4giwzgolBpaNIRGV,Aquarius/Let The Sunshine In (The Flesh Failures),The 5th Dimension,1969,,Band
0J2hke1PRNBqyWpnMTreJ5,New Age,Marlon Roudette,2012,,Solo
0KAiuUOrLTIkzkpfpn9jb9,Drive By,Train,2012,,Band
0LFq9xNDSgspBQlmaFfpat,Die Da!?!,Die Fantastischen Vier,1992,,Band
0MAoOpiamwvXSEgcWkeII2,Wer Liebe lebt,Michelle,2001,,Solo
0PBvvjD1p3TcH369HIbDx9,Heaven Must Be Missing An Angel,Tavares,1976,,Band
0Ph6L4l8dYUuXFmb71Ajnd,Livin' la Vida Loca,Ricky Martin,1999,,Solo
0QHEIqNKsMoOY5urbzN48u,Made You Look,Meghan Trainor,2022,,Solo
0Tn6mtt28qapllUQSAYYen,I Believe,Joana Zimmer,2005,,Solo
0WpSao3aTOx9z6bm1CrXp8,Ich will 'nen Cowboy als Mann,Gitte Hænning,1963,,Solo
0XYIiBfxfN0TlFGPUNsYZT,Dich zu lieben,Roland Kaiser,1981,,Solo
0ZQ6ckgerHYM5mOUxTl99Q,Downtown,Petula Clark,1964,,Solo
0bfvHnWWOeU1U5XeKyVLbW,Can't Take My Eyes off You,Frankie Valli,1967,,Solo
0cGG2EouYCEEC3xfa0tDFV,Tainted Love,Soft Cell,1981,,Band
0cXFXgFns7sIMmTpqyGRmD,Xanadu,Olivia Newton-John,1980,,Solo
0cqRj7pUJDkTCEsJkx8snD,Shake It Off,Taylor Swift,2014,,Solo
0g33ZjD265AmlRg98dkIQi,Ich bin nicht mehr dein Clown,Olaf Henning,2005,,Solo
0gzqZ9d1jIKo9psEIthwXe,Beautiful Day,U2,2000,,Band
0hLHQyq7hpwq4qbXz3WNtH,Stay,Bonnie Bianco;Pierre Cosso,1987,,Band
0iOZM63lendWRTTeKhZBSC,Mrs. Robinson,Simon & Garfunkel,1968,,Band
0ikz6tENMONtK6qGkOrU3c,Wake Me Up Before You Go-Go,Wham!,1984,,Band
0jxWQNH6LCGVEIPHIZnfYk,Wenn das Liebe ist,GLASHAUS;Moses Pelham,2006,,Band
0lIoY4ZQsdn5QzhraM9o9u,Because the Night,Patti Smith,1978,,Solo
0mlAOSILGRys2IbvyOT5VJ,Échame La Culpa,Luis Fonsi;Demi Lovato,2017,,Band
0n2pjCIMKwHSXoYfEbYMfX,You Are The Sunshine Of My Life,Stevie Wonder,1972,,Solo
0oWraSo5ASJ0h1BEagTyEw,Hold My Hand,Lady Gaga,2022,,Solo
0qt5f5EL92o8Snzopsv0en,Geronimo,Sheppard,2015,,Band
0stunycasmqAQTHMGdcqT5,Pan,Costa Cordalis,1980,,Solo
0uBwcaTkY1BPpIZhxuhS67,To All the Girls I've Loved Before,Julio Iglesias;Willie Nelson,1984,,Band
0uMMLry3hzWGn3q3loqMkm,La Bamba,Los Lobos,1987,,Band
0vg4WnUWvze6pBOJDTq99k,You're Beautiful,James Blunt,2005,,Solo
0wP3e5PzSxafy2TRtlayq9,Scatman,Scatman John,1995,,Solo
0xfMlIW8lS40qvpsUw1l0X,Never Going Home,Kungs,2021,,Solo
11Jwtc61ke1D1K95C1j08p,Nächstes Mal am Ende der Welt,Valerie´s Garten,1992,,Band
144JMbvbR5txNzoZ112wo4,Strong Enough,Cher,1998,,Solo
14iN3o8ptQ8cFVZTEmyQRV,I Kissed A Girl,Katy Perry,2008,,Solo
15AckmWpq9fpJ9MpwIGdyu,"Ja, ja, die Katja, die hat ja",Heino,2013,,Solo
17V9Hldsed4MOv9uhPu2lz,Mit 17 hat man noch Träume,Peggy March,1965,,Solo
1AR0pzjw2WvAHlcst59nwT,Just More,Wonderwall,2002,,Band
1EzrEOXmMH3G43AXT1y7pA,I'm Yours,Jason Mraz,2008,,Solo
1HPJOoIVdUPuaebxzMrVaD,Words,F.R. David,1983,,Solo
1HoxtqhNHNx2mO6LNQchSV,"Marie, der letzte Tanz ist nur für dich",Rex Gildo,1974,,Solo
1INWPr855fwWdAOeecbu0W,Let's Twist Again,Chubby Checker,1961,,Solo
1Jwc3ODLQxtbnS8M9TflSP,Walk Like an Egyptian,The Bangles,1986,,Band
1K472pWWx3mGL0UBoT0B7O,Sie liebt den DJ,Michael Wendler,2008,,Solo
1KptAJ5VuUD0Z9xQ9rXIAK,Superheroes,The Script,2014,,Band
1LAdc8CC4UZibUnkIbVfX3,Ba-Ba Banküberfall,EAV (Erste Allgemeine Verunsicherung),1985,,Band
1MXbp8hnq2XgIQHeFkrcyI,Indianer,Pur,1993,,Band
1NCuYqMc8hKMb4cpNTcJbD,Another Day in Paradise,Phil Collins,1989,,Solo
1Pq47iFLC5U7j8xeNiNcuS,It's My Party,Lesley Gore,1963,,Solo
1Xi84slp6FryDSCbzq4UCD,Arcade,Duncan Laurence,2019,,Solo
1XunTmhOcj3xwh4b8P3isX,It's Now or Never,Elvis Presley,1960,,Solo
1YYhDizHx7PnDhAhko6cDS,"Take Me Home, Country Roads",John Denver,1971,,Solo
1bp2IO61zbQrbWNmKKxg3f,The Joker,Steve Miller Band,1973,,Band
1cYyZ1N98GyRS3cMcccFHd,Wasted Love (feat. Lagique),Ofenbach;Lagique,2022,,Band
1di1BEgJYzPvXUuinsYJGP,Everybody (Backstreet's Back),Backstreet Boys,1997,,Band
1gUwi1o1S9W9P0FQgJdY8s,TRUSTFALL,P!nk,2023,,Solo
1kOAGK7iEoIk1iwWXtHTGR,First Day of My Life,Melanie C,2005,,Solo
1kgdslQYmeTR4thk9whoRw,Tears in Heaven,Eric Clapton,1992,,Solo
1mOIOim4QHFVKavrJQ8G90,Schickeria,Spider Murphy Gang,1981,,Band
1mea3bSkSGXuIRvnydlB5b,Viva La Vida,Coldplay,2008,,Band
1q9l6c8bAzqWcvO3DM6FsR,I Don't Feel Like Dancin',Scissor Sisters,2006,,Band
1rqqCSm0Qe4I9rUvWncaom,High Hopes,Panic! At The Disco,2018,,Band
1s9Iij8FwCbeyxDCBdlz9P,Amoi seg' ma uns wieder,Andreas Gabalier,2011,,Solo
1sTsuZTdANkiFd7T34H3nb,Human,The Killers,2008,,Band
215JYyyUnrJ98NK3KEwu6d,Soak Up The Sun,Sheryl Crow,2002,,Solo
22vgEDb5hykfaTwLuskFGD,Sucker,Jonas Brothers,2019,,Band
23RoR84KodL5HWvUTneQ1w,(It Goes Like) Nanana,Peggy Gou,2023,,Solo
2B7TiHgtNL7yjxQu6Elgv1,Here I Go Again,Bnd,2006,,Band
2Cdvbe2G4hZsnhNMKyGrie,I Love Rock 'N Roll,Joan Jett & the Blackhearts,1981,,Band
2EoIt9vdgFRNW03u5IvFsQ,Achy Breaky Heart,Billy Ray Cyrus,1992,,Solo
2G2YzndIA6jeWFPBXhUjh5,Be My Baby,The Ronettes,1963,,Band
2H11a2O8kG97rcnkJt23hi,Ein Stern (der deinen Namen trägt),DJ Ötzi;Nik P.,2007,,Band
2HTv1UzO7ksJFqScMYb2NR,Marleen,Marianne Rosenberg,1976,,Solo
2HoqbEOXgbDSLZ5XCePEXt,Hit the Road Jack,Ray Charles,1961,,Solo
2Hy1YFHJDcPymCHCNN2R4h,Dann küss mich doch,Nicole,1992,,Solo
2JK1wOZCGUDbJOSaHAa8BM,Kiss You All Over,Exile,1978,,Band
2JoZzpdeP2G6Csfdq5aLXP,How Deep Is Your Love,Bee Gees,1979,,Band
2LScqpywMqGcnum6nNaxXX,"Yes Sir, I Can Boogie",Baccara,1977,,Band
2RnfgTNXtmvXRXjSXdMJvB,Rosamunde,Dennie Christian,1975,,Solo
2T3jgoAMbBXiMMD8pSc6QL,This Is The Life,Amy Macdonald,2007,,Solo
2TxCwUlqaOH3TIyJqGgR91,Mamma Mia,ABBA,1975,,Band
2WElktskrNJEwgpp5Vouxk,I'm Too Sexy,Right Said Fred,1992,,Band
2WfaOiMkCvy7F5fcp2zZ8L,Take on Me,a-ha,1985,,Band
2WmDlNSXpyYgMK0ws7ZWDa,Stay,Hurts,2011,,Band
2XY4ViIjge2ihN3PSri8wH,(Is This The Way To) Amarillo,Tony Christie,1972,,Solo
2YLequ2SIjgAGe2A6QvO1h,It's My Life,DJ BoBo,1996,,Solo
2ZAqFu7QLIoNXSkvpwrKMU,Chirpy Chirpy Cheep Cheep,Middle Of The Road,1971,,Band
2aI21FnmY7TJVKeMaoQZ0t,Say It Right,Nelly Furtado,2006,,Solo
2c4rr33mgGC4c9cWzqdYxN,Because You Loved Me,Céline Dion,1996,,Solo
2dRrRVZ2P7yc5FFeGTKLNd,Music Is The Key,Sarah Connor;Naturally 7,2003,,Band
2eWIGR0SzhXXx3Mx6Lk1QZ,Herzbeben,Helene Fischer,2017,,Solo
2erg7Xduc8OHhkLepV4eER,Book Of Love (feat. Polina),felix jaehn;POLINA,2018,,Band
2ev5cqhY4qE0ekhbjiOPvQ,Song of Joy,Miguel Ríos,1969,,Solo
2fQxE0jVrjNMT9oJAXtSJR,Domino,Jessie J,2011,,Solo
2gT46NitMujTCwYWpwrPNW,"Nur ein Kuss, Maddalena",Michael Holm,2000,,Solo
2hrUO4drrO63i7FYbCLBl2,Rockabye (feat. Sean Paul & Anne-Marie),Clean Bandit;Anne-Marie;Sean Paul,2016,,Band
2iL0W5qi0ivZ9WRXbZ74cS,We Are The People (feat. Bono & The Edge),Martin Garrix;Bono;The Edge,2021,,Band
2ixsaeFioXJmMgkkbd4uj1,Budapest,George Ezra,2014,,Solo
2j8bXaOBeEeyoY4ZpCcFIW,You Drive Me Crazy,Shakin' Stevens,1981,,Solo
2m5xo4HEFHgOQpqqrxCS5u,Woman In Love,Barbra Streisand,1980,,Solo
2olVm1lHicpveMAo4AUDRB,The Power Of Love,Huey Lewis & The News,1985,,Band
2rTYgHxgcndkUrRoU7x0Sv,Mr. Vain,Culture Beat,1993,,Band
2sgBTNHz9ckmqj3rx3ez4M,Ruby,Kaiser Chiefs,2007,,Band
2v3TG35plidR486Cltpgxs,Zwei kleine Italiener,Conny Froboess,1962,,Solo
2v7ywbUzCgcVohHaKUcacV,Like a Prayer,Madonna,1989,,Solo
2vFl6t6ZjyvNCAT1X5N0I5,Dream Of You,Schiller;Peter Heppner,2001,,Band
2ymeOsYijJz09LfKw3yM2x,Joy To The World,Three Dog Night,1970,,Band
31AOj9sFz2gM0O3hMARRBx,Losing My Religion,R.E.M.,1991,,Band
31KFfR180bYoPqqy671tXm,Because I Love You,Stevie B,1990,,Solo
36orMWv2PgvnzXsd5CJ0yL,Post Malone (feat. RANI),Sam Feldt;RANI,2019,,Band
37ZJ0p5Jm13JPevGcx4SkF,Livin' On A Prayer,Bon Jovi,1986,,Band
38GqIQ4RVkat91RnQrLJYP,Love Is In The Air,John Paul Young,1977,,Solo
39LLxExYz6ewLAcYrzQQyP,Levitating,Dua Lipa,2020,,Solo
39tA7koBZwRzaes3ffpGz7,An Angel,The Kelly Family,1994,,Band
3AC8WrZdwW6bycdNtm15fD,How Will I Know (Who You Are),Jessica Folcker,1998,,Solo
3AeicLnm55RqcXGBKYQolM,King,Olly Alexander (Years & Years),2015,,Band
3DuHOCe1dbf3XKF8uoc5oM,Soulmate,Natasha Bedingfield,2007,,Solo
3E7ZwUMJFqpsDOJzEkBrQ7,Can't Get You out of My Head,Kylie Minogue,2002,,Solo
3EFb1qDgIqf9MegIryKtDj,"Monday, Monday",The Mamas & The Papas,1966,,Band
3IDsegNBHC4pjGCOMTQYlU,"Baby, Baby",Amy Grant,1991,,Solo
3Ib3SJV8ZXuLvDiDb2w1As,Runaway Train,Soul Asylum,1993,,Band
3IuSgREoO5y88HdIcE2Xee,I'd Do Anything For Love (But I Won't Do That),Meat Loaf,1993,,Solo
3KJ1QkwWObfuq54pgwTRyW,Magia,Alvaro Soler,2021,,Solo
3MjUtNVVq3C8Fn0MP3zhXa,...Baby One More Time,Britney Spears,1999,,Solo
3MrRksHupTVEQ7YbA0FsZK,The Final Countdown,Europe,1986,,Band
3MrWxJaD2AT0W9DjWF64Vm,Come On Eileen,Dexys Midnight Runners,1982,,Band
3P3pw6C19j31Rnzgo3JG7o,Perfect Strangers,"Jonas Blue, JP Cooper",2016,,Band
3PR79C1jVvLLLmgdyHkXl3,That's the Way (I Like It),KC & The Sunshine Band,1975,,Band
3TCauNPqFiniaYHBvEVoHG,Beautiful,Christina Aguilera,2002,,Solo
3Ug96zKa29P3vICEEcYajZ,We Don't Talk Anymore,Cliff Richard,1979,,Solo
3XY0oIVf2roUFIwkzjBgwt,I Only Wanna Be with You,Bay City Rollers,1976,,Band
3ZFTkvIE7kyPt6Nu3PEa7V,Hips Don't Lie (feat. Wyclef Jean),"Shakira, Wyclef Jean",2005,,Band
3ZLiONVoHO12NBbMI1F9OH,Beiß nicht gleich in jeden Apfel,Wencke Myhre,1969,,Solo
3bC1ahPIYt1btJzSSEyyrF,Whistle,Flo Rida,2012,,Solo
3cbV252akVZInSvJk7jAYX,Flashdance...What a Feeling,Irene Cara,1983,,Solo
3eR23VReFzcdmS7TYCrhCe,It Ain't Me (with Selena Gomez),Kygo;Selena Gomez,2017,,Band
3iB8eciGU9vZkaDYkz7Ir9,Bamboléo,Gipsy Kings,1987,,Band
3iSws76HjaU7k49EqJVTfF,"Sugar, Sugar",The Archies,1969,,Band
3l1TpFpMBEuQ3YOZVNeMKp,A Neverending Dream,X-Perience,1996,,Band
3lrnlYbfVdJ5FW8ySUFyOV,Flames Of Love,Fancy,1988,,Solo
3rKYiySCDMUKTw5kGVVhaa,Marvin Gaye (feat. Meghan Trainor),Charlie Puth;Meghan Trainor,2016,,Band
3rmo8F54jFF8OgYsqTxm5d,Bad Habits,Ed Sheeran,2021,,Solo
3sfKfoEJp8uR7syEMze89R,Gib mir Sonne,Rosenstolz,2008,,Band
3sryjPEihgzXH84vu943pX,Rescue Me,Bell Book & Candle,1997,,Band
3uiMBldZ07pW0ySHDX5gzE,Silly Love Songs,Wings,1976,,Band
3ujiq7yK4Uan5z4876fHLK,Layla,DJ Robin;Schürze,2022,,Band
3v0uXfyMEZ1lGvBOv1Y4ar,Bring It All Back,S Club,1999,,Band
3v9xlH6BpmRbqL7hgNJhfT,I Get Around (Mono),The Beach Boys,1964,,Band
3zHq9ouUJQFQRf3cm1rRLu,Love Me Like You Do,Ellie Goulding,2015,,Solo
40riOy7x9W7GXjyGp4pjAv,Hotel California,Eagles,1976,,Band
41vMiybETaoMluMtgCIF8B,Im Wagen vor mir,Henry Valentino;Uschi,1977,,Band
42MOQv8uspw7Jt6XSujAm7,Life,Haddaway,1993,,Solo
44Pv0rinObvVa4nQ4TXLga,Hello,Martin Solveig;Dragonette,2011,,Band
47Slg6LuqLaX0VodpSCvPt,Just the Way You Are,Bruno Mars,2010,,Solo
48eiLW57CqSmCYNZRM2J8M,From a Distance,Bette Midler,1990,,Solo
4CanxrTGxjh0KL80lhUOgR,Summer Love,Mark Medlock,2008,,Solo
4CfmAinsGt7f9IUvQ3XBGW,Summer Son,Texas,1999,,Band
4DRqC64lihScDSfDRLVHrX,She's Got That Light,Orange Blue,2000,,Band
4Dm32oO01YpIubCHaAtKkN,My Life Would Suck Without You,Kelly Clarkson,2009,,Solo
4Dvkj6JhhA12EX05fT7y2e,As It Was,Harry Styles,2022,,Solo
4E94Aw2pCloMM0pnz9ddlr,Ship of Fools,Erasure,1988,,Band
4OSBTYWVwsQhGLF9NHvIbR,Rolling in the Deep,Adele,2011,,Solo
4RuyA96d3CvfauODr7QIlC,Deutschland,Die Prinzen,2001,,Band
4V9BTST4BSkvOL4xIQNHuS,Heaven Is A Place On Earth,Belinda Carlisle,1987,,Solo
4VnzKUBMB6cvog8Jvv1few,Yellow River,Christie,1970,,Band
4VrWlk8IQxevMvERoX08iC,Chandelier,Sia,2014,,Solo
4aTCNddtjztjuK2EOgz7ZZ,Itsy Bitsy Teenie Weenie Yellow Polka Dot Bikini,Brian Hyland,1961,,Solo
4bW1aidYiqN0xXxwaXnHKc,Radio,The Corrs,1999,,Band
4c0LwA8hxZrRVd5y7yCGvl,Flugzeuge im Bauch,Herbert Grönemeyer,1984,,Solo
4cOdK2wGLETKBW3PvgPWqT,Never Gonna Give You Up,Rick Astley,1987,,Solo
4dlx1Lc6HXfGJlJWEEe1nC,Flying,Nice Little Penguins,1994,,Band
4eHbdreAnSOrDDsFfc4Fpm,I Will Always Love You,Whitney Houston,1992,The Bodyguard|Bodyguard,Solo
4esOae7i4rqTbAu9o5Pxco,Girl on Fire,Alicia Keys,2012,,Solo
4fDg7BCqpalASqTuWzssQX,Ein Festival der Liebe,Jürgen Marcus,1973,,Solo
4h9E8Ydm3wBuIUwFZYmQtq,Free Like the Wind,Alexander,2004,,Solo
4h9wh7iOZ0GGn8QVp4RAOB,I Ain't Worried,OneRepublic,2022,,Band
4kbj5MwxO1bq9wjT5g9HaA,Shut Up and Dance,WALK THE MOON,2014,,Band
4l49RkY90qqeJZ72nVbdkC,Forever in Love,Sylver,2001,,Band
4nVBt6MZDDP6tRVdQTgxJg,Story of My Life,One Direction,2013,,Band
4nXkbcTj3nyww1cHkw5RAP,Long Train Runnin',The Doobie Brothers,1973,,Band
4nd9gG5VO6nYcw9Sd93I0Q,Faust auf Faust (Schimanski),Klaus Lage,1985,,Solo
4oGTdOClZUxcM2H3UmXlwL,Ironic,Alanis Morissette,1995,,Solo
4rZl9S1gO2sGUHrm7Hs3pb,You're The Greatest Lover,Luv',1978,,Band
4rkiST7hsHEuU5EMvApemD,Everybody's Free (To Feel Good),Rozalla,1991,,Solo
4saklk6nie3yiGePpBwUoc,Dynamite,BTS,2020,,Band
4sv1iemiMkkZVTUbV16C8L,7 Seconds (feat. Neneh Cherry),Youssou N'Dour;Neneh Cherry,1994,,Band
4w1lzcaoZ1IC2K5TwjalRP,A Thousand Miles,Vanessa Carlton,2002,,Solo
4w3tQBXhn5345eUXDGBWZG,9 to 5,Dolly Parton,1980,,Solo
4y1LsJpmMti1PfRQV9AWWe,Girls Just Want to Have Fun,Cyndi Lauper,1983,,Solo
4yOU9FaCmFFo2qfy1FHIe3,Désenchantée,Kate Ryan,2002,,Solo
52Rp3xBJFYYdmpgzDy0Quf,The Tide Is High,Blondie,1980,,Band
52hQY9AntPqOQM46N9BnfC,Amazing,INNA,2010,,Solo
54OR1VDpfkBuOY5zZjhZAY,YMCA,Village People,1978,,Band
57KfogSy3eKuk5JHLKwCJv,Song Sung Blue,Neil Diamond,1972,,Solo
583xVl0Sbj93uU4ceixgU8,I'm Outta Love,Anastacia,1999,,Solo
58RdxKqvxh631GXrvTxJ2z,Caravan Of Love,The Housemartins,1986,,Band
5ChkMS8OtdzJeqyybCc9R5,Billie Jean,Michael Jackson,1982,,Solo
5ClXLJW6OLZuTLCwhmX9h9,From Paris to Berlin,Infernal,2004,,Band
5DDCG3NOg3EiOO7FurFoMR,Als wär's das erste Mal,Unheilig,2014,,Band
5Ihd9HrPvOADyVoonH9ZjB,Un-Break My Heart,Toni Braxton,1996,,Solo
5Ltzqoi2f9mtBXzZPIUBiM,Zucker im Kaffee,Erik Silvester,1969,,Solo
5MMnwYs0hIxkENRsbkWJ2G,Smoke On The Water,Deep Purple,1972,,Band
5N5k9nd479b1xpDZ4usjrg,Promises (with Sam Smith),Calvin Harris;Sam Smith;Jessie Reyez,2018,,Band
5NFZ9y9Px11uTuiSnv8Emn,"Nachts, wenn alles schläft...",Howard Carpendale,2011,,Solo
5NIl5fux02EnUJKKb8PKa0,Nessaja,Peter Maffay;Tabaluga,1983,,Band
5NlFXQ0si6U87gXs6hq81B,Candy,Robbie Williams,2012,,Solo
5NoUgO4Kr93QymQGQlBC7b,Up Where We Belong,Joe Cocker;Jennifer Warnes,1982,,Band
5QO79kh1waicV47BqGRL3g,Save Your Tears,The Weeknd,2020,,Solo
5Rugk3pKgC2yMo8jKQdStl,Verliebte Jungs,Purple Schulz,1985,,Solo
5UOo694cVvjcPFqLFiNWGU,Video Games,Lana Del Rey,2012,,Solo
5WhqLY64g8U6tkUAFv6dzD,Black Saturday,Mando Diao,2014,,Band
5YbgcwHjQhdT1BYQ4rxWlD,Don't Worry Be Happy,Bobby McFerrin,1988,,Solo
5dWTTaFsr2P1LvwErDGlxw,"Küss mich, Halt mich, Lieb mich",Küss Mich Halt Mich Lieb Mich Drei Haselnüsse Für Aschenbrödel,2012,,Solo
5dXJ1SoksFkgdx3yxIoYNO,"You're The First, The Last, My Everything",Barry White,1974,,Solo
5dZHgdCS1ILH7z86heIGBH,Freiheit,Westernhagen,1990,,Solo
5g6nzsOxwxdoj6sqAl0NXB,It's Raining Men,The Weather Girls,1982,,Band
5h87ecAlxNNuIDnpSof1zx,Sommernacht in Rom,G.G. Anderson,1993,,Solo
5hnyJvgoWiQUYZttV4wXy6,Chasing Cars,Snow Patrol,2006,,Band
5jVJAojK3LFKETjI2gYb8O,I Promised Myself,Nick Kamen,1990,,Solo
5jWI1xNxABzDRFTnD2yp8L,I Love to Love,Tina Charles,1976,,Solo
5lj2XEAhr9jdSpE2v14k0G,Im Himmel geht es weiter,Matthias Reim,1994,,Solo
5oZ2hXRyiJrIwcTpoy3zT2,Hadschi Halef Omar,Dschinghis Khan,1979,,Band
5p3JunprHCxClJjOmcLV8G,Walk On the Wild Side,Lou Reed,1964,,Solo
5qGwqO0lkbBXw4xNfzT7SF,Spice Up Your Life,Spice Girls,1997,,Band
5rgy6ghBq1eRApCkeUdJXf,We Are Young (feat. Janelle Monáe),fun.;Janelle Monáe,2012,,Band
5uvosCdMlFdTXhoazkTI5R,Light My Fire,The Doors,1967,,Band
5wfSJoeeGeyovIOYHyqi2O,Liebeskummer Lohnt Sich Nicht,Siw Malmkvist,1983,,Solo
5xEM5hIgJ1jjgcEBfpkt2F,Complicated,Avril Lavigne,2002,,Solo
5xMLcSEstX1jN4arpNXqtX,Na Na Hey Hey Kiss Him Goodbye,Steam,1969,,Band
5zWZ9iNevP0397xB3jWV2z,Brother Louie,Modern Talking,1986,,Band
619bJQ9uDi8dnXzLebFI7y,When Love Takes Over (feat. Kelly Rowland),David Guetta;Kelly Rowland,2009,,Band
62bOmKYxYg7dhrC6gH9vFn,Bye Bye Bye,*NSYNC,2000,,Band
64B4UbGRLtGRBtiN2m8OvF,Love Shack,The B-52's,1989,,Band
69mFxANpGyq9s69LqH3d9G,I Love Your Smile,Shanice,1991,,Solo
6AAfe5lGMWBGYqKsU35Srd,"Bronze, Silber und Gold",Wolfgang Petry,1995,,Solo
6Ad5UmaaLYodJfYUTauDLO,Bodo mit dem Bagger,Mike Krüger,1983,,Solo
6AsF1pBjFMIEMXuA8JgRag,Dolce Vita,Ryan Paris,1983,,Solo
6BOr4LUEiAeg0xUtsgZ6Ri,Holiday,The Other Ones,1986,,Band
6EuVkSdWQ8LQWF3aRd37v4,Ich bin verliebt in die Liebe,Chris Roberts,1971,,Solo
6Fba9RZtC6vTY814JToDtP,Jump,Van Halen,1984,,Band
6J6RWKCPN5RFKHUKEUFjxS,Step by Step,New Kids On The Block,1990,,Band
6KzkqZqhUBEsWYJJa2aBOd,The Weekend,Michael Gray,2004,,Solo
6N7gPTru90HYLRUIVDQ185,More Than This,Roxy Music,1982,,Band
6OnfBiiSc9RGKiBKKtZXgQ,We Built This City,Starship,1985,,Band
6OniQ6SfLGKJkL0Wn5nNBL,Was für eine geile Zeit,Ben Zucker,2018,,Solo
6Qn5zhYkTa37e91HC1D7lb,Whatever It Takes,Imagine Dragons,2017,,Band
6RtPijgfPKROxEzTHNRiDp,Rude,MAGIC!,2014,,Band
6TR1HuLKAe7Xt4XPBaxvv2,We'll Be Together,Sandra,1989,,Solo
6XUHsYE38CEbYunT983O9G,Give A Little Bit,Supertramp,1977,,Band
6b6IMqP565TbtFFZg9iFf3,"I Can't Help Myself (Sugar Pie, Honey Bunch)",Four Tops,1965,,Band
6bsrVpcZbja30aeYQuRnFv,Solang' man Träume noch leben kann,Münchener Freiheit,1991,,Band
6cx06DFPPHchuUAcTxznu9,Head & Heart (feat. MNEK),Joel Corry;MNEK,2020,,Band
6epn3r7S14KUqlReYr77hA,Baby,Justin Bieber;Ludacris,2010,,Band
6fXzdWgyZhDeLmlzC7Mvco,Crucified,Army Of Lovers,1991,,Band
6gu07W00q7BHInJ0Bthczq,Ich werde lächeln wenn du gehst,Andrea Berg,2016,,Solo
6hM3nQbefoSTwiemMIICTU,Keeping Your Head Up,Birdy,2016,,Solo
6iXQrhhgBisdfvS34EMTZ3,Mandy,Barry Manilow,1974,,Solo
6kvoHl80mfCVTv7XnZkjQn,It Must Have Been Love,Roxette,1990,Pretty Woman,Band
6rDpddP9TCGQ48LsUcHe8o,Ein Herz kann man nicht reparieren,Udo Lindenberg,1991,,Solo
6rLqjzGV5VMLDWEnuUqi8q,Dancing In The Street,Martha Reeves & The Vandellas,1965,,Band
6rbetlu2qWoxKi5c0u70Dq,Never Ending Song Of Love,The New Seekers,1971,,Band
6sJqyTUtxpzdISd2iYVAPT,Nur in meinem Kopf,Andreas Bourani,2011,,Solo
6si71supnBUhddjR2FJc2L,White Flag,Dido,2003,,Solo
6tXnRSvuNgOq4QcxpIN54r,Weather With You,Crowded House,1991,,Band
6vGW3d8X48CBaLdU0PQbey,Moving on Up,M People,1993,,Band
6vcdzohhBSbNdsZBh5IRpQ,Back for Good,Take That,1995,,Band
6vgnumRgsZcc5fVFtpIRO1,Out Of The Dark,Falco,1998,,Solo
6zAHbtMdTtwqxlhzd7dGY0,Engel wie du,Juliane Werding,1994,,Solo
7037bX3jdaUWUAXL12CHGy,Sarà perché ti amo,Ricchi E Poveri,1981,,Band
714hERk9U1W8FMYkoC83CO,You Sexy Thing,Hot Chocolate,1975,,Band
71wyHyT1q59Kz01dUX0Br7,I Follow Rivers,Triggerfinger,2010,,Band
72zOETQxh17gpQbYmEhzTM,Blueprint,Rainbirds,1987,,Band
74VR3AkGPhbYXnxcOYa16x,Strangers In The Night,Frank Sinatra,1966,,Solo
74jZhGv0fdLaf9q8AZZ15k,Please Mr. Postman,Carpenters,1975,,Band
75LAaoFubEA34fwwLc6xUK,Jojo Action,Mr. President,1997,,Band
76VWuBu8qoFxzfhpfW0lE6,Not Fair,Lily Allen,2009,,Solo
78His8pbKjbDQF7aX5asgv,Rivers of Babylon,Boney M.,1978,,Band
7BdXRaSlGAzhySfuW3y8h5,She's Like the Wind (feat. Wendy Fraser),Patrick Swayze;Wendy Fraser,1987,,Band
7EI6Iki24tBHAMxtb4xQN2,Anywhere,Rita Ora,2017,,Solo
7GHKA8GIMcND6c5nN1sFnD,Sexbomb,Tom Jones;Mousse T.,1999,,Band
7HTX5cE4qzHALfgO2xSvMd,Ayo Technology,Milow,2009,,Solo
7HW5WIw7ZgZORCzUxv5gW5,Don't Go Breaking My Heart,"Elton John, Kiki Dee",1975,,Band
7a53HqqArd4b9NF4XAmlbI,Kings & Queens,Ava Max,2020,,Solo
7cv28LXcjAC3GsXbUvXKbX,I Will Survive,Gloria Gaynor,1978,,Solo
7d7CrztpZG7NGb0b2Td5DA,Komm gib mir deine Hand,Tony Marshall,1972,,Solo
7eYhN6ciVsXBfb7kVjmvgt,Mr Boombastic,Shaggy,1995,,Solo
7eheoW4hxrH51ww2QePVwF,Gonna Make You Sweat (Everybody Dance Now) (feat. Freedom Williams),C & C Music Factory;Freedom Williams,1990,,Band
7fu3Tv5rcoGD1PZV7s57WW,Rock the Boat,Hues Corporation,1973,,Band
7g3g2sqevicvurLTZ75JTA,Hijo de la Luna,Mecano,1986,,Band
7mDCg8XTEyDNPzC5Jdt7mu,Break Your Heart,Taio Cruz;Ludacris,2010,,Band
7mOD9NFyZhC8PtW4joWDWT,Symphonie,Silbermond,2004,,Band
7sXTcibuNYugjjYNfgf2kY,Felicità,Al Bano And Romina Power,1982,,Band
7uEcCGtM1FBBGIhPozhJjv,Daydream Believer,The Monkees,1968,,Band
7vNZ2Gbr2cKtS8C6vc7fSC,Geh nicht vorbei,Christian Anders,1972,,Solo
7vu0JkJh0ldukEYbTVcqd0,Issues,Julia Michaels,2017,,Solo
7wZUrN8oemZfsEd1CGkbXE,Bleeding Love,Leona Lewis,2007,,Solo
7wuJGgpTNzbUyn26IOY6rj,Total Eclipse of the Heart,Bonnie Tyler,1983,,Solo

----------------------
Deutschland Summer Party
----------------------

05wIrZSwuaVWhcv5FfqeH0,Walking On Sunshine,Katrina & The Waves,1985,,Band
06HRc41zK97Hh9AcuyXVZn,Baila Me,Gipsy Kings,1991,,Band
06yREZ9X92R2e9RJpdzZ2O,Nutbush City Limits,Ike & Tina Turner,1973,,Band
08ELdy0Y3kHX59SR5qy69z,Backseat of Your Cadillac,C.C. Catch,1988,,Solo
0AQHfKjzky28rf5ytfBANJ,High,Lighthouse Family,1997,,Band
0B9x2BRHqj3Qer7biM3pU3,You're The One That I Want,"John Travolta, Olivia Newton-John",1978,,Band
0BxfFnk0YzONqvmrkO0QrB,Don't Cha,The Pussycat Dolls;Busta Rhymes,2005,,Band
0C7dYeCLF6ukChtW64UNge,Girl You Know It's True,Milli Vanilli,1988,,Band
0E9ZjEAyAwOXZ7wJC0PD33,In My Mind,Dynoro;GIGI D'AGOSTINO,2018,,Band
0EbWhshcHu8Y0NkdgABv3d,Let's Get Back To Bed - Boy!,Sarah Connor;TQ,2001,,Band
0GONea6G2XdnHWjNZd6zt3,Summer Of '69,Bryan Adams,1984,,Solo
0GX5oOKtU0nnx5OkhenW2i,Closer,Ne-Yo,2008,,Solo
0HNXnhNZZtRZFLhP4hfyCP,Hey Baby,DJ Ötzi,2000,,Solo
0HzHUF33G1dPmd2eNULyfa,Faded Love,Leony,2021,,Solo
0IbTukfZdB91gclEXUQZkH,Around the World (La La La La La),"A Touch Of Class, Pete Konemann",2000,,Band
0Je3J2ml1lrnTLXXIlxrvR,Never Let Me Down,VIZE;Tom Gregory,2020,,Band
0LoQuiekvzqx7n8flgEKzF,Get It On,T. Rex,1971,,Band
0LzrhCZFXW94Y8nwtTuRlw,Hollaback Girl,Gwen Stefani,2004,,Solo
0O45fw2L5vsWpdsOdXwNAR,SexyBack (feat. Timbaland),"Justin Timberlake, Timbaland",2006,,Band
0PSZ9G584Ve27GK6ThlY6P,Lady Marmalade,Christina Aguilera;Lil' Kim;Mýa;P!nk,2001,,Band
0UNzSO6Ahn3MQ8izYLwc5K,Like Ice in the Sunshine,Beagle Music,1985,,Band
0YMFcrMtBowDdD5bPz0cgy,Talkin' Bout a Revolution,Tracy Chapman,1988,,Solo
0ZX1AU9VjSVkzb8vro8PMU,Nossa Nossa (Ai Se Eu Te Pego),Michel Teló,2012,,Solo
0aAR5HogGoT68EWFbyRFqx,What A Feeling,Irene Cara,1983,,Solo
0bwNb4KRkhzahJJMFsGoPR,Please Don't Go,Double You,1992,,Band
0dRhSF9LV0HR8Jwd3MMMKJ,Everytime,Britney Spears,2003,,Solo
0di7hMT6o1ogeUN1XDB9Ft,Israelites,Desmond Dekker,1968,,Solo
0f3cKxB4avKAHNgucJ6S9O,United (feat. Marky Mark),Prince Ital Joe;Marky Mark,1994,,Band
0fXy5mDtuSBtBMkNtAUhG6,Shut Up (And Sleep With Me),Sin With Sebastian,1995,,Solo
0ftIaUx27vc9K0ztdiZgHf,So schmeckt der Sommer,Edward Reekers,1995,,Solo
0iSRq1li0tV14LuvlfLXtN,Arrivederci Claire,Andy Borg,1982,,Solo
0jvN7eQJJt4nxQzgQfZ1SP,Spirit In The Sky,Norman Greenbaum,1969,,Solo
0lnxrQAd9ZxbhBBe7d8FO8,MMMBop,Hanson,1997,,Band
0mFIn4etymn4sDWNrERNJh,Tom's Diner,DNA;Suzanne Vega,1990,,Band
0n2SEXB2qoRQg171q7XqeW,Smooth (feat. Rob Thomas),Santana;Rob Thomas,1999,,Band
0nQLxiNGbbUoSGrxksETLm,The Power,SNAP!,1990,,Band
0nrRP2bk19rLc0orkWPQk2,Wake Me Up,Avicii,2013,,Solo
0ofMkI3jzmGCElAOgOLeo3,The Rhythm of the Night,Corona,1994,,Band
0oxOXYVVZ7vDknU6kagLwO,Bailando,Loona,1998,,Solo
0qemIQjSxcKyf42VPfZnfa,Night Fever,Bee Gees,1977,,Band
0sUWZTmLTZj21G6dmlsJlj,La Camisa Negra,Juanes,2005,,Solo
0tRdzXtsvcdVcUCvLYa6Ow,Bella Isola,Bata Illic,2003,,Solo
0utLWSIbolqT7KyppMuxKY,Yeah! (feat. Lil Jon & Ludacris),USHER;Lil Jon;Ludacris,2004,,Band
0x93VOS1AOKUgJkZjcG1sh,CAN'T STOP THE FEELING!,Justin Timberlake,2016,,Solo
0yD9qeu9sM5HhKWzv8dZ5N,Country Roads,Hermes House Band,2001,,Band
0ydk0oiUuGNyeUFeWlkjUS,Love Is You,Thomas Godoj,2008,,Solo
0z0JSkE5Nw3i3nin3BBSuG,Sunshine Reggae,Laid Back,1983,,Band
0zv3f19rNhmZhNmNA2xJsF,"Türlich, Türlich (Sicher, Dicker)",Das Bo,2000,,Solo
113v1MA9MTShy98uCz37nO,Umbrella,Rihanna;JAŸ-Z,2007,,Band
11C4y2Yz1XbHmaQwO06s9f,Dance The Night,Dua Lipa,2023,,Solo
19iYbGg080uoVvudEvrN43,Sonic Empire,Members Of Mayday,1997,,Band
1A8j067qyiNwQnZT0bzUpZ,This Girl (Kungs Vs. Cookin' On 3 Burners),Kungs;Cookin' On 3 Burners,2016,,Band
1AjQE5MtP5jHQMyDepbvLI,"Never Leave You (Uh Oooh, Uh Oooh)",Lumidee,2003,,Solo
1IWzfq3sLedGQ3fb2hAMBA,Rhythm Is A Dancer,SNAP!,1992,,Band
1JO1xLtVc8mWhIoE3YaCL0,Happy Together,The Turtles,1967,,Band
1JViGsU8CVY7j0o4coomDA,Wann wird's mal wieder richtig Sommer,Rudi Carrell,1975,,Solo
1Je1IMUlBXcx1Fz0WE7oPT,Wannabe,Spice Girls,1996,,Band
1KU5EHSz04JhGg3rReGJ0N,Black Velvet,Alannah Myles,1989,,Solo
1NP7bzm8UksJUWXsuFoOwE,Übermorgen,Mark Forster,2020,,Solo
1OE5bn5HUmCqTLNpo13ya3,Reggae Night,Jimmy Cliff,1983,,Solo
1PEZiGU255hLkwyn5CwHqj,Flying Through the Air,Oliver Onions,1973,,Band
1SssFw74DdHVjRa6ADggdD,Sweat (A La La La La Long),Inner Circle,1992,,Band
1XcyciZOU2UcFgvSlFazeW,No Doubt About It,Hot Chocolate,1987,,Band
1YnVYHXoak0syv4xBRHQRb,Kingston Town,UB40,1980,,Band
1YwPNemawMgGe6sF4U0FTE,Suavemente,Elvis Crespo,1998,,Solo
1ZMODMeLK5x6W8r8jsmmgX,Au Revoir (feat. Sido),Mark Forster;Sido,2014,,Band
1bZr5vH0cfmKu5ODpD0DEO,Weekend,Earth & Fire,1979,,Band
1eMhNaN4a92qoidBbkQCmG,Looking for Freedom,David Hasselhoff,1989,,Solo
1hGvGM76KOX6tpAyaHB0au,No Limit,2 Unlimited,1993,,Band
1hRFVIy9As8OVRk8B7CrD5,When Love Takes Over (feat. Kelly Rowland),David Guetta;Kelly Rowland,2009,,Band
1kMOJBmpfWD9fir6st9uqS,Without You,Mariah Carey,1993,,Solo
1kX0JVbq1lG9VZNiLF3Bwz,Get Down,Gilbert O'Sullivan,1973,,Solo
1lfjTOtTRUDkzcmahA4lcs,I'll Be There for You,The Rembrandts,1995,,Band
1m3YR95r3ZuLtu66T8l4Ab,Boom Boom Boom,The Outhere Brothers,1994,,Band
1mMYaXpT65iZDtvfRA9EkE,Fresh,Kool & The Gang,1984,,Band
1rIKgCH4H52lrvDcz50hS8,Lush Life,Zara Larsson,2015,,Solo
1rvr5N1PGjoE7rsJZCdomp,Strandbikini,Club Honululu Itsy Bitsy Teenie Weenie Honolulu,2013,,Band
1uBsu3PbD2909UBIfEMLvK,Jumpin' Jack Flash,The Rolling Stones,1968,,Band
1uI848raFaNWwe9HjHpjQ5,Boys (Summertime Love),Sabrina,1988,,Solo
1vxw6aYJls2oq3gW0DujAo,Crazy,Gnarls Barkley;CeeLo Green;Danger Mouse,2007,,Band
1zi7xx7UVEFkmKfv06H8x0,One Dance,Drake;Wizkid;Kyla,2016,,Band
20I6sIOMTCkB6w7ryavxtO,Call Me Maybe,Carly Rae Jepsen,2012,,Solo
20Vs0dtWsL7eZ87YAvubJj,Wavin' Flag,K'NAAN,2009,,Solo
20XdEFyaUR9C7aDIdq2OAd,Summertime,DJ Jazzy Jeff & The Fresh Prince,1991,,Band
21qnJAMtzC6S5SESuqQLEK,Pump Up The Jam,Technotronic,1989,,Band
22mek4IiqubGD9ctzxc69s,How Deep Is Your Love,Calvin Harris;Disciples,2015,,Band
22vgEDb5hykfaTwLuskFGD,Sucker,Jonas Brothers,2019,,Band
264b3qoi07fjK6KxLuQ1NP,You Can Get It,Mark Medlock;Dieter Bohlen,2007,,Band
273uCXd7NPrInaiNqtkOrA,Tarzan Boy,Baltimora,1985,,Band
294ii3rwz6bTJ2XMn5BDu0,Sugar Baby Love,The Rubettes,1974,,Band
29SyMC0plk6qw8NMF7lfRL,You Really Got Me,The Kinks,1964,,Band
2BTSWfjaTMYWCxhmVRhqLK,Mr. Saxobeat,Alexandra Stan,2011,,Solo
2F2p7b5Xq20mRyEeWYaeUF,Substitution (feat. Julian Perretta),Purple Disco Machine;Kungs;Julian Perretta,2023,,Band
2Fo33Bf61uSKCtFmTcgxuV,Nur Noch Schuhe An!,Mickie Krause;Willi Herren,2012,,Band
2Foc5Q5nqNiosCNqttzHof,Get Lucky (feat. Pharrell Williams and Nile Rodgers),"Daft Punk, Pharrell Williams, Nile Rodgers",2013,,Band
2GGJzyfq6mNovzf5vqv9MQ,Unsere Lieder,Ben Zucker,2022,,Solo
2GYHyAoLWpkxLVa4oYTVko,Alors on danse,Stromae,2010,,Solo
2JKRZGp4LwT9GGbcXtx2sw,Summer Wine,Nancy Sinatra;Lee Hazlewood,1968,,Band
2KOt2JrCB720UxIbyzweQo,Barbara Ann,The Beach Boys,1965,,Band
2LawezPeJhN4AWuSB0GtAU,Have You Ever Seen The Rain,Creedence Clearwater Revival,1970,,Band
2MDdh4rbNNBiy8l6XgI6E9,Played-A-Live (The Bongo Song),Safri Duo,2001,,Band
2NBQmPrOEEjA8VbeWOQGxO,Drop It Like It's Hot,Snoop Dogg;Pharrell Williams,2004,,Band
2UjNsh4ipNrmog6wdS2JVv,Satellite,Lena,2010,,Solo
2X90tKH59XlulLjbT4vci1,Perfect,Fairground Attraction,1988,,Band
2XAuKwZuf3EPDo9GLfBDsB,Lonely,Nana Darkman;Alexandra Prince,1997,,Band
2XQ00wanrsQOL9djhTQEEY,Ab in den Süden,Buddy,2004,,Solo
2Xnv3GntqbBH1juvUYSpHG,So Am I,Ava Max,2020,,Solo
2aEeghgUcnu75tzcolFMfs,La Bamba,Ritchie Valens,1959,,Solo
2bJtJv5NGkYUFP6prU3WSg,Cose Della Vita (with Tina Turner),Eros Ramazzotti;Tina Turner,1997,,Band
2bbIswC2E2MMSSjcHFD17G,The Free Electric Band,Albert Hammond,1973,,Solo
2d8D7uk3tbAThjRkdfrx9c,Voyage voyage,Desireless,1986,,Solo
2i7LYnvqSFfmimscnZqVLn,Lila Wolken,Marteria;Miss Platnum;Yasha,2012,,Band
2jEM4UBJxs98Uf4NEe48iD,Whatever,CRO,2013,,Solo
2kgqupahrJpYB4r1poTXEY,Axel F,Harold Faltermeyer,1984,,Solo
2lWLGJ0C4vCi8EmNAvzzzm,Take Me Tonight,Alexander Klaws,2003,,Solo
2ln6685JphEqCJYclkusqW,"Zeit, dass sich was dreht",Herbert Grönemeyer;Amadou;Mariam,2006,,Band
2oWMI54r0qT4N8Xb4C76vq,The Look,Roxette,1988,,Band
2oXchyEBxQBe8vH6iFgbv0,Music,John Miles,1976,,Solo
2sR6PY1YgPZTB8hZflRbFq,Let The Music Play,Barry White,1976,,Solo
2uAgZ0PelSImQe3BME9CiT,Solo Para Ti,"Alvaro Soler, Topic",2022,,Band
2vlXmglKhzSlV5XJgPzjnx,Ti Amo,Pietro Lombardi,2021,,Solo
2vxYcyUrfuyqjF8psauo6k,Hot Summer,Monrose,2007,,Band
2wCgOxYof67qXam24a3pHz,Holiday Rap,MC Miker & DJ Sven,1986,,Band
2yAVzRiEQooPEJ9SYx11L3,Blue (Da Ba Dee),Eiffel 65;Gabry Ponte,1999,,Band
2znqUPNy69gC4l5cC6CtAK,Ich bin der Martin 'ne,Diether Krebs,1988,,Solo
31bf9SEOppLU6lQ85d8om6,Ghetto Supastar (That is What You Are) (feat. Ol' Dirty Bastard & Mýa),"Pras, Ol' Dirty Bastard, Mýa",1998,,Band
32CzlQoaKgZxT3WA4qHSgs,Chequered Love,Kim Wilde,1981,,Solo
37dPgiT3cY5XFbG3Ldq7zv,Paloma Blanca,George Baker Selection,1975,,Band
37tzoWY1ubBQKGXiWdO5Qv,Where Do You Go,No Mercy,1996,,Band
37yIrMPeJYRm7zJ8rr3Uvv,Funkytown,Lipps Inc.,1979,,Band
3Aimpqxpvmz7jhJlNnEd5c,Swing The Mood,Jive Bunny and the Mastermixers,1989,,Band
3BCSIFo2mLFFhSsg0QwpPw,A Horse With No Name,America,1971,,Band
3CiM7fBGbaP6jiyuH2Ot4j,Mysterious Girl,Peter Andre,1995,,Solo
3EGI5qmVmGlfgy9BmNb1R8,Lessons In Love,Level 42,1987,,Band
3FdHgoJbH3DXNtGLh56pFu,Conga!,Miami Sound Machine;Gloria Estefan,1985,,Band
3GYdFB1UtGEqKGlf6R80Nx,Santamaria,Oliver Onions,1980,,Band
3H7ihDc1dqLriiWXwsc2po,Breaking Me,"Topic, A7S",2019,,Band
3HVWdVOQ0ZA45FuZGSfvns,I Don't Care (with Justin Bieber),Ed Sheeran & Justin Bieber;Justin Bieber,2019,,Band
3J5F2R62SIyivGUdebjR0O,Chocolate (Choco Choco),Soul Control,2004,,Band
3QHONiXGMGU3z68mQInncF,"I'll Be Missing You (feat. Faith Evans, 112)",Diddy;Faith Evans;112,1997,,Band
3ShEGKdskF0ke7iW2u9gjD,Senza Una Donna,Zucchero,1987,,Solo
3TlIt0ReIxPsVZcOEivT5U,It's Not Unusual,Tom Jones,1965,,Solo
3USxtqRwSYz57Ewm6wWRMp,Heat Waves,Glass Animals,2020,,Band
3WMbD1OyfKuwWDWMNbPQ4g,Daddy Cool,Boney M.,1976,,Band
3Ws8j16fKE1jj74XksiyV6,Sweet About Me,Gabriella Cilmi,2008,,Solo
3Y37ytfQDMp2KTA1SG9bpl,Mama Loo,Les Humphries Singers,1973,,Band
3ZpQiJ78LKINrW9SQTgbXd,All I Wanna Do,Sheryl Crow,1993,,Solo
3b2lYcUl4Scnm4CnltLMvY,I.O.I.O.,B 3,2002,,Band
3c8iiZGfEammKJuWTErE5x,Ain't Nobody (Loves Me Better) (feat. Jasmine Thompson),felix jaehn;Jasmine Thompson,2015,,Band
3cOO5IQtOYs7huq4Z6lYfr,Love Runs Out,OneRepublic,2014,,Band
3gdewACMIVMEWVbyb8O9sY,"Rocket Man (I Think It's Going To Be A Long, Long Time)",Elton John,1972,,Solo
3gpFz8oAnbKQz83jf17yco,Heaven,U96,1996,,Band
3hpUL1gDZWiz8k4DtYhZsS,Hot In Herre,Nelly,2002,,Solo
3hpa0c7IAnst3pdnZTXGXT,La Vie en rose,Grace Jones,1977,,Solo
3iB7lzsBC7PdJLU9k2nttT,Vamos a la Playa,Righeira,1983,,Band
3k2F7ncBMqQOwAY29KiiPF,It's a Real Good Feeling,Peter Kent;Luisa Fernandez,1979,,Band
3kyW3qviTr2dIyvqa1lEWC,Sweet Sixteen,Billy Idol,1986,,Solo
3pnxj3KnSjqO1Qkl2qLHIz,Iko Iko (My Bestie) (feat. Small Jam),Justin Wellington;Pedro Capó;Small Jam,2021,,Band
3s3DWOPtKQSgJVDRKu85Tt,Love Generation,Bob Sinclar;Gary Pine,2005,,Band
3s8GJ1A9ujxsKcLaJ2wY7Q,Waves,Mr. Probz,2013,,Solo
3vSn1frPgFcRXrjWOfhMLl,Be My Lover,La Bouche,1995,,Band
3vaBHxfz5WPBLLPt1hTUvI,Hamma!,Culcha Candela,2007,,Band
3wPPWcVuinAU7dXcJXtCID,La La La,Naughty Boy;Sam Smith,2013,,Band
3x0wa95iAU1ZMmf3yAQkjZ,I Feel Love,Donna Summer,1977,,Solo
3yobQNuKVJ62WDU7h725Fu,Fade To Grey,Visage,1980,,Band
40NRm1ZLvZpUSCUXAGGZ8J,Kung Fu Fighting,Carl Douglas,1974,,Solo
42et6fnHCw1HIPSrdPprMl,Semi-Charmed Life,Third Eye Blind,1997,,Band
42nSaPdT6g3ZIMHmKLlP2p,Let's Get Loud,Jennifer Lopez,1999,,Solo
4539Tbm6Rt5BaNKXJJj9RH,It's My Life,Dr. Alban,1992,,Solo
49sGyqfSqURWHIKDbkTfdQ,Jungle Drum,Emilíana Torrini,2008,,Solo
4Af8yzidDPc520TFd4TmkE,Don't Leave Me This Way,Thelma Houston,1976,,Solo
4DHcnVTT87F0zZhRPYmZ3B,Flowers,Miley Cyrus,2023,,Solo
4ImlIOgbZtZbhY9AUSHpGm,Zwei Mädchen aus Germany,Paul Anka,1964,,Solo
4JaAu7X4zqWols837Myn5X,Summer In the City,Joe Cocker,1994,,Solo
4Kc0S6bWVeO7Q4SoMPAyX1,Everybody,DJ BoBo,1994,,Solo
4LYvl2jiB2EkCpZzTA8vxS,Rosemarie,Hubert Kah,1982,,Solo
4T3o83F13gwUaF0xCtAfNl,Perdona,Tiziano Ferro,2002,,Solo
4UJ1AKSbXAbPlPVFe66wK7,Gypsy Woman (She's Homeless) (La Da Dee La Da Da),Crystal Waters,1991,,Solo
4WUnM4KNZ0kjp0CUeoyOnS,I Swear,All-4-One,1994,,Band
4WpmwEdc4RBos8W8icSSxW,Moonlight Shadow,Mike Oldfield,1983,,Solo
4XX1pFUkQOZTYp6Hb6a6Ae,Venus,Bananarama,1986,,Band
4Y8q64VnhD0vFYy9g2WFpi,It Feels So Good,Sonique,1998,,Solo
4YopUHLBgDj3l17HYm2OoX,Samba de Janeiro,Bellini,1997,,Band
4Zau4QvgyxWiWQ5KQrwL43,Radar Love,Golden Earring,1973,,Band
4Zfq7r0v4FKeoxwhyLYSyb,Evacuate the Dancefloor,Cascada,2009,,Band
4cG7HUWYHBV6R6tHn1gxrl,Friday (feat. Mufasa & Hypeman),Riton;Nightcrawlers;Mufasa & Hypeman;Mufasa;Dopamine,2021,,Band
4cOdK2wGLETKBW3PvgPWqT,Never Gonna Give You Up,Rick Astley,1987,,Solo
4czNORk5MjW5WOn98bki32,All Night Long (All Night),Lionel Richie,1983,,Solo
4eJqzRN15DabYK4byfWghD,Je ne parle pas français,Namika,2018,,Solo
4hKWUzhQWsOkgT6LnDEASe,Was du Liebe nennst,Bausa,2017,,Solo
4i2DmyVwf29lEdmLGNTyGM,One Night Stand,Capital Bra,2018,,Solo
4iVnfuAmwJNAGsiHz8Po6Y,Femme Like U,K.Maro,2004,,Solo
4icNLSquKZp6e0iEkBn9RP,Glow,Madcon,2010,,Band
4iyshfXSQnB0yhQr4Uoyqp,Helden 2008,Revolverheld,2008,,Band
4kLLWz7srcuLKA7Et40PQR,I Gotta Feeling,Black Eyed Peas,2009,,Band
4qGfJb2KByjvzrwo8HNibg,The Girl From Ipanema,Stan Getz;João Gilberto;Astrud Gilberto;Antônio Carlos Jobim,1964,,Band
4vju55Ag7apDL2CfotuE7Q,Sunny,Bobby Hebb,1966,,Solo
4wH4dJgrsxONID6KS2tDQM,Maneater,Nelly Furtado,2006,,Solo
4zN21mbAuaD0WqtmaTZZeP,Ferrari,James Hype;Miggy Dela Rosa,2022,,Band
50jCUPNEHtmLfK6PQzcnOH,Un'Estate Italiana (Notti Magiche),Gianna Nannini;Edoardo Bennato,1987,,Band
52FlwUMMDnTK8TGkCag9Jd,Stop! In The Name Of Love,The Supremes,1965,,Band
57F80059mWaWFvWG3tBTbO,The Edge Of Glory,Lady Gaga,2011,,Solo
59BkBWQitTPgS1inzGfyI5,Stars On 45,Stars On 45,1989,,Band
59mdyQniSaNFeXaKMGu9RB,Carnaval de Paris,Dario G,1998,,Band
5BSclXJTa9B0iURhUjZo50,La Tortura (feat. Alejandro Sanz),Shakira;Alejandro Sanz,2005,,Band
5EEiZp74udn1TOG6ty9Pq6,No No Never,Texas Lightning,2006,,Band
5N6M8yDiMV32T6Rkzh8EbW,"Boom, Boom, Boom, Boom!!",Vengaboys,1999,,Band
5O4NFbDqJ8SOfbjnIhdPDt,The Safety Dance,Men Without Hats,1982,,Band
5O4erNlJ74PIF6kGol1ZrC,Could You Be Loved,Bob Marley & The Wailers,1980,,Band
5PomJFkGwOHkrk0Rfs2DnH,Im Nin'alu,Ofra Haza,1984,,Solo
5Q5mE6WAW410uleWj0Qjz7,Jetzt oder nie,Maite Kelly,2016,,Solo
5QIG1kl6klZIy0Lu67XNYJ,Welcome to St. Tropez,DJ Antoine;Timati;Kalenna;Mad Mark,2011,,Band
5RzFJd6W40SDTyZkX6xx45,I Know You Want Me (Calle Ocho),Pitbull,2009,,Solo
5UUr2ji5Lacg72thqzLyth,Lovers on the Sun (feat. Sam Martin),David Guetta;Sam Martin,2014,,Band
5WIWTRAfxVY5mvRw4cdb0c,Dance Little Birdie,De Electronica's,1980,,Band
5YwgJ6lpZ3SiAQwBEpjqey,Rose Garden,Lynn Anderson,1971,,Solo
5aJhuze13LOoLthmiG8YIA,When The Beat Drops Out,Marlon Roudette,2014,,Solo
5apwlmvQphkCJbHnMGUP2t,Sun of Jamaica,Goombay Dance Band,1980,,Band
5bGG1abhVIUm6EAa36ipRX,One Day (Reckoning Song),Asaf Avidan;The Mojos;Wankelmut,2012,,Band
5e4K5KMw5o13ZDLS6ONAEf,Maria,US5,2005,,Band
5fRvePkRGdpn2nKacG7I6d,Coco Jamboo,Mr. President,1996,,Band
5fnA9mkIfScSqHIpeDyvck,Prayer in C,Lilly Wood and The Prick;Robin Schulz,2014,,Band
5g7rz8nma2gAaEBHlvT68N,Aicha,Outlandish,2003,,Band
5gOd6zDC8vhlYjqbQdJVWP,Baker Street,Gerry Rafferty,1978,,Solo
5hqxBvQJ3XJDSbxT9vyyqA,Alles neu,Peter Fox,2008,,Solo
5lpXFKgD6PeT6endUq5EX9,Guten Morgen Sonnenschein,Nana Mouskouri,1977,,Solo
5luOvrlnzfvJQdQjrScVj4,Live Is Life,Opus,1985,,Band
5masKPHeAOVNgxdLebIcK7,Stole the Show,Kygo;Parson James,2016,,Band
5mmuzYKRWwpgsUNxhMg2ZW,Akropolis Adieu,Mireille Mathieu,1976,,Solo
5nD2zmNcN7jZ1lrdj4ZVxX,River,Tom Gregory,2021,,Solo
5oV1YjM2rtyZ55txHHsFUu,The Shoop Shoop Song (It's In His Kiss),Cher,1991,,Solo
5pMmWfuL0FTGshYt7HVJ8P,SOS,ABBA,1975,,Band
5r6X3m7zrVHmU2lSp3DXmP,Mi Gente,J Balvin;Willy William,2017,,Band
5rX6C5QVvvZB7XckETNych,All Summer Long,Kid Rock,2007,,Solo
5vd1QZ0tdXOExiegC55IAS,Heart Of Gold,Neil Young,1972,,Solo
5vj59ONIVbyhcrI8ZSwoRo,Sofia,Alvaro Soler,2016,,Solo
61ZM92T2zaXIVsqncThQzC,In Your Eyes (feat. Alida),Robin Schulz;Alida,2020,,Band
63SevszngYpZOwf63o61K4,Nevermind,Dennis Lloyd,2017,,Solo
63Tl9k1sH8tznn3bqoMuyF,Waka Waka (This Time for Africa),Shakira,2010,,Solo
65H6t1WQBim6q93yM8fEwn,Obsesion,Aventura;Judy Santos,2002,,Band
66og7eLYQaDJwjWbFB0IiJ,Millionen Lichter,Christina Stürmer,2013,,Solo
68h3Um0UOY8FkMfcelv4Vb,New York-Rio-Tokyo,Trio Rio,1986,,Band
68pun2nSn33MONTnLYKgpm,Wunder gibt es immer wieder,Katja Ebstein,1970,,Solo
6DXLO8LndZMVOHM0wNbpzg,Danza Kuduro,Don Omar;Lucenzo,2010,,Band
6DqNZJ4hhBYd8qj9WbpSTJ,Beautiful Sunday,Daniel Boone,1972,,Solo
6ECp64rv50XVz93WvxXMGF,This Love,Maroon 5,2002,,Band
6EhPXpRYkwGwg8lx3XiGTI,Tacata,Tacabro,2013,,Band
6FRw4Ed7mA8b1bVbWVL3yI,Dubi Dam Dam,Banaroo,2005,,Band
6G2lRHL7CJjHEaf6AGK9Q5,Ratzfatz nach Mallorca,Ibo,2000,,Solo
6Gz7e7gqh7ytnzZzgSA9AR,I Believe,KAMRAD,2022,,Solo
6JNJERZGJwDVgkmbohBw7u,Self Control,Laura Branigan,1984,,Solo
6JUhYg1RCDoEkBDoX9eDQL,Ö La Palöma,Ö La Palöma Boys,1999,,Band
6JvodgYcsthsORxPsEYUoe,People Everyday,Arrested Development,1992,,Band
6LTAv2W4zYWM5rSKdgHWZS,Vayamos compañeros,Marquess,2007,,Band
6Nrs5TM730JUEp44XKOWqu,Blondes Wunder,Bernhard Brink,2001,,Solo
6OuRbvP4PgbuzBIapVzmFJ,Sailing,Rod Stewart,1975,,Solo
6Tio0ZoDeSQnI7EBAqWer2,Cover Me In Sunshine,P!nk;Willow Sage Hart,2021,,Band
6UEfyhyfhYQsyipxOd95Ie,The Ketchup Song (Aserejé),Las Ketchup,2002,,Band
6W2VbtvMrDXm5vYeB7amkO,Footloose,Kenny Loggins,1984,Footloose,Solo
6YUTL4dYpB9xZO5qExPf05,Summer,Calvin Harris,2014,,Solo
6aRlZoOO6dqXQtqq2wiQZ1,Eine Woche wach,Mickie Krause,2019,,Solo
6bK9BH9Ts8Gj5JFvnQkzak,Get Busy,Sean Paul,2003,,Solo
6d63QA85w4FXhlXYtz7nco,Balada,Gusttavo Lima,2012,,Solo
6dGnYIeXmHdcikdzNNDMm2,Here Comes The Sun,The Beatles,1969,,Band
6dugx9WBSS8TDxbKqp9zmj,Scatman's World,Scatman John,1995,,Solo
6e5kuZssmkwWL3Yt4jwTRy,Cruisen,Massive Töne,2002,,Band
6ee1motyT1KuUMiz8dMqxj,"'54, '74, '90, 2010",Sportfreunde Stiller,2006,,Band
6fFshpRdAV1MHSpzXP3Yyk,Du,Peter Maffay,1970,,Solo
6fyyO9wAmiW9oEAXrOR8jQ,"Ella, elle l'a",France Gall,1987,,Solo
6hTBP6QLwJdxbKyLlLXrGo,Let's Talk About Sex,Salt-N-Pepa,1990,,Band
6habFhsOp2NvshLv26DqMb,Despacito,"Luis Fonsi, Daddy Yankee",2017,,Band
6l6vgKIgXLnqgSMqf4nGNc,Don't Stop,Fleetwood Mac,1977,,Band
6lHTt7tzOzCcVaBf1CIQfR,American Pie,Don McLean,1971,,Solo
6mhw2fEPH4fMF0wolNm96e,Macarena,Los Del Rio,1993,,Band
6nE5RgNaFN5E5bpXeH2z9M,Stadt,Cassandra Steen;Adel Tawil,2009,,Band
6oCNhDipqAForPCDGtTBQP,Aloha-Ahe,Freddy Quinn,1962,,Solo
6oHDvarQSp0mf5AD1SyNH0,Lieblingsmensch,Namika,2015,,Solo
6osaMSJh9NguagEDQcZaKx,Loco Contigo (feat. J. Balvin & Tyga),DJ Snake;J Balvin;Tyga,2019,,Band
6pMHMzwTsWIxLigr54GGVm,Rock Your Baby,George McCrae,1974,,Solo
6qAxQhNfM909QrDGLYEocf,Frühstück in Paris,Capital Bra;CRO,2020,,Band
6r8k1vznHrzlEKYxL4dZEe,La Isla Bonita,Madonna,1986,,Solo
6sS77FZh2eJfYBsFUW6hjI,Dicht im Flieger,Julian Sommer,2022,,Solo
6tASfEUyB7lE2r6DLzURji,Club Tropicana,Wham!,1983,,Band
6tS3XVuOyu10897O3ae7bi,California Gurls,Katy Perry;Snoop Dogg,2010,,Band
6trzHhvr6xqYJkNnbWwXz2,We're Going To Ibiza!,Vengaboys,1999,,Band
6vcNJUWtUPB0hKC6VbZriY,San Francisco (Be Sure to Wear Flowers in Your Hair),Scott McKenzie,1967,,Solo
6x4tKaOzfNJpEJHySoiJcs,Mambo No. 5 (a Little Bit of...),Lou Bega,1999,,Solo
6xepovPqjvrkEw9Y5AMmTm,Lambada,Kaoma,1989,,Band
71hIekopkrYCGgggsBOpVG,Volare,Domenico Modugno,1958,,Solo
72rLswhYvQz9LRx3LogMIW,Butterfly,Danyel Gerard,1971,,Solo
76UofYbCEIpOfu12Ls1kPt,Sexy Eis,Bürger Lars Dietrich,1996,,Solo
76hfruVvmfQbw0eYn1nmeC,Cake By The Ocean,DNCE,2016,,Band
78Mqt7lWuaxVhN0ZptsuCY,Summer Jam 2003,The Underdog Project,2000,,Band
79xJXZeudmfMq4ay9yCFGd,World In Our Hands,Taio Cruz,2011,,Solo
7KkdYJqxvq4ZFq9gvFy06v,D.I.S.C.O.,Ottawan,1980,,Band
7aJgh6LCvhXJfD7PHjhG70,Waterfall,Michael Schulte;R3HAB,2023,,Band
7aUCLXZ4D4UD5sCgIgxqjl,The Cup of Life (La Copa De La Vida),Ricky Martin,1998,,Solo
7ct57a8zA6DTc8Cz2QIFIg,Miss California,Dante Thomas,2001,,Solo
7ef4DlsgrMEH11cDZd32M6,One Kiss (with Dua Lipa),"Calvin Harris, Dua Lipa",2018,,Band
7iAqvWLgZzXvH38lA06QZg,I Want To Break Free,Queen,1984,,Band
7iN1s7xHE4ifF5povM6A48,Let It Be,The Beatles,1970,,Band
7kTHUVnGMMOHW1CLdgvzui,Am Tag als Conny Kramer starb,Juliane Werding,1972,,Solo
7mitXLIMCflkhZiD34uEQI,Party Rock Anthem,LMFAO;Lauren Bennett;GoonRock,2011,,Band
7oGZAicScQt96OAW4AruYy,Want to Want Me,Jason Derulo,2015,,Solo
7oQepKHmXDaPC3rgeLRvQu,Komet,"Udo Lindenberg, Apache 207",2023,,Band
7pGMRy91RcQT9oHdPgYz3A,Seasons in the Sun,Terry Jacks,1974,,Solo
7qiZfU4dY1lWllzX7mPBI3,Shape of You,Ed Sheeran,2017,,Solo
7sZUHAC6nadme4EwrLe99Q,Summertime Sadness,Lana Del Rey,2012,,Solo

----------------------
Deutschland Urban & Hip-Hop
----------------------

02ywbmwM0tICk8EOhYIwpw,Endboss,Marteria,2010,,Solo
05Mp2UJulSttxQ4E6hQPH3,Ohne mein Team,Bonez MC;RAF Camora;Maxwell,2016,,Band
06DSI8L6IT8SizCw3JLckz,Cantaloop (Flip Fantasia),"Us3, Rahsaan, Gerard Presencer",1993,,Band
093UVG0vgKjxj4UDjLIulw,Set Adrift On Memory Bliss,P.M. Dawn,1991,,Band
0CbiLoqWTQG4TiyCizsxXd,Ja klar,Schwester S.;Sabrina Setlur;Moses Pelham;Rödelheim Hartreim Projekt,1995,,Band
0I3q5fE6wg7LIfHGngUTnV,Ms. Jackson,Outkast,2000,,Band
0N3W5peJUQtI4eyR6GJT5O,King Kunta,Kendrick Lamar,2015,,Solo
0YEC3pNS0uIKvZb5u4lgsu,The Humpty Dance,Digital Underground,1990,,Band
0bcYkckGP19S4K4dE7Y9TH,Buffalo Gals,Malcolm McLaren;The World's Famous Supreme Team,1982,,Band
0e7ipj03S05BNilyu5bRzt,rockstar (feat. 21 Savage),Post Malone;21 Savage,2018,,Band
0eO8MW9YSTK3CjdaTYKlhF,Who Am I (What’s My Name)?,Snoop Dogg,1993,,Solo
0gFB5H3pHN13ERt2FyMuWi,It Takes Two,Rob Base & DJ EZ Rock,1988,,Band
0pgx8fWphTTM9Kv5KjWpXy,Reimemonster (feat. Ferris MC),Afrob;Ferris MC,1999,,Band
0s48f8orPzBYiAUNJlvaof,"Höha, schnella, weita - Länga",Rödelheim Hartreim Projekt;Moses Pelham,1996,,Band
0s8AvyGCRVZ0waM9aJdAHI,Powerade,BHZ;SIRA;Ion Miles,2022,,Band
0uEp9E98JB5awlA084uaIg,Doo Wop (That Thing),Ms. Lauryn Hill,1998,,Solo
0wHFktze2PHC5jDt3B17DC,First Class,Jack Harlow,2022,,Solo
0wbDgMuAoy7O7pL3a69uZx,Give It To Me,Timbaland;Justin Timberlake;Nelly Furtado,2007,,Band
12SH8NE1e17yItgsb2gitp,So wie du bist,MoTrip;Lary,2015,,Band
13QjwdjKiFrKzYznJu6iiP,bauch beine po,Shirin David,2025,,Solo
19tYXOfQFZ7gdGA3LAH76I,The Breaks,Kurtis Blow,1980,,Solo
1BHgWnOYgtAHhMZU73co1D,Ohne Dich,KASIMIR1441;badmómzjay;WILDBWOYS,2021,,Band
1D3z6HTiQsNmZxjl7F7eoG,m y . l i f e (with 21 Savage & Morray),J. Cole;21 Savage;Morray,2021,,Band
1KONmY3enP3r3nIPQidWAy,Now That We Found Love,Heavy D & The Boyz;Aaron Hall,1991,,Band
1Mp78QzFO1GrE5h1HvM0Rp,Hobby Hobby,MERO,2019,,Solo
1NHwvBmrUje4L1dxfWnXCH,Put Your Hands Where My Eyes Could See (feat. Jamal),Busta Rhymes;Jamal,1997,,Band
1SAkL1mYNJlaqnBQxVZrRl,Baby Got Back,Sir Mix-A-Lot,1992,,Solo
1SyQ6t9RdRBK0QUCS6a797,Hip Hop Hooray,Naughty By Nature,1993,,Band
1gSDTZHemEViEBiXysrlo0,Can I Kick It?,A Tribe Called Quest,1990,,Band
1hoLUVBx0ixX3kn0EX0P5n,Kein Wort,Juju;Loredana;Miksu / Macloud,2020,,Band
1i3xxWMwdPKDqrTEA9VgRc,Bring The Noise,Public Enemy,1988,,Band
1lB2kyB5h9ceZ388GBfC9L,Jam On It,Newcleus,1984,,Band
1mC06CRaWGhsWhdX99GJqL,Prison Break Anthem (Ich glaub an Dich),AZAD;Adel Tawil,2005,,Band
1musbempyJAw5gfSKZHXP9,Anxiety,Doechii,2025,,Solo
1ofhfV90EnYhEr7Un2fWiv,Changes,2Pac;Talent,1998,,Band
1sr9lbDDGIxmFK7wUdA1Z8,Ahnma,Beginner;Gzuz;Gentleman,2016,,Band
1vePC77pxGSUXLErDHuGtH,The Message,Grandmaster Flash;The Furious Five,1982,,Band
1xZdjsAGrY4BUIbIlYy3EX,Strictly Business,EPMD,1988,,Band
1zRW3vr3uw0tdG7iLWUZpn,Ring Ring Ring (Ha Ha Hey),De La Soul,1991,,Band
1zzxoZVylsna2BQB65Ppcb,X Gon' Give It To Ya,DMX,2003,,Solo
20jYtEun4dUdYZ9foaOC48,My Humps,Black Eyed Peas,2005,,Band
22f8RBGm0xklH4wSh36J3w,Jein,Fettes Brot,1996,,Band
27AHAtAirQapVldIm4c9ZX,Jump,Kris Kross,1992,,Band
27NovPIUIRrOZoCHxABJwK,INDUSTRY BABY (feat. Jack Harlow),Lil Nas X;Jack Harlow,2021,,Band
285pBltuF7vW8TeWk8hdRR,Lucid Dreams,Juice WRLD,2018,,Solo
2FDTHlrBguDzQkp7PVj16Q,Sprinter,Dave;Central Cee,2023,,Band
2H7jZg2HliuQhZjfBblLrZ,Sommergewitter,Pashanim,2021,,Solo
2Jcx6qkJTt7mFRiIAXX3uc,Wolke 7,Max Herre;Philipp Poisel,2012,,Band
2JzZzZUQj3Qff7wapcbKjc,See You Again (feat. Charlie Puth),Wiz Khalifa;Charlie Puth,2015,,Band
2SelIoNf0P0QrHMQnSEX8q,Walk This Way (feat. Aerosmith),Run–D.M.C.;Aerosmith,1986,,Band
2W1ClVyalH5ys0HIN3FGvU,White Lines (Don't Do It),Grandmaster Flash;Grandmaster Melle Mel,1983,,Band
2XbwFs07dfm2MGQuYmRMZT,Rapper's Delight,The Sugarhill Gang,1979,,Band
2Xgs2rDctV0KnEz5jauqa1,Apache (Jump on It),The Sugarhill Gang,1981,,Band
2YpeDb67231RjR0MgVLzsG,Old Town Road (feat. Billy Ray Cyrus),Lil Nas X;Billy Ray Cyrus,2019,,Band
2e3bkN2QCScPUnUQiA9ZA4,Affalterbach,Shindy;Shirin David,2019,,Band
2eRq2jwsZtb0uGH4qUsvT1,Tamam Tamam,Summer Cem,2018,,Solo
2g8HN35AnVGIk7B8yMucww,Big Poppa,The Notorious B.I.G.,1994,,Solo
2gam98EZKrF9XuOkU13ApN,Promiscuous,Nelly Furtado;Timbaland,2006,,Band
2hNf1rawV2XAZ6Jld2Fxwf,Always On Time,Ja Rule;Ashanti,2001,,Band
2igwFfvr1OAGX9SKDCPBwO,Empire State Of Mind,JAŸ-Z;Alicia Keys,2009,,Band
2kQuhkFX7uSVepCD3h29g5,Smack That,Akon;Eminem,2006,,Band
2mKouqwAIdQnMP43zxR89r,What's Luv? (feat. Ja-Rule & Ashanti),Fat Joe;Ja Rule;Ashanti,2001,,Band
2nWHzbBWBOePUvAImQv2So,Rockit,Herbie Hancock,1983,,Solo
2u8AXJyk8pICzj2wyPBL0b,2002,Sido;Apache 207,2019,,Band
2wGSgTmgSF3xjRrHkTc25R,Hate It Or Love It,The Game;50 Cent,2005,,Band
2xWEfTSpapoxnmkeSb0hHf,So perfekt,Casper;Marteria,2011,,Band
30oTS7bm0aH3p7lqjEIu8q,Full Clip,Gang Starr,1999,,Band
3FwxpJdlexIR6MeTT56HAm,Easy,CRO,2012,,Solo
3G0yz3DZn3lfraledmBCT0,P.I.M.P.,50 Cent,2003,,Solo
3HWzoMvoF3TQfYg4UPszDq,Truth Hurts,Lizzo,2017,,Solo
3RM5RpRDDdST1njqOMG141,Monsta,Culcha Candela,2009,,Band
3RmKpob8xzv1pzHEQrMJah,Let Me Blow Ya Mind,"Eve, Gwen Stefani",2001,,Band
3W3KtDwAIg3mAruSpnfG3Q,Fancy,Iggy Azalea;Charli xcx,2014,,Band
3X414ZlCf5U7pcpIaIcUkT,Flava in Ya Ear,Craig Mack,1994,,Solo
3fatX7w8Wt9nmwGlXZsRFh,Paid In Full,Eric B. & Rakim;Marley Marl,1987,,Band
3gmxpKRiDdCe6ub96LvKx5,Leider geil (Leider geil),Deichkind,2012,,Band
3ia3dJETSOllPsv3LJkE35,California Love,2Pac;Roger;Dr. Dre,1995,,Band
3jlbL2OTD5YmIunYzgQTAN,Live Your Life,T.I.;Rihanna,2008,,Band
3kJrESsM3ISObFTfBQfJ8H,Perfect Gentleman (feat. Hope),Wyclef Jean;Hope,2000,,Band
3kgt8Ys78I6GBZlQrWqZiA,Nachts wach,Miksu / Macloud;makko,2022,,Band
3oWXoSkjdbTlQlteizN7Hb,Whoomp! There It Is,Tag Team,1993,,Band
3pJlJBxitGP7Btt5veLnDd,Kids (2 Finger an den Kopf),Marteria,2014,,Solo
3rTSoSOTvOebYMy2kzKvkJ,Sie ist weg,Die Fantastischen Vier,1995,,Band
3tv1DRqL9KRuIUawu6eYG0,Für immer jung,Bushido;Karel Gott,2008,,Band
3vZO25GdYuqFrR1kzZADnp,Ready or Not,Fugees;Ms. Lauryn Hill;Wyclef Jean;Pras,1996,,Band
3wMUvT6eIw2L5cZFG1yH9j,Country Grammar (Hot Shit),Nelly,2000,,Solo
3yfqSUWxFvZELEM4PmlwIR,The Real Slim Shady,Eminem,2000,,Solo
47VRtROAdociHgtuVZNoBL,Weck mich auf,Samy Deluxe,2001,,Solo
4FupIlegZgvXUuK79qcoKW,Planet Rock,Afrika Bambaataa;The Soulsonic Force,1982,,Band
4GqLvfkDkoFjuEoUXFUnZg,So'ne Musik,Deichkind,2015,,Band
4LwU4Vp6od3Sb08CsP99GC,The Next Episode,Dr. Dre;Snoop Dogg,1999,,Band
4O4YjcteBewBS603SK1enn,Emotions 2.0,Ufo361;CÉLINE,2020,,Band
4P2Sdu2zPhm2XN2W9Z8e1X,IMMER (MIT MAKKO),Ski Aggu;makko,2024,,Band
4XHQyvbrBsQaaBUW1VvmsL,My Band,D12,2004,,Band
4j5WelE5mkf9A2jmts729h,Cherry Lady,Capital Bra,2019,,Solo
4pdLZsxq0y5oJDb6Cxlokw,You Got Me,The Roots;Tariq Trotter;Erykah Badu;Eve,1999,,Band
4xuVfUXkHe1YZZZWNICGcV,Erfolg ist kein Glück,Kontra K,2015,,Solo
519xI1wfOAJvHeV9kFdXaV,I Need Love,LL COOL J,1987,,Solo
56y1jOTK0XSvJzVv9vHQBK,Paint The Town Red,Doja Cat,2023,,Solo
5A6OHHy73AR5tLxgTc98zz,Black and Yellow,Wiz Khalifa,2011,,Solo
5ATV1iQtlQThdBBbb7srw8,"Gravel Pit (feat. RZA, Method Man, Ghostface Killah, Raekwon & U-God)",Wu-Tang Clan;RZA;Method Man;Ghostface Killah;Raekwon;U-God,2001,,Band
5CqkgDH8QZjSqqI3HmYxDD,Airwaves,Pashanim,2020,,Solo
5EX0HiIyvhavnpjgbwDCeL,Mit Dir,Freundeskreis;Joy Denalane;Max Herre;Don Philippe;DJ Friction,1999,,Band
5KSJ9k1FYjFLnIRlJT2wF8,Tha Crossroads,Bone Thugs-N-Harmony,1995,,Band
5PQmSHzWnlgG4EBuIqjac2,If I Ruled the World (Imagine That) (feat. Lauryn Hill),Nas;Ms. Lauryn Hill,1996,,Band
5Tbpp3OLLClPJF8t1DmrFD,Nuthin' But A G Thang,Dr. Dre;Snoop Dogg,1992,,Band
5YIF6HSOtHN9HdcE5IPzMe,Funky Cold Medina,Tone-Loc,1989,,Solo
5ZDL1Ap2Mwhk5xhmQ41Ei2,Boom! Shake the Room,DJ Jazzy Jeff & The Fresh Prince,1993,,Band
5cBx2v7XJSErfesDmgNtr2,Liebe,Sido,2013,,Solo
5eqiMMbaeUZ32Q7sS00H35,Anaconda,Nicki Minaj,2014,,Solo
5fpizYGbi5IQoEraj6FP0R,Intergalactic,Beastie Boys,1998,,Band
5iNRPN7oYQvdB9AmeSW6d3,Trap Queen,Fetty Wap,2015,,Solo
5ljCWsDlSyJ41kwqym2ORw,03' Bonnie & Clyde,JAŸ-Z;Beyoncé,2002,,Band
5qxChyzKLEyoPJ5qGrdurN,No Sleep Till Brooklyn,Beastie Boys,1986,,Band
5stZnlPMYz3Ba8Hbo3ajlP,X,Xzibit,2000,,Solo
5stqdnEmsr98AV26GweHJ8,All 4 One,Kool Savas;AZAD,2008,,Band
5xX2LYdXyx0Boa61rZOjq5,Beautiful Girl,Luciano,2022,,Solo
608a1wIsSd5KzMEqm1O7w3,I'm On One,DJ Khaled;Drake;Rick Ross;Lil Wayne,2011,,Band
60PAzFNW3vAiAiVK6DRJfB,Day 'N' Nite (Nightmare),Kid Cudi,2009,,Solo
67awxiNHNyjMXhVgsHuIrs,Turn Down for What,DJ Snake;Lil Jon,2013,,Band
6AI3ezQ4o3HUoP6Dhudph3,Not Like Us,Kendrick Lamar,2024,,Solo
6CjtS2JZH9RkDz5UVInsa9,Thrift Shop (feat. Wanz),Macklemore & Ryan Lewis;Macklemore;Ryan Lewis;Wanz,2012,,Band
6D579iDSk3u8fCokhBl8dQ,Traum,CRO,2014,,Solo
6DCZcSspjsKoFjzjrWoCdn,God's Plan,Drake,2018,,Solo
6ERaJuSVPZmYvesOOQyRJO,Trick Me,Kelis,2003,,Solo
6EWtkdeKmVtRjmydTfIR0S,A-N-N-A,Freundeskreis;Max Herre;Don Philippe;DJ Friction,1997,,Band
6Hn28vF3xTsg7ukG1pGIDF,Kimnotyze,DJ Tomekk;Lil' Kim;Trooper Da Don,2002,,Band
6MdqqkQ8sSC0WB4i8PyRuQ,No Diggity,Blackstreet;Dr. Dre;Queen Pen,1996,,Band
6NLLIPKjqFRnbCorRNTEHe,Express Yourself,N.W.A.,1988,,Band
6Nq5lE0CeOAAAqN4qhkbZU,Suga Suga,Baby Bash;Frankie J,2003,,Band
6QRng4ZFJxeRnjcnquKlx2,Troy,Die Fantastischen Vier,2004,,Band
6WusSsncC0Oo9sFHKwQii6,Dior 2001,RIN,2018,,Solo
6YFNhYf7A33biVmMG1JSQf,AKON,Jazeek,2025,,Solo
6YzYyeMV5MY7wHOGskZdzf,Liebes Lied,Beginner,1998,,Band
6ZF3dNXVuA6E8rOL4FX2EY,Talkin' All That Jazz,Stetsasonic,1988,,Band
6fujklziTHa8uoM5OQSfIo,Black Beatles,Rae Sremmurd;Gucci Mane,2016,,Band
6kfQDanT6Buh4Wu73ghbav,Ayo Technology,50 Cent;Justin Timberlake;Timbaland,2007,,Band
6kjBafSuYC8gClzfYu7T1t,Chabos wissen wer der Babo ist,Haftbefehl,2012,,Solo
6qspW4YKycviDFjHBOaqUY,Waterfalls,TLC,1994,,Band
6sT9MWlJManry3EQwf4V80,Push It,Salt-N-Pepa,1986,,Band
7112WRQXlBGe4Os43yw8gV,King of Rock,Run–D.M.C.,1985,,Band
78O33U6jbQtNiNfbkZudpd,She Will,Lil Wayne;Drake,2011,,Band
792UwI6utk5DMQUT1KXa5E,Me Myself and I,De La Soul,1989,,Band
7I9cYR8tnejdB1Z8G76S00,(Hey You) The Rock Steady Crew,Rock Steady Crew,1983,,Band
7KA4W4McWYRpgf0fWsJZWB,See You Again (feat. Kali Uchis),"Tyler, The Creator;Kali Uchis",2017,,Band
7cKkSLK990f0s7RD3x3y6d,Schwarz zu blau,Peter Fox,2009,,Solo
7fUWZUNj5qbEuoL6K9947g,Heute mit mir,Nimo,2017,,Solo
7gKgd0P3dAAePiSQQBqrlf,Break Ya Neck,Busta Rhymes,2001,,Solo
7hfRrdFJgFKK3cJ4rmkecE,Feel so Good,Mase,1997,,Solo
7nYvUtkQMx1v80S2FH2s9J,Regulate,Warren G;Nate Dogg,1994,,Band
7sJN693sYKEIEMu7fc5VnJ,Whatta Man,"Salt-N-Pepa, En Vogue",1993,,Band
7sJNeWTXkZCEC7OnFMpGWL,Bamba (feat. Aitch & BIA),Luciano;Aitch;BIA,2022,,Band
7vfvZp6KZJpxiaW6rI9ieM,I Got 5 On It,Luniz,1995,,Band
7ytR5pFWmSjzHJIeQkgog4,ROCKSTAR (feat. Roddy Ricch),DaBaby;Roddy Ricch,2020,,Band

----------------------
Schlager Party
----------------------

02L6Gd6M9LaBxaSeum3bwV,Schlager ist nicht kriminell,Rebel Tell,2022,,Band
02NKTxBbcbauX1saQ6Vlcm,Schönes Mädchen aus Arcadia,Demis Roussos,1973,,Solo
02lOuEnqVotV0nDmYUXK6B,Freundschaftsring,Anna-Maria Zimmermann;Olaf Henning,2012,,Band
04voeuIParTaNr91SHuXiJ,Du entschuldige i kenn di,Peter Cornelius,1980,,Solo
05FFPLWGCJ2rGrwwTxjE9x,"Erst du, dann du",Stefanie Hertel,2009,,Solo
06ZCaJlCf0uzyw1HDM7ngp,"Emmylou, Emmylou",Truck Stop,1995,,Band
076TvwvwODg9xYZyIhwcWq,Eine Frau die mich nach Hause trägt,PS Alex,2007,,Solo
07gDofsPhMYgXz6zNbCuaI,Mein lieber Mann,Hanne Haller,2001,,Solo
08uFXeEZX4eN28TT37jdfI,Irgendwann ist jetzt,Max Giesinger,2021,,Solo
0AwEdicbbKKAoB7ft7pJWI,Theater,Katja Ebstein,1980,,Solo
0BRoLVlLvbRmxZrluFNLmK,Königin der Nacht,Cordalis,2003,,Band
0Bq4OlOqTenKiLCKzml0Hn,Mit dir vielleicht,Nicole,1992,,Solo
0CECyQToxeHqXdylm1E3WK,Zwei Senoritas,Sigrid & Marina,2010,,Band
0FHRffHaw2QJgmwW45U2hm,"Hey Boss, ich brauch mehr Geld",Gunter Gabriel,1974,,Solo
0G6CQo81dB8YUESy73fs4K,Und heut' Nacht will ich tanzen,Michelle,1999,,Solo
0KLS2bh5qpsbjP9ucr6qaH,Das Trampolin,Mike Krüger,1994,,Solo
0LTsD9w7mj1d0L9TyJ4KXe,Albany (feat. Roger Whittaker),DJ Herzbeat;Roger Whittaker,1982,,Band
0MGLXSJHMO1IY0LiQKYR5i,Ich lass' nur noch Sonne in mein Herz,Liane,2014,,Solo
0MOVuqZgdwYdJiOFv3hyhz,Irgendwie Wird's Schon Geh'n,Tom Astor,2014,,Solo
0MZXfdHy25Co8CSOAwB24q,Willst du mit mir geh'n,Daliah Lavi,1972,,Solo
0Oz7TnVm5xNgvLx0xSREt3,Wie kannst du mich bloss lieben,Andy Borg,2001,,Solo
0PiB3p8khJF6ULEvmzuhx1,Willst du mich für immer,Michelle,2006,,Solo
0TvcLuXOCVXQZwspgXPOZb,Das geht ab (Wir feiern die ganze Nacht),Die Atzen,2009,,Band
0UsS9sFnIaMMHLox3lP6NB,Das Kann Nur Liebe Sein (En Vän Som Du),Vikinger,2008,,Band
0W52vwENhl06m7KJM9t8QL,"Grüezi Wohl, Frau Stirnimaa",Die Minstrels,1969,,Band
0Wrak3l8C5HzpGnrK98a1G,Die Schwarze Barbara,Heino,1970,,Solo
0YMzG6R5oOEuQiKmyu72JN,Ich will dich immer noch,Matthias Reim,2007,,Solo
0YuNGTa3rYsayd8pjMLQsd,Ich brauch ein bisschen Glück,Andy Borg,1994,,Solo
0eXTfsdOsGvxf7semdstyh,Rausch,Helene Fischer,2021,,Solo
0ftIaUx27vc9K0ztdiZgHf,So schmeckt der Sommer,Edward Reekers,1995,,Solo
0hI2hV0GlXaI4jxMfvg6ga,Nicht mal eine Stunde,Mike Leon Grosch,2021,,Solo
0hniHUJCCzDCZZ35W1ro7Z,Das Spiel Ist Aus (Game Over),Olaf Henning,2002,,Solo
0k6WvGNgeySmv1E0zU0Fni,Knutschen...ich kann nichts dafür,Linda Hesse,2014,,Solo
0ksebE6LrZocf2L5f4N1q7,Dschinghis Khan,Dschinghis Khan,1979,,Band
0lFo6asV6Ke962qerPuYPp,Zehn Nackte Friseusen 2003,Mickie Krause,2003,,Solo
0mwDB1nJ18ln9zoO4bkrOt,Das Lied der Schlümpfe,Vader Abraham,1978,,Solo
0pLNUaFp98Ll2eTwMeXv4x,Du warst der geilste Fehler meines Lebens,Nockis,2014,,Band
0sKIlIyuCtb59r8MYmB2cb,Zeit zu gehen,Unheilig,2014,,Band
0sckKnlXr0nV9zYfLDmUuF,"Oh, wann kommst du?",Daliah Lavi,1970,,Solo
0uV7yccuJBzpz2A9bYvVKD,Ciao D'Amore,Klostertaler,1998,,Band
0xJCFn6sMc3jgPmraCK0l6,Wieder Alles Im Griff,Jürgen Drews,2006,,Solo
0xyd446fcUjbUScrubDFWg,Schön ist es auf der Welt zu sein,Roy Black,1971,,Solo
0yrZHjRVqkajH9xePjFI1C,Weekend,DJ Herzbeat;Sarah Engels,2020,,Band
137OpkvgQaDcpuz1Lae5Jv,Es Schiesst Ein Blitz In Meinen Kopf,Michael Morgan,2010,,Solo
14FSVZBZOcVTaOQwPEJ7qe,Das ganze Leben ist ein Quiz,Hape Kerkeling,1991,,Solo
15aPUZJtmf5wy84rt25Pef,Macho Macho,Rainhard Fendrich,1988,,Solo
16eKf9DcgwytudS5LUDogC,Wenn ich nur ein Trucker wär,Gunter Gabriel;Linda Feller,1996,,Band
17746nT5RodRzc10dYUBds,Die rote Sonne von Barbados,Die Flippers,1986,,Band
17eP4UcSwuLZdGtV4gIGLr,Oberammergau,Peter Wackel,2020,,Solo
18q9XvWQgY1iO3PLGMit8l,Ich war noch niemals in New York,Udo Jürgens,1982,,Solo
19kGOyugxzRlRlYhurzn9S,Lieben heißt Leben,Bernd Clüver,1994,,Solo
1BxvKtuUF3OlrEF3x87e2F,Der Sonne entgegen,Ben Zucker,2018,,Solo
1CINbWotyT3WDt9EDh3cww,Mein Herz,Beatrice Egli,2013,,Solo
1I14TXOgylN4gTuGkrNCYb,Wolke 7,Wolkenfrei;Vanessa Mai,2015,,Band
1I1GRupqk0GHH3wVtEh8J5,Schenk' mir diese eine Nacht,Brunner & Brunner,1993,,Band
1KPdPbyq1Kj3epj5gUtmPb,Michaela,Bata Illic,1972,,Solo
1L0zpRujG3Rgq7K1I8E3nD,Regenbogenfarben,Kerstin Ott,2018,,Solo
1M3nns66BR1nO4IJiMzuwF,Zu nah am Feuer,Stefan Waggershausen;Alice,1984,,Band
1ORfyWYhDPxCAIZ9Ce78A3,"Saufen morgens, mittags, abends",Ingo ohne Flamingo,2018,,Solo
1QleddKv5OZcFSDvszJr20,Glücksmoment,Prince Damien,2016,,Solo
1RDC1U56ctXnfx2TtJlAkg,Radio Zuckerhut,Wind,1992,,Band
1RcWWgnw5fVm3wcNq11zBu,Mama Laudaaa,Almklausi;Specktakel,2018,,Band
1SqipU2h7pOMZd4ynckn6k,Hör gut zu,Pur,2015,,Band
1U9F9mUWAVkVvN8kFu3j1a,Bist du dafür bereit?,Marie Reim,2022,,Solo
1UYWocoT1yNBAedYF7UBZw,Wenn i mit dir tanz,Nicki,1986,,Solo
1YurdoxtWECzyQ03osV73w,Ich versprech dir nichts und geb dir alles,Wolkenfrei;Vanessa Mai,2014,,Band
1dv17FKzaL1rXrZbtoESBJ,Heute fährt die 18 bis nach Istanbul,Jürgen Milski,2005,,Solo
1ewNSEjaSpjLQTgfk1JaZG,Er hat ein knallrotes Gummiboot,Wencke Myhre,1970,,Solo
1fE2zhbqWBo0DgAJmHEVx2,1000 Träume weit (Tornero),Anna-Maria Zimmermann,2010,,Solo
1iTFJGcZT9gA0CzlSCTQ8r,Ich liebe dich,Clowns & Helden,1986,,Band
1jVFe4jxD9sccMlWyIBtHM,Santa Catarina,Andrea Jürgens,1977,,Solo
1lIeDS4aoI7deLuVUz9iRY,Barfuß im Regen,Dieter Thomas Kuhn;Band;Michael Holm,2007,,Band
1lqS2d1wKlz4jGWtz6nZ2V,Die Pure Lust am Leben,Geier Sturzflug,1983,,Band
1oy5gYPBNzICwy4VCvrc6k,Mein Ein und mein Alles,Carrière,1994,,Band
1pMsWnQCaLQvL3O0vaMp5H,Helikopter 117 (Mach' den Hub Hub Hub),Tobee,2017,,Solo
1s4gzBftZzmxLYEv3aISf3,Gloria,Nik P.,1997,,Solo
1v207ZF2NQmkp1bp6ehphg,Ich kauf' mir lieber einen Tirolerhut,Billy Mo,1962,,Solo
1vlzhoQJKTmEVDmSXcFT4a,Sonderzug nach Pankow,Udo Lindenberg & Das Panik-Orchester,1983,,Band
1wNXkEKCcspETALfsr7GvN,Welch ein Tag,Mario Jordan,1992,,Solo
1waQTvOWV18qC4qEyo9pGu,I steh auf Bergbauernbuam,Melissa Naschenweng,2019,,Solo
1x7NkMszGxP2FM7UrleXgX,Ich bin kein Model und kein Superstar,Ole ohne Kohle,2014,,Solo
27DEhFC0G2olRFgCTksnfw,Nur geträumt,Nena,1983,,Solo
28ooNJCBh2MWbCVYhZ8aqx,Der geilste Fehler,Marina Marx,2020,,Solo
2A8aopZvdCJ9yYoZLt6TqN,Engel,Nino de Angelo,2001,,Solo
2BU61yhRvTCbBrisuEzmZ9,Aber sonst geht´s mir gut,Alex Parker,2006,,Solo
2EHqCAYuSMZrTrNECNLOog,Lederhosenrock,Melissa Naschenweng,2020,,Solo
2EdQfODNo4itCgnh6rlxfi,"Verliebt, verlobt, verflixt nochmal",Beatrice Egli,2018,,Solo
2GWJsABLaEgkROz0nj3XOE,Du Depp,Haindling,1984,,Band
2HHhqspYQQ1F08QWQ81AR0,Wir haben Grund zum Feiern,Otto Waalkes,2018,,Solo
2HclOVB5b88sN0Ac2mnNCb,Steirermen San Very Good,Das Stoakogler Trio,1992,,Band
2HhKDdGjgXC4vyDOmtwzNP,Ich will dich für immer,NIC,2008,,
2KUe0QjJnwaQRB95yPmIbJ,Die kleine Kneipe,Peter Alexander,1976,,Solo
2LV5joNDrsyuXEh4FBARVK,Perfekte Welle,Juli,2004,,Band
2LivGZu4LX8XGcDruLQcv0,Sieben Tafeln Schokolade,Bernhard Brink,2010,,Solo
2MUj5Lx28sD7lHZGJwczJ6,Verlier sie nie,Michael Wendler,2008,,Solo
2MgX1Pwhs18O2iXelFbtIR,Flaschenpost,Fantasy,2013,,Band
2NErf4ow27T3rZZZrjoh5i,So a Nacht,Spider Murphy Gang,1987,,Band
2NLOe1cJU8sJvc6ys67WHO,Wini-Wini,Die Tahiti Tamoures,1963,,Band
2NPZ09aKySR09OoDbB8oVg,"Theo, wir fahr'n nach Lodz",Vicky Leandros,1974,,Solo
2QnAg9u1MmoNpm4O7zrYA4,"Schnappi, das kleine Krokodil",Schnappi;Joy,2005,,Band
2SVHVXpoEfFumA74FpO0Sh,Wer die Sehnsucht kennt,Claudia Jung,1995,,Solo
2TBimpeTwsFPzpSRuUHw18,Johnny Däpp (Ich Will Mallorca Zurück),Lorenz Büffel,2016,,Solo
2d3QIyikjmsaxNaKasGS1K,Herz ist Trumpf (Dann rufst du an...),Trio,1982,,Band
2f8wJ142yv641OGfRbDN2h,Herzensschöner,Rosenstolz,1998,,Band
2g8pMDC1lck27f85wSnO13,Na und?!,Ben Zucker,2018,,Solo
2gxV47AHMGT7NI25NpO6Pj,Es gibt nur Wasser,Santiano,2012,,Band
2iJ6TNWbmG39pxwSwZbY0A,Einen Traum Für Diese Welt,Xanadu,1990,,Band
2ikhi7JOn5Kug3tcUOUSBx,Amsterdam,Axel Fischer,2008,,Solo
2ipwltYElIXuzmhAtxtv8N,Rock mi,voXXclub,2013,,Band
2jvPETfvUp63D05WMRR5lV,Sind Sie der Graf von Luxemburg?,Dorthe,1968,,Solo
2l9GnrHGPK0IpEe6wZzXme,Etwas für die Ewigkeit,Claudia Jung,2003,,Solo
2mnQXxj6keAVaqa5FpoDSk,Die Immer Lacht,Stereoact;Kerstin Ott,2016,,Band
2n8UJmTeKTE2h7VNZRJiF8,Heidi,Gitti Und Erica,1977,,Band
2nRvwfAs9iTfxvUNHWcJNL,Herz auf rot,G.G. Anderson,2003,,Solo
2o4d3FuAqSEPmrLv58kgUB,Du-nur-du-nur-du,Isabel Varell,2002,,Solo
2qBFgxIxCJXNmyibBSsQGP,7 Tage hat die Woche,Manuela Fellner,2012,,Solo
2vxuxvz9A8f6GrShbytu4J,Anita,Costa Cordalis,1976,,Solo
2yF34rSpTLrsYERpJGhnZD,Wir tanzen Lambada,Andrea Jürgens,1990,,Solo
2z0ObRjCedb9HKxquvvpPO,Rote Lippen Soll Man Küssen (Lucky Lips),Cliff Richard & The Shadows,1963,,Band
2ziPKwmyZeSpg2o4fc17cd,Blau blüht der Enzian,Heino,1972,,Solo
32hWGHVUBskZ1sr49ecbEg,"Du bist alles (Maria, Maria) (You Want Love)",Andreas Martin,1987,,Solo
333aeVEMhnYg58ZzQl6u82,Ich mal für dich den Himmel blau,Olaf Henning,2011,,Solo
38weYqkGVSMsZqPfV1Epuc,Nein heißt ja,G.G. Anderson,2002,,Solo
3AQLL3Waks6LJ9FI8TFHGA,Aloha Heja He,Achim Reichel,1991,,Solo
3DelaacjOD7LpDygDydl9L,Hier spricht die Polizei,Sandy Wagner,2002,,Solo
3E4Sl55jfbru7BmCfh8pcu,Scheiss drauf! (Mallorca ist nur einmal im Jahr),Peter Wackel,2013,,Solo
3EIwjmVzjV7RACEuR0t7eS,Atemlos,Christian Lais,2020,,Solo
3JMOwZynYYvRGrNLPlQOD9,Du Du Du,Vincent Gross,2017,,Solo
3KiZGBcD1mUpU3b4HrrL6r,Hör meinen Herzschlag,Norman Langen,2011,,Solo
3LE0oKAZ8PCHIHjrsZ5IRg,Ich wünsch' mir 'ne kleine Miezekatze,Wum's Gesang,2008,,Solo
3NLceKthps36K4AeixwSsJ,Wo finde ich den Mann?,Lill Babs,2017,,Solo
3NVWukdx01CKSsoC1lowGJ,Millionen Frauen lieben mich,Karl Dall,2008,,Solo
3OUj5lijPrVjTdh0RjO5gC,Der blonde Hans,Hannes Kröger,2009,,Solo
3PeUytVHSB0plBO03sT7NA,Früh-Stück,Gebrüder Blattschuss,2009,,Band
3T5j2HrD8sG7iFzX8aXCLk,Anton aus Tirol,DJ Ötzi,1999,,Solo
3TBRJsLCcwroEkA3tD4u2N,Der Kommissar,Falco,1982,,Solo
3UeKTVMcnZbpOfR3OVF9D1,Kettenkarussell,Ross Antony,2013,,Solo
3Wc1b0B74Xw65k5paLxFzu,Ich Bin Da,Jan Smit,2013,,Solo
3Xa3EjP8pOXH4J292BsFF8,Wenn du denkst du denkst dann denkst du nur du denkst,Juliane Werding,2001,,Solo
3XqgqDim4XESbdDOBUPqSo,Der Nippel,Mike Krüger,1980,,Solo
3Yl3rmMaXb4RoLTeEMI4jb,Sieben Fässer Wein,Roland Kaiser,1977,,Solo
3a5Pk82SnxIfGbuu78jCGp,So bist du,Peter Maffay,1979,,Solo
3c12xbWbu6Xv3oeoV2upg6,Ich liebe das Leben,Vicky Leandros,1976,,Solo
3dHzw1D0j2r8NtBAUm5JWK,Küssen kann man nicht alleine,Max Raabe,2011,,Solo
3fKTXIm1WM6WPC3xh5Dq1y,"Sieben Tage, Sieben Nächte",Monique,2020,,Solo
3fNkYqV5NPtJs71epbgNIH,"Resi, i hol di mit mei'm Traktor ab",Wolfgang Fierek,2010,,Solo
3io3Tvsz2kg029lusbLmiR,Maschen-Draht-Zaun,Stefan Raab,1999,,Solo
3jUdAELIWYWCIWU6rGlCXL,Lebt denn dr alte Holzmichl noch?,De Randfichten,2004,,Band
3kfx1zpnXZPRCim2v8wtzj,Blaue Lagune,Anna-Carina Woitschack;Stefan Mross,2020,,Band
3nm3zHhlOE7LZ4SdqPLhpI,Bierkapitän,Markus Becker;Bierkapitän,2019,,Band
3oS0q79t6MUPzkKv8ykMcO,Jenseits von Eden,Nino de Angelo,1983,,Solo
3r1h1kMQzGlRXskhZeZPPJ,Haben Sie Wien schon bei Nacht geseh'n,Rainhard Fendrich,2016,,Solo
3uGkTWh0MXo9jVyyWSVCed,Es fährt ein Zug nach nirgendwo,Christian Anders,2011,,Solo
3vMiVz4dMHyHVkWuduPTfj,Sieben Leben für dich,Maite Kelly,2016,,Solo
3xlh9SdTDdMH7Nu24mjyBE,Dich hat der Himmel geschickt,Bernd Clüver,1993,,Solo
3znNv4cuLyXbs3eGdNRqfz,Lass mi bei Dir sein,atlantis,1997,,Band
452WSSzuklpg0w4RKTlkvn,Griechischer Wein,Udo Jürgens,1974,,Solo
454AXybVbhF6TZeCo5lcc8,Ich bin wer ich sein will (feat. Allessa),Musikapostel;Allessa,2020,,Band
45P5X44bMEMZUsSU4Ij7GE,Katzeklo,Helge Schneider,1993,,Solo
46R8l8fBUfMe716BfGNHXW,Des geht vorbei,Nicki,2004,,Solo
483ykNWhSQXYprueXUMNeo,Cordula Grün,Josh.,2018,,Solo
48dosoGX5Bey5mk6BhCgKM,Stadt met K,Kasalla,2015,,Band
4AKYFbcTn5DNTougQyjKRM,Wenn den Kindern Flügel wachsen,Ingrid Peters,2005,,Solo
4CUOMhDYc8NqDZTHhpKHxO,Der rote Mond von Agadir,Fernando Express,2008,,Band
4FD6YvxLRRVStHP7VS9mvK,Du kannst nicht immer siebzehn sein,Chris Roberts,1974,,Solo
4FMXjWh8KS8hNG0rkhCyLV,Sieben Tage,Die Flippers,1992,,Band
4Gs4xdlHoOTNszWdJsIU0Z,Es gibt kein Bier auf Hawaii,Paul Kuhn,1963,,Solo
4GtMdXZGS7NNW7j8FXlTkz,Sex & Seine Konsequenzen,Anja Regitz,2006,,Solo
4HCdu48LScraIfJ7Ik7EhE,Da Da Da ich lieb dich nicht du liebst mich nicht Aha Aha Aha,Trio,1982,,Band
4HRtevJUIf3h4vcc0LXL4Q,Joana,Roland Kaiser,1984,,Solo
4Lchc2OMQIlnaRLVN17N7C,300 PS (... Auto),EAV (Erste Allgemeine Verunsicherung),2008,,Band
4LuIBcsu61ef2AxnNZxC4Z,Kribbeln im Bauch,Pe Werner,1991,,Solo
4M6yJ0JjTbMW7DhBJ68heC,Fiesta Mexicana,Rex Gildo,1972,,Solo
4MfSqOz1Ua9hgZv3zNrkb0,Was geht hier ab,voXXclub,2022,,Band
4Msadmmr07wR75QMkm5EHl,Ich kann nicht ohne Dich,Frank Lars,2021,,Solo
4Nfd91XYD16Rx5R2hPRo7c,"Gold, Platin und Diamant",Die Fidelen Mölltaler,2001,,Band
4OH0l5mfOTe7bPpfLvMsqk,Du liebst mich nicht,"Sabrina Setlur, Schwester S., Moses Pelham",1997,,Band
4Ov2I9GCsSQN90lSX6EDuo,Fang das Licht,Karel Gott;Darinka,1994,,Band
4Q5F5CTGnvpKnQWyMwWGtX,So a schöner Tag,Donikkl,2013,,Solo
4Qmw3WjhGemnO7x2acBBci,Starke Gefühle,Juliane Werding,1988,,Solo
4SnC7mwI24zoMB1QINaHdq,Mary Jane,Jürgen Peter,2011,,Solo
4TFOBUQ9Vfm1nCfG07eedq,Tanze mit mir in den Morgen,Gerhard Wendland,1961,,Solo
4TwHWwirwPR5lQFeSSDhqr,Hello Again,Howard Carpendale,1984,,Solo
4WLKnFCLxcK0Wtx7T8FDIQ,Su Mädche wie mir (Zwei Kerle wie wir),Colör,2001,,Band
4agMrs0Xv2x24I6jme8x8d,"Junge, komm bald wieder",Freddy Quinn,1963,,Solo
4cVG5xxA7hndcFGOgLtDw6,... es kribbelt und es prickelt...,Kristina Bach,1997,,Solo
4eh0ZnjqYVs5RDc4UZ8pu6,Du schaffst das schon,KLUBBB3,2016,,Band
4geRKNmqbOSJc1GvweEAUK,So wie man tanzt so liebt man,Maite Kelly,2011,,Solo
4i6mkvKRIO07bHANBNRDWe,Und es war Sommer,Peter Maffay,1976,,Solo
4isdtsKAS5AG2RQt3jQ7hb,Tanz mit mir durch die Nacht,Freddy Breck,2010,,Solo
4j8zZZWeP6Ijn5oKLlfelE,Schatzi schenk mir ein Foto,Mickie Krause,2012,,Solo
4mlWlvWRvvnemGaIlnTF4e,Barfuß bis ans Ende der Welt,Fernando Express,2005,,Band
4omRd4BJaHglIrmJeUttJl,Warum hast Du nicht nein gesagt,Roland Kaiser;Maite Kelly,2014,,Band
4pqwROGdu8LCtspHXzlF0D,Schwarz und Weiss,Oliver Pocher,2008,,Solo
4sNUL4pMNayXyTDfmVe3bH,"Verlieben, verloren, vergessen, verzeih'n",Wolfgang Petry,1996,,Solo
4tNwc7jQ5eqWFGDlX8YBtT,"Viva Colonia (Da simmer dabei, dat is prima!)",Höhner,2004,,Band
4uUdr8JGDWyFe8N8GaJYmS,Paradies,Francine Jordi,2015,,Solo
4uqr9DDzQxGNxs2RzhE21I,Wer hat dir das Küssen beigebracht,Gaby Baginsky,1999,,Solo
4wWCfdkg0aWAwXZNs9qpoa,Verliab di,Trenkwalder,2003,,Band
4wbjZT1BXYbPyMFjJyPjLf,Halleluja (Auf das Leben),Patrick Lindner,2001,,Solo
4xi3H3mVF5otEQuh5ChflP,Guildo hat euch lieb!,Guildo Horn & Die Orthopädischen Strümpfe;Alf Igel,2012,,Band
4xkSmQEgAfA5bR4jQ0dbO2,"Guten Morgen, liebe Sorgen",Jürgen von der Lippe,1987,,Solo
4z60dbymqBotiLzXQCdII0,Willkommen im Club,Ross Antony,2021,,Solo
50HAvJ4qLyUEoVsAqy60xO,Freu dich bloß nicht zu früh,Gitte Haenning,2007,,Solo
50XIyAl7f1IvBTrmPWWtxg,Schlittenfahren in Tirol (Der Schnittensong),DJ Zipfelmann,2014,,Solo
50cyrBR7nyOEJFT6ISOuTc,Weiß' der Geier,Wolfgang Petry,1996,,Solo
54S60M24fBCNOeMhOf3kA9,Trödler Abraham,Wolfram,2009,,Solo
5DtU9fVQMb7Lz0WXHCYhzp,Mit dir werden Wunder noch wahr,Bernhard Brink,2003,,Solo
5MvoIM3l6dO7sysVDTfBLG,Küss' die Hand schöne Frau,EAV (Erste Allgemeine Verunsicherung),2008,,Band
5RdeEPFIN94JuJfUeEOop2,Herzilein,Rudolf Rock & Die Schocker,1990,,Band
5SJMWWAzyQ5K3eoy0Vt4Pb,"Ein Stern, der Deinen Namen trägt",Nik P.,2007,,Solo
5T0YtQ9KPWK6lIsaSjEXU9,Heimweh,Plüsch,2002,,Band
5Ttn6c0XKGWrvmICP5x9S8,Je T'aime Mon Amour,Claudia Jung;Richard Clayderman,2011,,Band
5UVXLUq8m3CnehQ283wkrv,"'54, '74, '90, 2006",Sportfreunde Stiller,2006,,Band
5UsoJzNF88QO4PdexDQLnR,"Einmal hin, einmal her",Sarah-Jane,2005,,Solo
5VQ8B15e6JHXk5Qi9h9inv,Bruttosozialprodukt,Geier Sturzflug,1983,,Band
5ZC4HBv4CnBuppLIycGJIq,"Frankreich, Frankreich",Bläck Fööss,1997,,Band
5ZSfGGi8OF1vSSVNAWdQT1,Ein bisschen Frieden,Nicole,1982,,Solo
5aMFZEH70hweRP65CQjPrp,Du bist wie Feuer im Vulkan,Die Amigos,2010,,Band
5bAYcyOEQP8vuQFK7fPWcc,Das rote Pferd,Markus Becker,2022,,Solo
5cDkS4YY5zmjjTUnrNTO5F,Ibiza,Ibo,2000,,Solo
5g5MuODGRtOqj0IVJjG8P2,Lebenslänglich Du,Oliver Haidt,1998,,Solo
5lo52acOaW0GDQYrhZwzoS,Dein Zug ist abgefahr’n,Nico Gemba,2007,,Solo
5mWceciQV51RPCBQCLAm3U,Herzbeben,Helene Fischer,2017,,Solo
5nY9iOFNTNr5vtFKrgxgOo,Ein Himmelbett im Internet,Ibo,1999,,Solo
5nl9DKN2UFt3cjefB0hNC8,"Alles hat ein Ende, nur die Wurst hat zwei (Krause und Ruth)",Stephan Remmler,1986,,Solo
5o6CnxKo7JQSTJguOSexsm,Ein Leben lang,Kastelruther Spatzen,2000,,Band
5qAtXePWHaJMSCjz2kMyeX,Ich vermiss' Dich... (wie die Hölle),Zlatko,2000,,Solo
5qvdVmvmbMGWMcmZ60vlPu,Codo (...düse im Sauseschritt),Döf,1983,,Band
5xUncmIYqgFadMb52tGRa0,E Vogel ohni Flügel,Peter Reber,1985,,Solo
5xhHDc9Il8aUrAu4ijixDg,Tür an Tür mit Alice,Howard Carpendale,2011,,Solo
5yYD53kfXBuWHTKBxps78B,Prinzessin,Michael Wendler,2014,,Solo
5yrc8eSlQXZ7ZUEznaQTFX,Alles wird gut,Thomas Anders;Florian Silbereisen,2022,,Band
5zOTYihDHgLl1K2o2w1S9O,Kreuzberger Nächte,Gebrüder Blattschuss,2009,,Band
627QU4vNG3alCWCK1FMeLK,Hulapalu,Andreas Gabalier,2015,,Solo
63smv7iIzlW3sUHSiGtqWs,Das Lied von Manuel,Manuel & Pony,2014,,Band
65WVmgaxXQINP00OgTrntq,Ich küss dir die Angst von deiner Haut,Wolfgang Ziegler,2002,,Solo
65wKbNqjUTmdyk47Z31Czm,Du hast mich tausendmal belogen,Andrea Berg,2001,,Solo
667HVkr7MavlBv2DhzQS3k,Tanze Samba mit mir,Tony Holiday,1978,,Solo
680Ilgt8TtFEb9baEEr0bu,Mein Herz schlägt Schlager,Vanessa Mai,2016,,Solo
68XLpAcKb8FFrQZluAqZrj,Polonäse Blankenese,Gottlieb Wendehals,1981,,Solo
6BIwQcpjCTmziCwgTwDZsA,Willkommen im Leben,Ute Freudenberg,2012,,Solo
6COzABVCHQzyvc3rTMtrXn,Er gehört zu mir,Marianne Rosenberg,1975,,Solo
6KzWkQmHEJKn7OjjY3DWOF,Ich wär so gern so blöd wie du,Tic Tac Toe,1997,,Band
6LGpIWaJstYdRzGl1RE49z,Noch in 100.000 Jahren,DJ Ötzi,2008,,Solo
6N8bnX5uNPMAEblonTn5Fq,Is was,Jürgen von der Lippe,1989,,Solo
6NvKqGgbYwbqWRVyIdZjGR,Die Hände Zum Himmel,Die Kolibris,2010,,Band
6Olh0YrqtSRtPRqiJSqRhS,Viel zu oft,Simone,2003,,Solo
6RE97TNubJ4EMkoULibMLw,Hier kommt Kurt,Frank Zander,1988,,Solo
6S0Y6EQoeWX8sh3iydAUN5,"Heute male ich dein Bild, Cindy Lou (The Birds and the Bees)",Drafi Deutscher,1965,,Solo
6SqtV560bmCrZploVrOU6R,Ententanz (Ja wenn wir alle Englein wären),Frank Zander;Fred Sonnenschein & seine Freunde,1981,,Band
6TWdSrzqbsmbcr8SlfXsbT,Moos Hamma,Münchner Zwietracht;Rudolph Moshammer,2001,,Band
6VuP54I5GDugYPVRQJqCYA,Auf der Straße nach Süden,Tony Marshall,1978,,Solo
6WpKBQFb4fs6nvyrLh9yiv,Büetzer Buebe,Gölä;Trauffer,2020,,Band
6XAhhD4ZbcHoPm7FdcFzbS,Die Gefühle haben Schweigepflicht,Andrea Berg,1995,,Solo
6ZknmWa9VVSFDjGudcrktZ,Das erste Mal tat's noch weh (Les histoires d'amour),Stefan Waggershausen;Viktor Lazlo,1990,,Band
6aUN5gXfkXKl4GBiVTLLZI,Der Eiermann,Klaus & Klaus,1988,,Band
6bBaeJTENy0a1oqYy8fLxw,Deine braunen Augen,Alisha,2021,,Solo
6eMtXTaaO3PhIm4HDxwqi8,Für dich,Brunner & Brunner,1994,,Band
6h2phRX5aM4uLPZQv2Hulo,Lovesong,Francine Jordi,2018,,Solo
6iHumZN4HdYtg551LYLcvy,Goethe war gut,Rudi Carrell,1978,,Solo
6lQZLaTrHZBIzTFOUkBpg2,Schöne Maid,Tony Marshall,1971,,Solo
6mrZ7QI1oXRljeIj65bzGB,7 Leben,Mitch Keller,2015,,Solo
6nHQrTrXd0dyVb74VfsjxA,Solang wir lieben,Simone,2001,,Solo
6qqUDmf0LFP7lFZODj6PWH,Ein bisschen Spaß muss sein,Roberto Blanco,1972,,Solo
6s3bDxWkPizTw8hsWv1iIi,Ich will alles,Gitte Haenning,1982,,Solo
6sCG0j2tZTdNeZvQPcKWZy,Night Fever,Dieter Thomas Kuhn & Band,2012,,Band
6sS77FZh2eJfYBsFUW6hjI,Dicht im Flieger,Julian Sommer,2022,,Solo
6snrhpcIeThzC82aYBvOVG,Kein Schwein ruft mich an,Max Raabe,2017,,Solo
6szt9Xu72ArW2Tm06YYBa9,Ich hab Alain Delon geseh'n,Christoff,2012,,Solo
6v3Rzc8reAqhJKURPWzpfR,Kölsche Jung,Brings,2014,,Band
6wlMwfmNDtyi09cZmKZO47,"Ich bin kein Dichter, kein Poet",Tom Astor,2003,,Solo
6wxzz8s7JTEihnNGCNYjR8,Hal-Le-Lu-Ja,Klostertaler;Kastelruther Spatzen;Nockis,1999,,Band
6yBGQwgXk2sm8lPqdfCJjT,Ich bin frei,Franziska Wiese,2016,,Solo
6zXpujCKpOye18GbdAq2lD,Männertango,Ella Endlich,2011,,Solo
72MyxNUZ3SFivW1QsS5aIe,An der Copacabana,EAV (Erste Allgemeine Verunsicherung),2008,,Band
72QYg34KFQdcHd9Tuy7mOf,Ich bau dir ein Schloss,Jürgen Drews,2011,,Solo
74ppWSwsyJYxQ9xQRuuPnB,Hinter den Kulissen von Paris,Mireille Mathieu,2006,,Solo
75YlMCq6AkEX55qQAvBwYQ,Ein Augenblick in Rot,Münchener Freiheit,2009,,Band
79hX0z70ufkP63Ocr4Jz4K,Sternenhimmel,Hubert Kah,1982,,Solo
7AgLXVsuToMUB8BlPdiWxr,Eine Nacht,Ramon Roselly,2020,,Solo
7DhEYaCKAEUhDu1UXN9pC6,La Luna Blu,Monika Martin,1996,,Solo
7EQWjHjlRvKfKcpfrvMTGK,I lass di nimmer aus,Relax,2015,,Band
7EzRdo7g2oeVrTviOgaYbU,Was soll das,Herbert Grönemeyer,2008,,Solo
7FalyYEX2URpR9CEYS8Z2W,Es ist geil ein Arschloch zu sein,Christian;Bülent Aris,2001,,Band
7GrhTbGEjXbXKoiEwYeEWW,Herzilein,Die Wildecker Herzbuben,1990,,Band
7IO1odRUNwFrYGbWXic984,Bianca,Freddy Breck,2010,,Solo
7JM1dFLOa1kI5MqGnDufiY,Ohne Dich (schlaf' ich heut Nacht nicht ein),Münchener Freiheit,1986,,Band
7LeYfDE3RuEAkSL5fsmEvH,"Der wilde, wilde Westen",Truck Stop,2003,,Band
7MNyM2DCnKx3KdXYldisdo,Egal was andere sagen,Eloy de Jong,2018,,Solo
7MU1uNaZzTkwHQV8sRNB3l,Carbonara,Spliff,1982,,Band
7bxfRoLTj35uJqQSeV7xWB,Nimm einmal noch meine Hand,Ines Adler,1998,,Solo
7dBGhQKRVw80qBH0l0O1fS,Weil ich so sexy bin,Trude Herr,1998,,Solo
7g3M5euTiBBoTJ9bQ12tYr,Sternenregen,Thomas Anders,2017,,Solo
7gaWPR6yofnDxfgRMNyKCH,"Wenn nicht jetzt, wann dann?",Höhner,2007,,Band
7iwZxTPvg1h5rYmmwEd8GI,Gold,Jasmin Wagner,2021,,Solo
7jbWJ8dBSFElWnoGn9XYHI,Die Biene Maja,Karel Gott,1976,,Solo
7lBO5RpWhr6yPUwWkXHsWf,Mendocino,Michael Holm,1969,,Solo
7lg9reolractKDt8McON0K,An Der Nordseeküste,Klaus & Klaus,1984,,Band
7ljqYQ9je16MNSaWg4shQy,Du mußt deinen Weg alleine gehen,Dirk Busch,1999,,Solo
7pmnNvK57vUPyE6G40w9cv,"Du, die Wanne ist voll",Dieter Hallervorden;Helga Feddersen,2015,,Band
7r0rZ3CeaedQ1JP6PvbvFq,Ich sterb für dich,Vanessa Mai,2016,,Solo
7r8IVN20TFSGq5pE4gR76C,Ein Lied auf das Leben,Feuerherz,2017,,Band
7sMd8AmgwoHgw674d2oQgB,Lass die Sonne in dein Herz,Wind,2003,,Band
7sgbBeINoJ4TDUDIloK9li,Goldener Reiter,Joachim Witt,1981,,Solo
7vLC1dwhUssdCnigdtisYG,Immer wieder sonntags,Cindy & Bert,2014,,Band
7xJhlT341yRS1w3nSGA4zq,Sa-Lo-Me,Achim Reichel,1999,,Solo

----------------------
Bingo Deutschland
----------------------

01DBoQsngOhbcVFWKkiFOz,Uptown Girl,Billy Joel,1983,,Solo
07ABETRdek3ACMpRPvQuaT,Always on My Mind,Pet Shop Boys,1987,,Band
07PFC8QHsm3mql76jDucwH,Daylight in Your Eyes,No Angels,2001,,Band
07f2b3CTdgKKlhv0mqUksz,Vermissen (feat. Henning May),"Juju, Henning May",2019,,Band
08cshUZIlQMJRKPTLnaT9F,Over My Shoulder,Mike + The Mechanics,1995,,Band
09I1TnKW1WPtD8tnQxRtkD,You're Makin' Me High,Toni Braxton,1996,,Solo
0CnD7Hiw6pae6rLsZw5q5W,Incomplete,Backstreet Boys,2005,,Band
0G21yYKMZoHa30cYVi1iA8,Welcome To The Jungle,Guns N' Roses,1987,,Band
0GWGZA5mxo9nHuSyrj70uo,When Love Takes Over (feat. Kelly Rowland),"David Guetta, Kelly Rowland",2010,,Band
0IbTukfZdB91gclEXUQZkH,Around the World (La La La La La),"A Touch Of Class, Pete Konemann",2000,,Band
0JiY190vktuhSGN6aqJdrt,So What,P!nk,2008,,Solo
0KZodeWxqxd88F9wY1cqgs,My Sweet Lord,George Harrison,1970,,Solo
0ObRC3dRhPZr3HRCkYf25O,Let This Party Never End,Mark 'Oh,2009,,Solo
0QBzMgT7NIeoCYy3sJCof1,Bam Bam (feat. Ed Sheeran),"Camila Cabello, Ed Sheeran",2022,,Band
0QKfiqpEU4h9ycPSzIFwYe,Maniac,Michael Sembello,1983,,Solo
0S2aHRgBOgjVwsMzqWyp1u,Keine Amnestie für MTV,Böhse Onkelz,2002,,Band
0Ui05Ov0s4PnRc4JI3Pilg,My Favourite Game,The Cardigans,1998,,Band
0X6sLL2DHHmwHYqlF22J2x,Sie war erst siebzehn (und neu in der Stadt),Frank Farian,1977,,Solo
0hWaBqfcddUlqOk33fpx3G,Verpiss dich,Tic Tac Toe,1996,,Band
0jWgAnTrNZmOGmqgvHhZEm,What's Up?,4 Non Blondes,1992,,Band
0nLiqZ6A27jJri2VCalIUs,Nothing Else Matters,Metallica,1991,,Band
0pkIJFV6mviH9dmBYsFwTM,Without You,Mariah Carey,1993,,Solo
0uppYCG86ajpV2hSR3dJJ0,Give It Away,Red Hot Chili Peppers,1991,,Band
0wokCRaKD0zPNhMRXAgVsr,Ordinary World,Duran Duran,1993,,Band
0y1mX0LxNwSMRPXWutJOJu,abcdefu,GAYLE,2023,,Solo
0yvomNP4HdLSmqHXkhCsgS,It Must Be Love,Madness,1981,,Band
10I09MLZCY4pK37XxAfkw0,True,Spandau Ballet,1983,,Band
12Gf7Ffl7pxj7mQF1ehRBy,Verdamp lang her,BAP,1981,,Band
18AXbzPzBS8Y3AkgSxzJPb,In The Air Tonight,Phil Collins,1981,,Solo
1BV0m40U0M4t1SLIsDnwZl,1973,James Blunt,2007,,Solo
1CtKHwDqsH3ctcCCI18N0g,Everybody Needs Somebody to Love,The Blues Brothers,1980,,Band
1DapqOfkDAQCiKnvfwKo0g,All Around the World,"Lisa Stansfield, Ian Devaney, Andy Morris",1989,,Band
1Hv1VTm8zeOeybub15mA2R,Smooth Operator,Sade,1984,,Band
1KsI8NEeAna8ZIdojI3FiT,Hungry Heart,Bruce Springsteen,1980,,Solo
1KvOQr08NPFBQF9THBCgE8,Rocky,Frank Farian,1976,,Solo
1OppEieGNdItZbE14gLBEv,You Can't Hurry Love,The Supremes,1966,,Band
1Pvb14FbPDsCYuQ7GhiVTg,Dr. Stein,Helloween,1988,,Band
1RKUoGiLEbcXN4GY4spQDx,Clint Eastwood,"Gorillaz, Del The Funky Homosapien",2001,,Band
1Ud6moTC0KyXMq1Oxfien0,Sympathy For The Devil,The Rolling Stones,1968,,Band
1XyL3J7eTTKnxRZAM3LqIT,Beggin,Madcon,2007,,Band
1YJ4vpxPL6Wgo8gmRnvqSp,There Must Be an Angel (Playing With My Heart),"Eurythmics, Annie Lennox, Dave Stewart",1985,,Band
1aJnGme5ZRltYTp8FJ52eZ,Together Again,Janet Jackson,1997,,Solo
1bCmvezFg5MRcENzCGG1Cy,Chelsea Dagger,The Fratellis,2006,,Band
1dB19ppPm5cMuLaEm9jbDD,Stimme,"EFF, Mark Forster, Felix Jaehn",2015,,Band
1fr92Vupmcs2vgLMFVQ7rd,In the Shadows,The Rasmus,2003,,Band
1hukvqQ7AHU4A9PeWa4W53,Can't Wait Until Tonight,Max Mutzke,2004,,Solo
1i1OuCNhNf7JwrlWlFZFu1,That's Not My Name,The Ting Tings,2007,,Band
1iTFJGcZT9gA0CzlSCTQ8r,Ich liebe dich,Clowns & Helden,1986,,Band
1ixbwbeBi5ufN4noUKmW5a,Paper Planes,M.I.A.,2007,,Solo
1jDJFeK9x3OZboIAHsY9k2,I'm Still Standing,Elton John,1983,,Solo
1jJci4qxiYcOHhQR247rEU,Kids,MGMT,2007,,Band
1nInOsHbtotAmEOQhtvnzP,Stronger (What Doesn't Kill You),Kelly Clarkson,2011,,Solo
1oYYd2gnWZYrt89EBXdFiO,Message In A Bottle,The Police,1979,,Band
1qEmFfgcLObUfQm0j1W2CK,Late Night Talking,Harry Styles,2022,,Solo
1qaV8BaFWrHFqHLQlOcsQx,Don't Be Aggressive,Sandra,1992,,Solo
1rbnDRx6VuKAGS36CmiyQD,An Tagen wie diesen,"Fettes Brot, Pascal Finkenauer",2005,,Band
1u8c2t2Cy7UBoG4ArRcF5g,Blank Space,Taylor Swift,2014,,Solo
1uPrIHgYztXSkkcts9jet8,She Bangs,Ricky Martin,2000,,Solo
1wrT33b6HuKlpk9ziscEUY,Baby Jane,Rod Stewart,1983,,Solo
21pySLskKIKrhDziCX5ojQ,When I Grow Up,The Pussycat Dolls,2008,,Band
22sLuJYcvZOSoLLRYev1s5,Material Girl,Madonna,1985,,Solo
23ehR4jpFQFMfDADgFdXR7,Rise & Fall (feat. Sting),"Craig David, Sting",2002,,Band
26QKsGW4hMuwiEE1ftUMHe,"Lo Que Pasó, Pasó",Daddy Yankee,2004,,Solo
27paFfHJLzuVTiOHi4uJUa,Über sieben Brücken musst du geh'n,Peter Maffay,1980,,Solo
2CvOqDpQIMw69cCzWqr5yr,Halo,Beyoncé,2008,,Solo
2GsdNfuxE4tHS1Hj5hfVVf,Du hast den Farbfilm vergessen,Nina Hagen,1974,,Solo
2J2Z1SkXYghSajLibnQHOa,Unstoppable,Sia,2016,,Solo
2K2M0TcglCRLLpFOzKeFZA,Sunshine Of Your Love,Cream,1967,,Band
2KTxKoM4iUYCtuUGGIh9Qu,"Irgendwie, irgendwo, irgendwann",Nena,1984,,Solo
2KsHzM4L7ThhNJB6MHXkPx,Zeit,Rammstein,2022,,Band
2LEF1A8DOZ9wRYikWgVlZ8,Good Feeling,Flo Rida,2012,,Solo
2MLHyLy5z5l5YRp7momlgw,Island In The Sun,Weezer,2001,,Band
2N6WGLd6Tz7KA4AnyjCEeL,Wenn du da bist,Pur,2015,,Band
2P4OICZRVAQcYAV2JReRfj,Waiting For Love,Avicii,2015,,Solo
2Pn5gvVioma5LHPxgEBBmD,No More I Love You's,Annie Lennox,1995,,Solo
2VmyLy2HQlkevZYboXHM5O,If You Tolerate This Your Children Will Be Next,Manic Street Preachers,1998,,Band
2aEuA8PSqLa17Y4hKPj5rr,Cheri Cheri Lady,Modern Talking,1985,,Band
2bL2gyO6kBdLkNSkxXNh6x,Animals,Maroon 5,2014,,Band
2epbL7s3RFV81K5UhTgZje,Lemon Tree,Fools Garden,1995,,Band
2fXKyAyPrEa24c6PJyqznF,Common People,Pulp,1995,,Band
2gMXnyrvIjhVBUZwvLZDMP,Before You Go,Lewis Capaldi,2019,,Solo
2hgzdQdnfWwtdpZbhZlV72,Ain't Your Mama,Jennifer Lopez,2016,,Solo
2iXBZ32Fz5VDCLeE0JIdX5,Better in Time,Leona Lewis,2007,,Solo
2ihCaVdNZmnHZWt0fvAM7B,Little Talks,Of Monsters and Men,2012,,Band
2kUUMGxMFcKItXfy36x7Th,Leichtes Gepäck,Silbermond,2015,,Band
2krwNGlAHQuClcMw0WMUiz,Herz über Kopf,JORIS,2015,,Solo
2m1hi0nfMR9vdGC8UcrnwU,All The Small Things,blink-182,1999,,Band
2q4rjDy9WhaN3o9MvDbO21,Kiss Me Thru The Phone,"Soulja Boy, Sammie",2008,,Band
2rurDawMfoKP4uHyb2kJBt,Te Felicito,"Shakira, Rauw Alejandro",2022,,Band
2ukGu6BitcHW61wMPrYHy2,Bohemian Like You,The Dandy Warhols,2000,,Band
2urspvjqMlyq8JVAudN3DK,Mensch,Herbert Grönemeyer,2008,,Solo
2v8B8d17Xxu9uLU5sNiHSL,Delilah,Tom Jones,1968,,Solo
2zYzyRzz6pRmhPzyfMEC8s,Highway to Hell,AC/DC,1979,,Band
32Gf5A7Hr8RdgggXG0Fdks,Have You Ever Really Loved A Woman?,Bryan Adams,1996,,Solo
35zGjsxI020C2NPKp2fzS7,It's Gonna Be Me,*NSYNC,2000,,Band
37Tmv4NnfQeb0ZgUC4fOJj,Sultans Of Swing,Dire Straits,1978,,Band
39qYD4J4BKvZMQgxfXl5bv,Eye In The Sky,The Alan Parsons Project,1982,,Band
3AhXZa8sUQht0UEdBJgpGc,Like a Rolling Stone,Bob Dylan,1965,,Solo
3BovdzfaX4jb5KFQwoPfAw,Beat It,Michael Jackson,1982,,Solo
3ErsOxqe2RmXkR65wkygDz,What's Love Got to Do with It,Tina Turner,1984,,Solo
3FAclTFfvUuQYnEsptbK8w,Back To Black,Amy Winehouse,2006,,Solo
3HqcNJdZ2seoGxhn0wVNDK,PROVENZA,KAROL G,2023,,Solo
3MVm36ouM56jbP5rORxbVy,Sadeness,Enigma,1990,,Band
3PfIrDoz19wz7qK7tYeu62,Don't Start Now,Dua Lipa,2020,,Solo
3QGsuHI8jO1Rx4JWLUh9jd,Treat You Better,Shawn Mendes,2017,,Solo
3QYi6nQ5sDi4eNh0DHZujh,Für Dich,Yvonne Catterfeld,2003,,Solo
3TieIQTlipul7oxGldyX09,Big in Japan,Alphaville,1984,,Band
3USxtqRwSYz57Ewm6wWRMp,Heat Waves,Glass Animals,2020,,Band
3Wcn9qe6m0Hrq117DZCMEQ,Augen auf!,OOMPH!,2004,,Band
3a3PdavN2xzZTe9TtmnNyE,Sie sieht mich nicht,Xavier Naidoo,2008,,Solo
3cU2wBxuV6nFiuf6PJZNlC,Dear Future Husband,Meghan Trainor,2015,,Solo
3jS7bB0oXVOwGFZn3aE5NV,You Oughta Know,Alanis Morissette,1995,,Solo
3pgainA2dH9c7e8JVYGRCN,Ride on Time,Black Box,1989,,Band
3qI94hINNNeb4S7xQi18lS,Blame It on the Boogie,The Jacksons,1978,,Band
3rUGC1vUpkDG9CZFHMur1t,greedy,Tate McRae,2023,,Solo
3s4U7OHV7gnj42VV72eSZ6,Rather Be (feat. Jess Glynne),"Clean Bandit, Jess Glynne",2014,,Band
3spdoTYpuCpmq19tuD0bOe,My Way,Frank Sinatra,1969,,Solo
3vkQ5DAB1qQMYO4Mr9zJN6,Gimme! Gimme! Gimme! (A Man After Midnight),ABBA,1979,,Band
3w3y8KPTfNeOKPiqUTakBh,Locked out of Heaven,Bruno Mars,2012,,Solo
3yUcJwYu7fXAfqMj9krY6l,Thank You,Dido,1999,,Solo
44MuEHdlociG8KjhPhOVw5,Padam Padam,Kylie Minogue,2023,,Solo
45Ia1U4KtIjAPPU7Wv1Sea,Are You Gonna Go My Way,Lenny Kravitz,1993,,Solo
46IZ0fSY2mpAiktS3KOqds,Easy On Me,Adele,2021,,Solo
49skdn8Truaufvcz8BXmtT,Lets Go Surfing,The Drums,2010,,Band
4BwQLePZSn9X2HoTwNpoLg,Mit freundlichen Grüßen,Die Fantastischen Vier,1999,,Band
4JGKZS7h4Qa16gOU3oNETV,Dreams,The Cranberries,1993,,Band
4LI4YCdKH2fLjyhtbtHXrY,"Hurra, hurra, die Schule brennt",Extrabreit,1980,,Band
4O0LwyuV3U18Hg5AxILDlI,Sing It Back,"Moloko, Boris Dlugosch, Michael Lange",1998,,Band
4OH0l5mfOTe7bPpfLvMsqk,Du liebst mich nicht,"Sabrina Setlur, Schwester S., Moses Pelham",1997,,Band
4QNpBfC0zvjKqPJcyqBy9W,Give Me Everything (feat. Nayer),"Pitbull, AFROJACK, Ne-Yo, Nayer",2011,,Band
4TCL0qqKyqsMZml0G3M9IM,Telephone,"Lady Gaga, Beyoncé",2009,,Band
4TIJ7zSBNejpoIPaWpWRKc,Rebel Yell,Billy Idol,1983,,Solo
4TQeNHx85xcP9YRkvJC6K1,Walkin' On The Sun,Smash Mouth,1997,,Band
4UCTgh5jvtqoaMX6MAhUNn,Personal Jesus,Depeche Mode,1989,,Band
4UzVcXufOhGUwF56HT7b8M,My Immortal,Evanescence,2003,,Band
4XE98WRGbBGRZ7jQ9wIwFt,Fuck You,Lily Allen,2008,,Solo
4YxZQd3I4rj1nqkXgvpCk4,Zukunft Pink (feat. Inéz),"Peter Fox, Inéz",2022,,Band
4ZtFanR9U6ndgddUvNcjcG,good 4 u,Olivia Rodrigo,2021,,Solo
4cQJ27R11K634x5qCOwKW5,One Way Or Another,Blondie,1978,,Band
4fxF8ljwryMZX5c9EKrLFE,Boombastic,Shaggy,1995,,Solo
4gFhLQA90CAFuS0Ma8aIiX,Mirror Mirror,Blind Guardian,1998,,Band
4hfIVhq0F0zFUcrbecsYmo,Let's Get It Started,Black Eyed Peas,2003,,Band
4jDmJ51x1o9NZB5Nxxc7gY,Careless Whisper,George Michael,1984,,Solo
4mjFMScEvHeM72791mXRCW,In the Navy,Village People,1979,,Band
4pbJqGIASGPr0ZpGpnWkDn,We Will Rock You,Queen,1977,,Band
4wNIkl5XGiAACjFBlDWuSd,What A Man Gotta Do,Jonas Brothers,2020,,Band
4wlxXre2tjcc1INh2Z3i5b,Maria (I Like It Loud),Scooter,2003,,Band
50kpGaPAhYJ3sGmk6vplg0,Love Yourself,Justin Bieber,2015,,Solo
50nfwKoDiSYg8zOCREWAm5,Shivers,Ed Sheeran,2021,,Solo
52qTK7CEx1Vso4Evkx6ZCM,In The Dark,"Purple Disco Machine, Sophie and the Giants",2022,,Band
57Xjny5yNzAcsxnusKmAfA,Reptilia,The Strokes,2003,,Band
59WN2psjkt1tyaxjspN8fp,Killing In The Name,Rage Against The Machine,1992,,Band
59uqWPaagd0khPaauWM2lU,Corazon Espinado (feat. Mana),"Santana, Maná",1999,,Band
5CQvKyzkWI7TnUu2oB9QZ0,Alright,Supergrass,1995,,Band
5Fla3zyOCcIRqrDoKLU0DP,Let You Love Me,Rita Ora,2018,,Solo
5NGsvd9Wf6fzu3Dux4DQAu,Kein Zurück,Wolfsheim,2003,,Band
5NNIxs46bsdO4DLZALKVoG,Taschenrechner,Kraftwerk,1981,,Band
5NTZM8YYeKM2YsGSffVIge,Loser,Beck,1994,,Solo
5NlFXQ0si6U87gXs6hq81B,Candy,Robbie Williams,2012,,Solo
5Nm9ERjJZ5oyfXZTECKmRt,Stay With Me,Sam Smith,2014,,Solo
5OQGeJ1ceykovrykZsGhqL,Breathless,The Corrs,2000,,Band
5OQsiBsky2k2kDKy2bX2eT,Learn to Fly,Foo Fighters,1999,,Band
5Ok52kEHxudhX1n2RvqyIe,"Hey Mama (feat. Nicki Minaj, Bebe Rexha & Afrojack)","David Guetta, AFROJACK, Bebe Rexha, Nicki Minaj",2015,,Band
5Qc2kNC0IIIfEJWHo2ItJv,Deine Stimme,Pe Werner,1993,,Solo
5SQPvv5rrkqrJpqjBsPgUk,Jubel,Klingande,2013,,Solo
5Sh9v7RwibuV34tdjscwx5,"Right Here, Right Now",Fatboy Slim,1998,,Solo
5UkoitnvaDUSsq7cVsOdOh,Be My Baby,Vanessa Paradis,1992,,Solo
5VYTKiOnHw4iTrB9pG3yum,Unbelievable,EMF,1991,,Band
5YaskwnGDZFDRipaqzbwQx,Your Love (9PM),"ATB, Topic, A7S",2021,,Band
5bcTCxgc7xVfSaMV3RuVke,"Feels (feat. Pharrell Williams, Katy Perry & Big Sean)","Calvin Harris, Pharrell Williams, Katy Perry, Big Sean, Funk Wav",2017,,Band
5cF0dROlMOK5uNZtivgu50,Attention,Charlie Puth,2018,,Solo
5fVZC9GiM4e8vu99W0Xf6J,How to Save a Life,The Fray,2005,,Band
5jkFvD4UJrmdoezzT1FRoP,Rasputin,Boney M.,1978,,Band
5l3CML2OnzfNs5RfVgbcLt,Talk Dirty (feat. 2 Chainz),"Jason Derulo, 2 Chainz",2013,,Band
5lWRaa0fBxDE5yU91npPq7,Just A Girl,No Doubt,1995,,Band
5qaEfEh1AtSdrdrByCP7qR,Demons,Imagine Dragons,2012,,Band
5tYNY1VFSIl30D9TQWcUJ1,Flugzeuge im Bauch,Oli. P,1998,,Solo
5uFYYOyT3EclOVhiFzPJSz,Rhythm Is a Dancer,SNAP!,1992,,Band
61S0mEfdRtJ62Fc7fPqx0U,Feeling Good,Nina Simone,1965,,Solo
67WTwafOMgegV6ABnBQxcE,Some Nights,fun.,2012,,Band
6AxCr5G75R5rqyNCYWVpTo,Higher,"Taio Cruz, Kylie Minogue",2010,,Band
6BXyD6UUPizpRpA7iOi99r,In meinem Benz,"AK AUSSERKONTROLLE, Bonez MC",2020,,Band
6FLwmdmW77N1Pxb1aWsZmO,Only Time,Enya,2000,,Solo
6KgBpzTuTRPebChN0VTyzV,Good as Hell,Lizzo,2016,,Solo
6OMjtuz1sYVsHpdeZPUR1n,Sarà perché ti amo,Ricchi E Poveri,1997,,Band
6RNDeRnWsRMjPdNVgupZCs,I Just Called To Say I Love You,Stevie Wonder,1984,,Solo
6RUKPb4LETWmmr3iAEQktW,Something Just Like This,"The Chainsmokers, Coldplay",2017,,Band
6ZLGthToczpvnL5Eoy6yrY,Pure Shores,All Saints,2000,,Band
6bm0ZnBMzYY92gKjz3ypRS,So soll es bleiben,"Ich + Ich, Adel Tawil",2008,,Band
6dO3t1e3pb7sxyDQbDyVNX,Eisbär,Grauzone,1981,,Band
6hpmTwgNCz81H2bFEREx29,Get Up I Feel Like Being Like A Sex Machine,"James Brown, The Original J.B.s",1970,,Band
6huNf4dutXRjJyGn7f5BPS,Pray For Me,"The Weeknd, Kendrick Lamar",2018,,Band
6hw1Sy9wZ8UCxYGdpKrU6M,Roller,Apache 207,2019,,Solo
6iqsiU2itAGNSd77Uq1esa,Che Sarà,José Feliciano,1971,,Solo
6lsumzVFKP9SnfKcuGwqVp,Rome Wasn't Built in a Day,Morcheeba,2000,,Band
6nCnT9sWavqmrb59Q5NIrH,Still Loving You,Scorpions,1984,,Band
6qn9YLKt13AGvpq9jfO8py,We Found Love,"Rihanna, Calvin Harris",2011,,Band
6s8nHXTJVqFjXE4yVZPDHR,Troublemaker (feat. Flo Rida),"Olly Murs, Flo Rida",2012,,Band
6tDDoYIxWvMLTdKpjFkc1B,telepatía,Kali Uchis,2020,,Solo
6tunhVGD8C05MZNjSVIsjw,It Never Rains in Southern California,Albert Hammond,1972,,Solo
6vqEctRr6hDFEeIkFUNWUf,Higher Love,Whitney Houston,1990,,Solo
6wpGqhRvJGNNXwWlPmkMyO,I Still Haven't Found What I'm Looking For,U2,1987,,Band
6xkcirvWdsf2E9TYSp3Yni,Der Mann im Mond,Gus Backus,1960,,Solo
6y0Etr2KJr0sdcEp7ajoUK,Cosmic Girl,Jamiroquai,1996,,Band
71iSmEeF0qRVyULABxP75P,Shake It Out,Florence + The Machine,2011,,Band
74jTexO94dFGyXGyeu8krd,Beautiful Life,Ace of Base,1995,,Band
76D5nfZbYzZYfUZKGy73jy,7 Seconds (feat. Neneh Cherry),"Youssou N'Dour, Neneh Cherry",2004,,Band
7BqHUALzNBTanL6OvsqmC1,Happier,"Marshmello, Bastille",2018,,Band
7CFr7KuO7CWuqxJ3PtByXC,Und wenn ein Lied,Söhne Mannheims,2004,,Band
7DyDjhZMEIK5Ied4juTCyc,Sie weiß (feat. Mero),"AYLIVA, MERO",2023,,Band
7EQGXaVSyEDsCWKmUcfpLk,Die Young,Kesha,2012,,Solo
7FSzJQV6thyoQptFCUTV9c,Parklife,Blur,1994,,Band
7H6ev70Weq6DdpZyyTmUXk,Say My Name,Destiny's Child,1999,,Band
7Ibka09YMWKIDMql9c98Pl,Tausendmal Du,Münchener Freiheit,1986,,Band
7Lf7oSEVdzZqTA0kEDSlS5,Cry Me a River,Justin Timberlake,2002,,Solo
7huo2wvrCgRucUsjdSDLQV,Ain't No Other Man,Christina Aguilera,2006,,Solo
7kEYIN8pyXhs3YTbpB6A14,Give Me More,The Teens,1980,,Band
7kWmT6l911OFlkhhSV6KlM,Got to Get It,Culture Beat,1993,,Band
7lQ8MOhq6IN2w8EYcFNSUk,Without Me,Eminem,2002,,Solo
7o9uu2GDtVDr9nsR7ZRN73,Time After Time,Cyndi Lauper,1983,,Solo
7pKfPomDEeI4TPT6EOYjn9,Imagine,John Lennon,1971,,Solo
7ppPZa3TRUSGKaks9wH7VT,Don't Look Back In Anger,Oasis,1995,,Band
7vOLJwP5O0woITaIQWOoUX,Why ?,Bronski Beat,1984,,Band
7w5AOd6HrDIHewHfpABEss,Wicked Game,Chris Isaak,1989,,Solo
7wMq5n8mYSKlQIGECKUgTX,Hall of Fame (feat. will.i.am),"The Script, will.i.am",2012,,Band

----------------------
Bayern1 Expansion
----------------------

01u6AEzGbGbQyYVdxajxqk,Don't Be Cruel,Elvis Presley,1956,,Solo
0939D7aT18uBDS2MTjWzct,Higher Power,Coldplay,2021,,Band
09huOVRryZNV2deKFZLJDC,Waiting for a Star to Fall,Boy Meets Girl,1988,,Band
0EsVQ8w52MJCvYWuxpAnNV,What You're Proposing,Status Quo,1980,,Band
0Fr54TvVCUMH9gdA6JMopJ,All Out Of Love,Andru Donalds,1999,,Solo
0HyAWcYFr2GfEvwDX2q3a4,You Never Walk Alone,Mathou,2006,,Solo
0KPWi8mDRagwxnwaA0di8a,Hedonism (Just Because You Feel Good),Skunk Anansie,1996,,Band
0MteK167vtyb6hoJNC3Uz3,A Girl Like You,Edwyn Collins,1994,,Solo
0PLbIF1L8YYMyKhajNBWfW,Maid of Orleans,OMD,1982,,Band
0Uqs7ilt5kGX9NzFDWTBrP,Quit Playing Games (With My Heart),Backstreet Boys,1996,,Band
0V3wPSX9ygBnCm8psDIegu,Anti-Hero,Taylor Swift,2022,,Solo
0XwjdpwvEwukcg3XU4Ibzt,Blaze Of Glory,Jon Bon Jovi,1990,,Solo
0daHbdrLvUmkh81rnolMcG,Angry,The Rolling Stones,2023,,Band
0eZBeB2xFIS65jQHerispi,The Sound of Silence,Disturbed,2015,,Band
0h3Xy4V4apMraB5NuM8U7Z,Stumblin' In,CYRIL,2023,,Solo
0mUyMawtxj1CJ76kn9gIZK,Bad Day,Daniel Powter,2005,,Solo
0ntQJM78wzOLVeCUAW7Y45,Sex on Fire,Kings of Leon,2008,,Band
0q1uLsz1YBitp0iRj8a4UG,Nine Million Bicycles,Katie Melua,2005,,Solo
0rCEfFfigLLYmAFeJXQvm6,Don't Let Me Be Misunderstood,Santa Esmeralda,1977,,Band
0uHYplBhwLYey7f9qAmnSM,The Night They Drove Old Dixie Down,Joan Baez,1971,,Solo
0vJlZS5zLMhRQ6xo9vmAlB,Don't Pay The Ferryman,Chris de Burgh,1982,,Solo
12VVhwwzhAi0GBzJFarIEP,If You Can't Give Me Love,Suzi Quatro,1978,,Solo
12rxrK9SZT9JDVf8WFyzsx,You Can Get It If You Really Want,Desmond Dekker,1970,,Solo
15f8Cv8RXUlOOCIf2oaceN,Underneath Your Clothes,Shakira,2001,,Solo
17pOLaBouf2EleJjsHfJSg,Hooked On A Feeling,"Blue Swede, Björn Skifs",1974,,Band
1BmcaqiAwi3kbkCHNgSGuG,This Flight Tonight,Nazareth,1973,,Band
1BqnZOkYJbvYLOhN0qPJDm,Ma Baker,Boney M.,1977,,Band
1H5VQuShs4qfwBXyHF0PeH,Narcotic,Liquido,1998,,Band
1HNkqx9Ahdgi1Ixy2xkKkL,Photograph,Ed Sheeran,2014,,Solo
1IDeAs57vupiUdvMkceoqY,Here I Am,Dominoe,1987,,Band
1KLpjQFgubHI3GkAICCNH3,Dream Lover,Bobby Darin,1959,,Solo
1LOZMYF5s8qhW7Rv4w2gun,Dreadlock Holiday,10cc,1978,,Band
1MTQHCpraD4S8g5PAFKzoj,Behind Blue Eyes,Limp Bizkit,2003,,Band
1OYP05lTVheLYUanirbcTe,Ashes To Ashes,David Bowie,1980,,Solo
1PEqh7awkpuepLBSq8ZwqD,I Love You Always Forever,Donna Lewis,1996,,Solo
1QbQL5m30YNvukitIqAnFG,Sunglasses At Night,Corey Hart,1984,,Solo
1hlveB9M6ijHZRbzZ2teyh,We're Not Gonna Take It,Twisted Sister,1984,,Band
1tOE1dIyIjsfLJWiQ4ZRJW,Red Red Wine,UB40,1983,,Band
1vyWVgVwYfd15EGzz5zeej,Always,Erasure,1994,,Band
1x9iOd3K1JC6tdjGZJpFgZ,You Can Leave Your Hat On,Joe Cocker,1986,,Solo
1ynmMEK1fkyiZ6Z6F3ThEt,Centerfold,The J. Geils Band,1981,,Band
23EkZsgFWesLlXjqrHzbpx,Weus'd a Herz hast wia a Bergwerk,Rainhard Fendrich,1983,,Solo
26rqwzpocGyyW0Zn0Tb704,No Milk Today,Herman's Hermits,1966,,Band
27rdGxbavYJeBphck5MZAF,Nothing Breaks Like a Heart (feat. Miley Cyrus),"Mark Ronson, Miley Cyrus",2018,,Band
27tNWlhdAryQY04Gb2ZhUI,Roar,Katy Perry,2013,,Solo
284PXSCD8lGtytVviIkts3,Walk In The Park,Nick Straker,1979,,Solo
28CbxqvoML43nJMU68VPx1,Hello (Turn Your Radio On),Shakespears Sister,1992,,Band
2Bh1bOO728itHij0vMBeHL,Ham kummst Single,Seiler und Speer,2015,,Band
2G1P5HoHl95ZWKmK4P9g47,Destiny,Jennifer Rush,1985,,Solo
2HHtWyy5CgaQbC7XSoOb0e,Eye of the Tiger,Survivor,1982,,Band
2II03llydk4YnkBBvoYB3B,Frozen,Madonna,1998,,Solo
2QTAl6K1dEwzOoPdkpZORX,Lucifer,The Alan Parsons Project,1979,,Band
2U2ByqoO82fnayaPzO4x2d,Lady In Black,Uriah Heep,1971,,Band
2YOuBWIyHgyvHnLMpjzBf2,Sunchyme,Dario G,1997,,Band
2eYjEQFSl43STOZZe86QgB,Mull Of Kintyre,Wings,1977,,Band
2gZlblsff9FKnhSIwB2ZsU,I'm Walkin',Fats Domino,1957,,Solo
2jxuI4zNuFKQfTryWQRq6M,Jeans On,David Dundas,1977,,Solo
2kKvwBX4Qsn1CpbqjtNyad,Love And Marriage,Frank Sinatra,1955,,Solo
2l3PcN960dFLwkWsFQSw0n,Dreams Are Ten A Penny,John Kincade,1972,,Solo
2l6M2T0qbI74GXd7MqQhbw,In Zaire,Johnny Wakelin,1976,,Solo
2lCrZBgfL1lrp7eOcIqReF,Children,Robert Miles,1995,,Solo
2mTHOerIGzhdTOm1pgW4kf,Living To Love You,Sarah Connor,2005,,Solo
2n3ERDAyw57jX3iLZfADse,Fürstenfeld,S.T.S,1984,,Band
2obblQ6tcePeOEVJV6nEGD,Cat's in the Cradle,Harry Chapin,1974,,Solo
2wz5weI4PREzpexKfrKgwv,Sweet Dreams,La Bouche,1994,,Band
36NX19wOQQEYyULfnuLnWc,Hang on Sloopy,The McCoys,1965,,Band
38LgksKBjt5aes7nlOXPIL,Fairytale Gone Bad,Sunrise Avenue,2006,,Band
391TUcoPonqYykPkSZ5Z9U,Save the Last Dance for Me,The Drifters,1960,,Band
3Cm2bgwzocxsB5sD6g8VSL,Foot Of The Mountain,a-ha,2009,,Band
3F4JxbEkur9ZXAtQ5GFVXB,Suburbia,Pet Shop Boys,1986,,Band
3Fe3L3N5pGaa0BBT4eVypZ,Like The Way I Do,Melissa Etheridge,1988,,Solo
3FhNJaCNypOAnZccdYGAWN,Supergirl,Reamonn,2000,,Band
3G0ENKW9vzV0SuYKaWFflI,Nikita,Elton John,1985,,Solo
3SZkTTibswLaKIEyEfaAFM,Far Far Away,Slade,1974,,Band
3WC5LdwnX8zs2gyqgtXxS7,Paranoid,Black Sabbath,1970,,Band
3ZZq9396zv8pcn5GYVhxUi,Down Under,Men At Work,1981,,Band
3ZffCQKLFLUvYM59XKLbVm,Wake Me up When September Ends,Green Day,2004,,Band
3clsCV1f1E9u1Fge9ntulk,Alejandro,Lady Gaga,2009,,Solo
3dZHWv3IsAQLzAr7FLJoJA,Bello e impossibile,Gianna Nannini,1986,,Solo
3i6qNxyVgIdUZTTi5m25EM,Bitch,Meredith Brooks,1997,,Solo
3i78L3PrYSUoz9PhNbm9wb,Maria Magdalena,Sandra,1985,,Solo
3oEkrIfXfSh9zGnE7eBzSV,The Winner Takes It All,ABBA,1980,,Band
3qE6p9fN4YeILT0cQcY1cD,Holding Out for a Hero,Bonnie Tyler,1984,,Solo
3tS8q8SXxtrYSN8UgeQt6q,Bad,Michael Jackson,1995,,Solo
3z8h0TU7ReDPLIbEnYhWZb,Bohemian Rhapsody,Queen,1975,,Band
476V2d6iA2tWXgQboKmTtA,Father And Son,Yusuf / Cat Stevens,1970,,Band
4AstOWewI6yGeMh6ysWFCW,If You Believe,Sasha,1998,,Solo
4EA4ybyDidKtkER5IhasZe,You Came,Kim Wilde,1988,,Solo
4EdOyT1E50Nhnv6dGOmIT4,Powerless (Say What You Want),Nelly Furtado,2003,,Solo
4Hn14NabX651eOOzsLL8Uc,How Do You Do!,Roxette,1992,,Band
4IwOkUNrbkZRGZmYeY7XOO,Almost Lover,A Fine Frenzy,2007,,Solo
4KFM3A5QF2IMcc6nHsu3Wp,Englishman In New York,Sting,1987,,Solo
4LxrmBgBLQc2oU60r6cBPW,Wild World,Mr. Big,1993,,Band
4N6R6yqkFUTyF3AYOdR0T7,Heavy Cross,Gossip,2009,,Band
4SAHTVRe6EBhgAOWl49yPf,World of Our Own,Westlife,2001,,Band
4WoKuMjwJXuy9IqX6AH5JE,People Are People,Depeche Mode,1984,,Band
4Wr14AISsCuBGdkA6rids4,Fly Robin Fly,Silver Convention,1975,,Band
4bCOAuhvjsxbVBM5MM8oik,When We Stand Together,Nickelback,2011,,Band
4bzBPrGYD3fQfAadLgIiwT,Let Her Go,Passenger,2012,,Solo
4cktbXiXOapiLBMprHFErI,Memories,Maroon 5,2019,,Band
4rcHWl68ai6KvpXlc8vbnE,Keep on Loving You,REO Speedwagon,1980,,Band
4t1fWWJQs5V9YErfsrDslC,Cryin',Aerosmith,1993,,Band
4t9EUCjCPbdfqtOH25k8AU,Moviestar,Harpo,1975,,Solo
4tfLFDGypUWad5AT6772If,Beautiful Madness,Michael Patrick Kelly,2020,,Solo
4wYCe9tSmUolNU4WmJKbZy,Stay Another Day,East 17,1994,,Band
50PeqUz1BjMw9ayNTk5O4d,I've Been Thinking About You,Londonbeat,1990,,Band
54CAG8n70kKVbFV6l1zF4G,Adiemus,"Karl Jenkins, Mike Ratledge, Jody K. Jenkins, Adiemus, London Philharmonic Orchestra, Mary Carewe",1995,,Band
54OoOYiMFZbt0m4KPW66GJ,The Sound of Musik,Falco,1986,,Solo
57TaM8GozkJBz90xvQ1xME,Living Next Door to Alice,Smokie,1976,,Band
59uopHNpuKcozG1GQlZOiY,The Last Unicorn,America,1982,,Band
5ATFGyF7RbheJ76neYI55u,Hey! Baby,Bruce Channel,1962,,Solo
5GsHS1Yfp3o0NzaJW9SQNQ,No Roots,Alice Merton,2017,,Solo
5J3Mf6dyqeGy67yuQ7ql9B,I Want To Hold Your Hand,The Beatles,1963,,Band
5LLRo6dCGxg4PZmtSqNzrZ,Human,Rag'n'Bone Man,2017,,Solo
5MmWgG5KgiqSxkOZdVXRQA,Why Does It Always Rain On Me?,Travis,1999,,Band
5MoDQWMDMaAGDEiWsJfeCi,Eternal Flame,"The Bangles, Susanna Hoffs",1989,,Band
5OHUTC4EvTbL0DuZQRIGGX,A Groovy Kind of Love,Phil Collins,1988,,Solo
5Ohxk2dO5COHF1krpoPigN,Sign of the Times,Harry Styles,2017,,Solo
5OsHWD22P4lg2wP58C6mCw,HALLO KLAUS (I wü zruck zu Dir) ZRUCK ZU DIR (Hallo Klaus),Nickerbocker & Biene,1982,,Band
5UUtkgpCWxV9JtQP8iqOzy,An guten Tagen,Johannes Oerding,2019,,Solo
5UcMexhqzhHXwGvYuA6kVj,Crying At the Discoteque,Alcatraz,2012,,Band
5YSI1311X8t31PBjkBG4CZ,Wuthering Heights,Kate Bush,1978,,Solo
5hkDVHllJDgj4ynguaT2Ax,Word Of Mouth,Mike + The Mechanics,1991,,Band
5lSOVaPDk7x9Ey6c9DqGZx,Sweet Harmony,The Beloved,1993,,Band
5o5U2r5F3ojvkhLSqRbY1Y,The One and Only,Chesney Hawkes,1991,,Solo
62LJFaYihsdVrrkgUOJC05,Kiss,Prince,1986,,Solo
69RH84na5iUNwrwxpgjC5j,Where Did Our Love Go,The Supremes,1964,,Band
69sRLJM4Wy2ykLs92f7prG,Run,"Leona Lewis, Steve Robson, Paul Beard, Jon Garrison, Karl Brazil, Luke Potashnick",2008,,Band
6LefIBy3hzTN6Yd1m81gpC,A New Day Has Come,Céline Dion,2002,,Solo
6O20JhBJPePEkBdrB5sqRx,Diamonds,Rihanna,2012,,Solo
6O7nMW8pIAk8m9ub6azaF9,Secret Love,Bee Gees,1991,,Band
6RJK553YhstRzyKA4mug09,The Letter,The Box Tops,1967,,Band
6ek9SiEj5a65WIs2EV7qiM,Son Of A Preacher Man,Dusty Springfield,1969,,Solo
6k6j3ZUljY1QLTMbc8VqB0,Ballroom Blitz,Sweet,1973,,Band
6mYrhCAGWzTdF8QnKuchXM,If I Could Turn Back Time,Cher,1989,,Solo
6sn3FHCq2csvNkq2h9Au8V,The Riddle,Nik Kershaw,1984,,Solo
6ucR4KfvsBFWCMVFDvyKKl,Apologize,"Timbaland, OneRepublic",2007,,Band
6yl8Es1tCYD9WdSkeVLFw4,You Shook Me All Night Long,AC/DC,1980,,Band
71CXzHYYOyNqgtVFpNdeCS,I'd Love You to Want Me,Lobo,1972,,Solo
734t1GgKDg0Nc19tqxlJ0s,Patience,Take That,2006,,Band
76TZCvJ8GitQ2FA1q5dKu0,The Boxer,Simon & Garfunkel,1970,,Band
78PKCefXwDLbl4FVO1Pjzh,Dreamer,Ozzy Osbourne,2001,,Solo
7CKbqqrs0AS1si1ZgaQdcj,Angels,Robbie Williams,1997,,Solo
7DnAm9FOTWE3cUvso43HhI,Sweet but Psycho,Ava Max,2018,,Solo
7FS541dJh3iQAEXEZoDhE6,Twistin' the Night Away,Sam Cooke,1962,,Solo
7IBff7ScohvP2pdfHR6YLE,Love Is A Shield,Camouflage,1989,,Band
7ItZM6DMZE2m1X7yIaRxjq,C’Mon Everybody,Eddie Cochran,1958,,Solo
7MiLmLbwNoyf47xQ4TCVYp,Papa Was A Rollin' Stone,The Temptations,1972,,Band
7bOYOD0d7ByMTXvJnQVl8d,Maria,Blondie,1999,,Band
7dp45uA0Ws4TadWaMwdIRw,Se bastasse una canzone,Eros Ramazzotti,1990,,Solo
7kWaNdfYcumoC1cgFmhkSo,Ain't No Sunshine,Bill Withers,1971,,Solo
7nm8w9dMwTjlWDosdnxBSn,Video Killed The Radio Star,The Buggles,1979,,Band
7nuBU1HCcOwG5f1orN4ByW,A Night Like This,Caro Emerald,2010,,Solo
7tVEeTbzEJkHP0EqUu6rmf,Mamma Maria,Ricchi E Poveri,1982,,Band

----------------------
Platinum Edition
----------------------

00Mb3DuaIH1kjrwOku9CGU,Sk8er Boi,Avril Lavigne,2002,,Solo
02RbmzVSbkxJVIqMNx47uY,Who's Johnny,El DeBarge,1986,,Solo
02XnQdf7sipaKBBHixz3Zp,Paparazzi,Lady Gaga,2008,,Solo
04bQwUsZXNj8iFPg67orvF,Tsunami,"DVBBS, Borgeous",2013,,Band
06JokgprGDKrtZ1eP6z2CQ,Take Good Care Of My Baby,Bobby Vee,1962,,Solo
06PdA0DLgF4BfAeUNZAbFG,Blueberry Hill,Fats Domino,1956,,Solo
06TuMCjDEYjTOJScCRzmjf,Don't Let Go (Love),En Vogue,1997,,Band
06hsdMbBxWGqBO0TV0Zrkf,Cotton Eye Joe,Rednex,1994,,Band
07K4GcCDSTiXUF5ssyTRUM,The Sweet Escape,"Gwen Stefani, Akon",2006,,Band
08GOw3NsrJ0LsCCeyqzt3b,Thank You For The Music,ABBA,1977,,Band
09OpntwPHuNICsyEt1ETpE,Lullaby,The Cure,1989,,Band
0A9mHc7oYUoCECqByV8cQR,Animals,Martin Garrix,2013,,Solo
0AH6WMe3OlAlUb5miXt2FQ,Only Girl (In The World),Rihanna,2010,,Solo
0AQqrtK1pULuwZUXhwaaDz,All By Myself,Eric Carmen,1975,,Solo
0B9x2BRHqj3Qer7biM3pU3,You're The One That I Want,"John Travolta, Olivia Newton-John",1978,,Band
0C3Q3ifKJXdvfzNISw6JXK,Our House,Madness,1982,,Band
0EUhmjEAQApjjbss7S8h1F,Unpretty,TLC,1999,,Band
0F7FA14euOIX8KcbEturGH,Old Town Road,Lil Nas X,2019,,Solo
0G21yYKMZoHa30cYVi1iA8,Welcome To The Jungle,Guns N' Roses,1987,,Band
0GONea6G2XdnHWjNZd6zt3,Summer Of '69,Bryan Adams,1984,,Solo
0JiY190vktuhSGN6aqJdrt,So What,P!nk,2008,,Solo
0OsWMTxDjtpmJjX43113oq,The Reflex,Duran Duran,1984,,Band
0PDUDa38GO8lMxLCRc4lL1,PILLOWTALK,ZAYN,2016,,Solo
0Ph6L4l8dYUuXFmb71Ajnd,Livin' la Vida Loca,Ricky Martin,1999,,Solo
0Q0IVlqMV64kNLlwjPj0Hl,Killing Me Softly With His Song,"Fugees, Ms. Lauryn Hill",1996,,Band
0Qh38w01QRXK6KHIv0e3hb,What About Us,P!nk,2017,,Solo
0R03f3Axt495bkgGhivLEe,What Goes Around...Comes Around,Justin Timberlake,2006,,Solo
0RnCUYXa7jhgTXtiMXF2PQ,You Make Me Feel (Mighty Real),Sylvester,1978,,Solo
0TMrV95mP7sDlvbE4iVfKP,Be-Bop-A-Lula,"Gene Vincent & His Blue Caps, Gene Vincent",1956,,Band
0TzbmxnYrlMV6dEln2l9nb,Happy Ending,MIKA,2007,,Solo
0UERoCKd24PKovd4BwRzBQ,It Takes Two,"Marvin Gaye, Kim Weston",1966,,Band
0UaMYEvWZi0ZqiDOoHU3YI,Lose Control (feat. Ciara & Fat Man Scoop),"Missy Elliott, Ciara, Fatman Scoop",2005,,Band
0VjIjW4GlUZAMYd2vXMi3b,Blinding Lights,The Weeknd,2020,,Solo
0XHWClSz0v6RIaRSGqJH3X,Smoke on the Water,Deep Purple,1972,,Band
0XSTOKFdWPXlAEliq17XRw,Die Young,Sheppard,2019,,Band
0XvOoNb9zZOwFIOM0mwbiq,I Wanna Be the Only One (feat. Bebe Winans),"Eternal, Bebe Winans",1997,,Band
0YN4BbP8czMk6QiL62qnWT,Jesus He Knows Me,Genesis,1991,,Band
0ZWYwiWvH6fjRo2ie519Sj,Goodnight Saigon,Billy Joel,1982,,Solo
0aPaGIX2QIMAH5SMp0VEMe,The Most Beautiful Girl In the World,Prince,1995,,Solo
0bMbDctzMmTyK2j74j3nF3,"Alone, Pt. II","Alan Walker, Ava Max",2019,,Band
0cbFre6QguzhyLoBqhxr1z,Whole Lotta Shakin' Going On,Jerry Lee Lewis,1957,,Solo
0ctgmKdlPY8xx41wY339Da,Stumblin' In,"Chris Norman, Suzi Quatro",1978,,Band
0dRcFOOCdwbEMFLeibJhxV,Island In The Sun,Harry Belafonte,1957,,Solo
0e8nrvls4Qqv5Rfa2UhqmO,THATS WHAT I WANT,Lil Nas X,2021,,Solo
0e9yNhxYfJul6sQ8Cizr1B,The Climb,Miley Cyrus,2009,,Solo
0fYXsPPFHXY5GeTLuMYbQK,"Shame, Shame, Shame",Shirley & Company,1975,,Band
0gPQTLaqHDgdupKEok7J2x,7 Days,Craig David,2000,,Solo
0hiUOCWNdPefjaEAjcJ8Cq,It's Alright,East 17,1992,,Band
0iGckQFyv6svOfAbAY9aWJ,Hot N Cold,Katy Perry,2008,,Solo
0ire4j2mcGovF5JA1D2cTp,Don't Leave Me This Way (with Sarah Jane Morris),"The Communards, Sarah Jane Morris",1986,,Band
0mflMxspEfB0VbI1kyLiAv,Stick Season,Noah Kahan,2022,,Solo
0n2nEtLP3OzDdi12ziIekx,SOS,"Avicii, Aloe Blacc",2019,,Band
0n2pjCIMKwHSXoYfEbYMfX,You Are The Sunshine Of My Life,Stevie Wonder,1972,,Solo
0ntQJM78wzOLVeCUAW7Y45,Sex on Fire,Kings of Leon,2008,,Band
0p9kp28VdoiuIxgzkzhZLU,Ain't Got No (I Got Life),Nina Simone,1968,,Solo
0qRR9d89hIS0MHRkQ0ejxX,Rich Girl,Daryl Hall & John Oates,1976,,Band
0snPJPxkk0MbTc0xeUvAPt,Dancing On The Ceiling,Lionel Richie,1986,,Solo
0v9kGNjkKdQUdDoBIuiph4,My Prerogative,Bobby Brown,1988,,Solo
0vWUhCPxpJOJR5urYbZypB,Hypnotized,"Purple Disco Machine, Sophie and the Giants",2020,,Band
0y1mX0LxNwSMRPXWutJOJu,abcdefu,GAYLE,2023,,Solo
0yJvWbn8xQKiDZ84VN5lQG,"De Do Do Do, De Da Da Da",The Police,1980,,Band
0yfNXxlyXdmP0ue1iJijx1,Come Undone,Duran Duran,1993,,Band
0zjB7ewBWnMgQDMQpFzt92,Year 3000,Busted,2002,,Band
1058fW9H3fZA6QjYCdOBad,Don't Go Yet,Camila Cabello,2021,,Solo
10I09MLZCY4pK37XxAfkw0,True,Spandau Ballet,1983,,Band
11LmqTE2naFULdEP94AUBa,Heart-Shaped Box,Nirvana,1993,,Band
14MgTooapmJdLlEMAr2zAM,Dilemma (feat. Kelly Rowland),"Nelly, Kelly Rowland",2002,,Band
1789Nv2WZXHDuhwdZ0jqHZ,Overcome,Live,2001,,Band
17OqI90oTFZ3J8PVu6j07V,Voulez-Vous,ABBA,1979,,Band
17phhZDn6oGtzMe56NuWvj,Lose Control,Teddy Swims,2023,,Solo
18AXbzPzBS8Y3AkgSxzJPb,In The Air Tonight,Phil Collins,1981,,Solo
18GiV1BaXzPVYpp9rmOg0E,Blowin' in the Wind,Bob Dylan,1963,,Solo
18QuuMKFKOBZPRtt2G2qBU,Que sera mi vida,Gibson Brothers,1979,,Band
1A6Kwtsg3JWKU2KWM2udpM,I'm Not In Love,10cc,1975,,Band
1BbZJplex0pifLjhuhoaK5,Patricia,Pérez Prado,1958,,Solo
1BkY0N8ChFk2mdLbAUu8ZK,Pass The Dutchie,Musical Youth,1982,,Band
1DFdbWXLe4D2MHvBfIPQKQ,Rikki Don't Lose That Number,Steely Dan,1974,,Band
1DIXPcTDzTj8ZMHt3PDt8p,Gangsta's Paradise,"Coolio, L.V.",1995,,Band
1Dr1fXbc2IxaK1Mu8P8Khz,When I Come Around,Green Day,1994,,Band
1Ehdm1PDlKrdfyBsjwEvd1,Top Of The World,Carpenters,1972,,Band
1EzrEOXmMH3G43AXT1y7pA,I'm Yours,Jason Mraz,2008,,Solo
1FQ0ecMZMI3ArhcJQPROFP,First Time,Robin Beck,1988,,Solo
1H4idkmruFoJBg1DvUv2tY,Band On The Run ,"Paul McCartney, Wings",1973,,Band
1H5tvpoApNDxvxDexoaAUo,Who Let The Dogs Out,Baha Men,2000,,Band
1HLegA4MSL8HYheQaZLefi,Après toi,Vicky Leandros,1972,,Solo
1I6q6nwNjNgik1Qe8Oi0Y7,Do You Really Want To Hurt Me,Culture Club,1982,,Band
1Jaah2tmN9Hv81A87KZ1MU,Torn,Natalie Imbruglia,1997,,Solo
1KZyVnyptQcPzkx7ELCnZC,Hold Back The River,James Bay,2015,,Solo
1OxDEvjPoQrNhZ5c3tTxSu,Don't Cry For Me Argentina,"Julie Covington, Andrew Lloyd Webber, Tim Rice",1976,,Band
1P17dC1amhFzptugyAO7Il,Look What You Made Me Do,Taylor Swift,2017,,Solo
1PYpdnXFzFO4VM5K8G4PCu,"Yeh, Yeh",Georgie Fame & The Blue Flames,1964,,Band
1PckUlxKqWQs3RlWXVBLw3,About Damn Time,Lizzo,2022,,Solo
1QQiyD0aFC9h0UrNBdm1yX,Stop,"Sam Brown, Pete Brown",1988,,Band
1QnvpPFP4Q3FHbDchqWiWy,Airplanes (feat. Hayley Williams of Paramore),"B.o.B, Hayley Williams",2010,,Band
1RKUoGiLEbcXN4GY4spQDx,Clint Eastwood,"Gorillaz, Del The Funky Homosapien",2001,,Band
1RmgLVx1f90AuMnqRHZS5j,Come Back and Stay,Paul Young,1983,,Solo
1VdZ0vKfR5jneCmWIUAMxK,The A Team,Ed Sheeran,2011,,Solo
1YIWYzMq84I46LmgX1vpye,Do You Know the Way to San Jose,Dionne Warwick,1968,,Solo
1YYhDizHx7PnDhAhko6cDS,"Take Me Home, Country Roads",John Denver,1971,,Solo
1b6AW6uDrtrUN0Y6GJR45j,(I Can't Get No) Satisfaction,The Rolling Stones,1965,,Band
1bWrJnsvHCo8vsXWaatWIs,The Promise You Made,Cock Robin,1985,,Band
1ctdfJSzp6qF2iDAVdDrfl,About You Now,Sugababes,2007,,Band
1d2eMMrAuIsw85u3YklKoc,Toosie Slide,Drake,2020,,Solo
1eZYPl1jqsPG2IeVenCIwb,Showing Out (Get Fresh At the Weekend),Mel & Kim,1986,,Band
1eqGYJJr2z2GXK1i0hD3BC,Love Letters In The Sand,Pat Boone,1957,,Solo
1exLL81vN8mD55M9HMOt1t,Nothing's Gonna Change My Love For You,Glenn Medeiros,1986,,Solo
1gVgkQFOKa8Wc1HYsJtPdH,More Than Words,Extreme,1990,,Band
1hGy2eLcmC8eKx7qr1tOqx,Beautiful Girls,Sean Kingston,2007,,Solo
1hQFF33xi8ruavZNyovtUN,"December, 1963 (Oh What a Night!)",The Four Seasons,1975,,Band
1hwJKpe0BPUsq6UUrwBWTw,Boulevard of Broken Dreams,Green Day,2004,,Band
1jUA4rb6ZCv4gby4YU53xq,No Air (feat. Chris Brown),"Jordin Sparks, Chris Brown",2007,,Band
1jc24HfkDT31GLKlxesuZl,How 'Bout Us,Champaign,1981,,Band
1jzWQHcMT8rxvgUjUiqGIH,When I Get You Alone,Robin Thicke,2002,,Solo
1kgdslQYmeTR4thk9whoRw,Tears in Heaven,Eric Clapton,1992,,Solo
1kuGVB7EU95pJObxwvfwKS,vampire,Olivia Rodrigo,2023,,Solo
1lZSR5NKeNGuCPSTNL7BhW,A Guy Is a Guy,Doris Day,1952,,Solo
1lbXEepatjRVjoG8pZMtdp,Dreams,Fleetwood Mac,1977,,Band
1lfjTOtTRUDkzcmahA4lcs,I'll Be There for You,The Rembrandts,1995,,Band
1lqMLr9Wj7SM2F9AikGcxN,Hurricane,Bob Dylan,1976,,Solo
1mXuMM6zjPgjL4asbBsgnt,Firework,Katy Perry,2010,,Solo
1mea3bSkSGXuIRvnydlB5b,Viva La Vida,Coldplay,2008,,Band
1nrackcWUBo87xecPgry2G,Millennium,Robbie Williams,1998,,Solo
1oYYd2gnWZYrt89EBXdFiO,Message In A Bottle,The Police,1979,,Band
1qPbGZqppFwLwcBC1JQ6Vr,Wonderwall,Oasis,1995,,Band
1r9QBciQVM1BnW72cQUA4R,Lay Back in the Arms of Someone,Smokie,1977,,Band
1r9xUipOqoNwggBpENDsvJ,Enemy (with JID),"Imagine Dragons, JID, Arcane, League of Legends",2021,,Band
1reVP49LT6RsV6kYY9lTZz,MMMBop,Hanson,1997,,Band
1rfofaqEpACxVEHIZBJe6W,Havana (feat. Young Thug),"Camila Cabello, Young Thug",2018,,Band
1u0l8zWpQeMYStFkc2mLD7,Everywhere,Michelle Branch,2001,,Solo
1u8c2t2Cy7UBoG4ArRcF5g,Blank Space,Taylor Swift,2014,,Solo
1uRKT2LRANv4baowBWHfDS,(We're Gonna) Rock Around The Clock,Bill Haley & His Comets,1955,,Band
1yg7fwwYmx9DQ2TdXUmfpJ,Holding Back the Years,Simply Red,1985,,Band
20I6sIOMTCkB6w7ryavxtO,Call Me Maybe,Carly Rae Jepsen,2012,,Solo
2194qvQmG0I2yFuSKdDdi4,All My Life,K-Ci & JoJo,1997,,Band
21cp8L9Pei4AgysZVihjSv,Child in Time,Deep Purple,1970,,Band
21qnJAMtzC6S5SESuqQLEK,Pump Up The Jam,Technotronic,1989,,Band
228BxWXUYQPJrJYHDLOHkj,Gasolina,Daddy Yankee,2004,,Solo
22VdIZQfgXJea34mQxlt81,Can't Feel My Face,The Weeknd,2015,,Solo
22sLuJYcvZOSoLLRYev1s5,Material Girl,Madonna,1985,,Solo
2374M0fQpWi3dLnB54qaLX,Africa,TOTO,1982,,Band
265Anh9hGoozFigjUVLUeD,New Shoes,Paolo Nutini,2007,,Solo
26p6GNIQfv9koDVD4rTouu,Blue Bayou,Roy Orbison,1963,,Solo
27QvYgBk0CHOVHthWnkuWt,Vogue,Madonna,1990,,Solo
27u7t9d7ZQoyjsCROHuZJ3,Tick Tock (feat. 24kGoldn),"Clean Bandit, Mabel, 24kGoldn",2020,,Band
294ii3rwz6bTJ2XMn5BDu0,Sugar Baby Love,The Rubettes,1974,,Band
2AP52g6U0MijxNHjlaB3Qa,Itsy Bitsy Teeny Weeny Yellow Polka Dot Bikini,Brian Hyland,1960,,Solo
2AtBXRPCZhtIqSGF5ap33B,Anything,3T,1995,,Band
2EBCVPNAG46nbgs6jXPGvv,Starships,Nicki Minaj,2012,,Solo
2G0GextMwZJLkNxcSZ7ZJ3,(What A) Wonderful World,Sam Cooke,1960,,Solo
2GgxS8bUT5G25QJTsfSv0R,Burn,Ellie Goulding,2014,,Solo
2IGMVunIBsBLtEQyoI1Mu7,Paint The Town Red,Doja Cat,2023,,Solo
2IfE8FhnPPEBSS4rL1qhBb,Heartbreak Hotel,Elvis Presley,1956,,Solo
2L93TdW2GMue1H2zlkt30F,Suzanne,Leonard Cohen,1967,,Solo
2LXjhNee4iPRVemx9NSZQ3,Vienna,Ultravox,1980,,Band
2LawezPeJhN4AWuSB0GtAU,Have You Ever Seen The Rain,Creedence Clearwater Revival,1970,,Band
2NQhQlcVAcDRN3jf6FDTlm,Year of the Cat,Al Stewart,1976,,Solo
2PlI7o2iEjMytXSVPPiKbl,Sugar Me,Lynsey De Paul,1973,,Solo
2QfiRTz5Yc8DdShCxG1tB2,Johnny B. Goode,Chuck Berry,1959,,Solo
2QqbBVwpyJn7SL7thga35w,Tonight,New Kids On The Block,1990,,Band
2QsoVMTKj5m5kgztTOep98,Hey Baby,"No Doubt, Bounty Killer",2001,,Band
2RChe0r2cMoyOvuKobZy44,Always,Bon Jovi,1994,,Band
2RlgNHKcydI9sayD2Df2xp,Mr. Blue Sky,Electric Light Orchestra,1977,,Band
2SpEHTbUuebeLkgs9QB7Ue,Jolene,Dolly Parton,1974,,Solo
2UbVnbE5FH6008mAm6Mmgw,Run,OneRepublic,2021,,Band
2WElktskrNJEwgpp5Vouxk,I'm Too Sexy,Right Said Fred,1992,,Band
2XbwFs07dfm2MGQuYmRMZT,Rapper's Delight,The Sugarhill Gang,1979,,Band
2YWjW3wwQIBLNhxWKBQd16,Lean On,"Major Lazer, DJ Snake, MØ",2015,,Band
2aEeghgUcnu75tzcolFMfs,La Bamba,Ritchie Valens,1959,,Solo
2aibwv5hGXSgw7Yru8IYTO,Snow (Hey Oh),Red Hot Chili Peppers,2006,,Band
2bbeNsFmjZqdoDhjLsKNWe,Bailamos,Enrique Iglesias,1999,,Solo
2bzBI23EJWHjXmGj3xlYaM,It's Raining Again,Supertramp,1982,,Band
2cOUlop2ZakjOKe4WinesN,Slow Hands,Niall Horan,2017,,Solo
2dbaIpJoAk2hhrrX2ljKJo,Surfin' U.S.A.,The Beach Boys,1963,,Band
2dpO3NteNWUDL2S9e0t0Mi,Make Me Smile (Come up and See Me),"Steve Harley, Steve Harley & Cockney Rebel",1975,,Band
2fTsFCKRFQ5M0igJgabnLA,Price Tag,"Jessie J, B.o.B",2011,,Band
2goLsvvODILDzeeiT4dAoR,Believe,Cher,1998,,Solo
2grjqo0Frpf2okIBiifQKs,September,"Earth, Wind & Fire",1978,,Band
2i0AUcEnsDm3dsqLrFWUCq,Tonight Tonight,Hot Chelle Rae,2011,,Band
2iUXsYOEPhVqEBwsqP70rE,Youngblood,5 Seconds of Summer,2018,,Band
2iXcvnD3d1gfLBum0cE5Eg,Tutti Frutti,Little Richard,1955,,Solo
2lgz3yy1AyoceOVOOBmiOS,Stickwitu,The Pussycat Dolls,2005,,Band
2ltpYs0O8uNesHFgGHg0bt,('Til) I Kissed You,The Everly Brothers,1960,,Band
2m1hi0nfMR9vdGC8UcrnwU,All The Small Things,blink-182,1999,,Band
2mTiKaGdMPA4wfOGGUroE5,When a Man Loves a Woman,Percy Sledge,1966,,Solo
2nGFzvICaeEWjIrBrL2RAx,Put Your Records On,Corinne Bailey Rae,2006,,Solo
2ptt0Eftq3b2jElTRrctrT,Stuck,Stacie Orrico,2003,,Solo
2sX7lJXsOYGP1Us6CqM9t1,Little Bit of Love,Tom Grennan,2021,,Solo
2uqYupMHANxnwgeiXTZXzd,Austin (Boots Stop Workin'),Dasha,2024,,Solo
2yBVeksU2EtrPJbTu4ZslK,What a Fool Believes,The Doobie Brothers,1978,,Band
2ytwDkF0RLOi6qL2uJ2cQG,Licence To Kill,Gladys Knight,1989,,Solo
2zYzyRzz6pRmhPzyfMEC8s,Highway to Hell,AC/DC,1979,,Band
315aBOUD3xtj7sUMXtRgMV,In The Stars,Benson Boone,2022,,Solo
31AOj9sFz2gM0O3hMARRBx,Losing My Religion,R.E.M.,1991,,Band
31bf9SEOppLU6lQ85d8om6,Ghetto Supastar (That is What You Are) (feat. Ol' Dirty Bastard & Mýa),"Pras, Ol' Dirty Bastard, Mýa",1998,,Band
31er9IGsfFbwqy1pH4aiTP,I Have Nothing,Whitney Houston,1992,,Solo
33I3oS8UkebR3KRvqxD9X0,Close To You,Maxi Priest,1990,,Solo
33IQnmtJYjCcrvUUMQgi80,Fight For This Love,Cheryl,2009,,Solo
34GmTxmlK3TGlmqYCbcQKT,Cooler Than Me,"Mike Posner, Gigamesh",2010,,Band
34K7nU8EWQIRI93RfqhdRJ,Brown Sugar,The Rolling Stones,1971,,Band
359CiGkSa8dE8vsqd67IWL,Vaya Con Dios,"Les Paul, Mary Ford",1953,,Band
37R0bQOQj5a7DOqh1TGzvB,One Call Away,Charlie Puth,2016,,Solo
37ZJ0p5Jm13JPevGcx4SkF,Livin' On A Prayer,Bon Jovi,1986,,Band
37mk7t1x4VmKmmqgRU8E2w,Sunrise,Simply Red,2003,,Band
38GqIQ4RVkat91RnQrLJYP,Love Is In The Air,John Paul Young,1977,,Solo
39shmbIHICJ2Wxnk1fPSdz,Should I Stay or Should I Go,The Clash,1982,,Band
3CBgnToo7AtvvgdxiVvUz6,He Wasn't Man Enough,Toni Braxton,2000,,Solo
3Dq2FHZ73hBUG815MoapQu,Men In Black,Will Smith,1997,,Solo
3EFb1qDgIqf9MegIryKtDj,"Monday, Monday",The Mamas & The Papas,1966,,Band
3G69vJMWsX6ZohTykad2AU,One,U2,1991,,Band
3Gf5nttwcX9aaSQXRWidEZ,Ride Wit Me,"Nelly, City Spud",2000,,Band
3Ik70XpNvyJ3wV3dxPw90w,Don't Stop The Music,Yarbrough & Peoples,1980,,Band
3N4DI1vuTSX1tz7fa2NQZw,Rehab,Amy Winehouse,2006,,Solo
3NJKI4cwlSBuTYNmDoRVb3,My Baby Just Cares for Me,Nina Simone,1958,,Solo
3OWcWJz1c0pIc6L3IDDhpP,Knock You Down,"Keri Hilson, Kanye West, Ne-Yo",2009,,Band
3PQLYVskjUeRmRIfECsL0X,No Woman No Cry,Bob Marley & The Wailers,1974,,Band
3PfIrDoz19wz7qK7tYeu62,Don't Start Now,Dua Lipa,2020,,Solo
3PkvYP6223QO3xlW2THd1x,Would I Lie To You?,Charles & Eddie,1992,,Band
3PzsbWSQdLCKDLxn7YZfkM,I'm On Fire,Bruce Springsteen,1984,,Solo
3QPbpts7SUadpe02WjdLPH,My Friend The Wind,Demis Roussos,1973,,Solo
3QigOeWryUCP56I1IlTB9x,Leave (Get Out),JoJo,2004,,Solo
3QksrtI9VFCBHWA4rgvcV8,"Theme From New York, New York",Frank Sinatra,1980,,Solo
3RVFcKmgDFuYeYIdxBXK8K,Can't Stay Away from You,Gloria Estefan,1987,,Solo
3SFXsFpeGmBTtQvKiwYMDA,Pretty Fly (For A White Guy),The Offspring,1998,,Band
3SJPRPwpF0MTFKPrshBeKM,All Kinds of Everything,Dana,1970,,Solo
3SdTKo2uVsxFblQjpScoHy,Stand By Me,Ben E. King,1962,,Solo
3UpS7kBnkVQYG13pDDFTC4,As Long as You Love Me,Backstreet Boys,1997,,Band
3Vr3zh0r7ALn8VLqCiRR10,Stargazing,Myles Smith,2024,,Solo
3WSyYBhLZRLbQo2tJgFvSR,Sleeping Satellite,Tasmin Archer,1992,,Solo
3X2DWkLXNVGCMxB23Zeg7I,Master Blaster (Jammin'),Stevie Wonder,1980,,Solo
3XG7bMVcMWLIn2k9jLAaAt,King Of The Road,Roger Miller,1965,,Solo
3XTefle3zvDkjgS1Fiq14A,Insomnia,Faithless,1995,,Band
3XY0oIVf2roUFIwkzjBgwt,I Only Wanna Be with You,Bay City Rollers,1976,,Band
3YVPpVJvJG2EauXurPA90F,Tell It to My Heart,Taylor Dayne,1988,,Solo
3Z2tPWiNiIpg8UMMoowHIk,We Are The World,U.S.A. For Africa,1985,,Band
3ZFTkvIE7kyPt6Nu3PEa7V,Hips Don't Lie (feat. Wyclef Jean),"Shakira, Wyclef Jean",2005,,Band
3aJlgysR26p6rToB9zBi69,Crazy About Her,Rod Stewart,1989,,Solo
3b1L5YvC0jtVtVwZJGpxIh,Layla,Derek & The Dominos,1970,,Band
3bC1ahPIYt1btJzSSEyyrF,Whistle,Flo Rida,2012,,Solo
3bNv3VuUOKgrf5hu3YcuRo,Someone Like You,Adele,2011,,Solo
3d9DChrdc6BOeFsbrZ3Is0,Under the Bridge,Red Hot Chili Peppers,1991,,Band
3dkIE8P7hvl3tHl9KSb6dA,"Non, je ne regrette rien",Édith Piaf,1960,,Solo
3e9HZxeyfWwjeyPAMmWSSQ,"thank u, next",Ariana Grande,2019,,Solo
3gIwZZv9V6tgtwCcCkw6Z6,Two Can Play That Game,Bobby Brown,1992,,Solo
3hb2ScEVkGchcAQqrPLP0R,Photograph,Nickelback,2005,,Band
3iHzKA9HlXf5wsGdsrsnSA,Forget Me,Lewis Capaldi,2023,,Solo
3iSws76HjaU7k49EqJVTfF,"Sugar, Sugar",The Archies,1969,,Band
3iw6V4LH7yPj1ESORX9RIN,Wellerman,"Nathan Evans, 220 KID",2021,,Band
3jGTua1brraVUrUOioMqLS,Babe,Take That,1993,,Band
3l3xTXsUXeWlkPqzMs7mPD,End Of The Road,Boyz II Men,1991,,Band
3ldG6XCLDXxWg1N6XhrSKo,Shy Guy,Diana King,1995,,Solo
3nqQXoyQOWXiESFLlDF1hG,Unholy (feat. Kim Petras),"Sam Smith, Kim Petras",2022,,Band
3nvuPQTw2zuFAVuLsC9IYQ,Nothing Compares 2 U,Sinéad O'Connor,1990,,Solo
3qjXFLKMp4zfMmugEGPaBx,I'm Alive,Céline Dion,2002,,Solo
3rUGC1vUpkDG9CZFHMur1t,greedy,Tate McRae,2023,,Solo
3swiDsJoKHqkmd1Ty0eQ9o,This Is Not America (with The Pat Metheny Group),"David Bowie, Pat Metheny Group",1985,,Band
3tP0kdmWRSqmJAt4nR3ykw,Mississippi,Pussycat,1976,,Band
3unsLiH5FXmaDWtT5Imolu,Fallin',Alicia Keys,2001,,Solo
3vSn1frPgFcRXrjWOfhMLl,Be My Lover,La Bouche,1995,,Band
3vZMkLS1jP7NdNhzqGfUSW,Ben,Michael Jackson,1972,,Solo
3vjQt1znaFEnX3PBXsgtVc,Next To Me,Emeli Sandé,2012,,Solo
3xl7PsO7Hzuig6To9FgDm6,Left Outside Alone,Anastacia,2004,,Solo
3yfqSUWxFvZELEM4PmlwIR,The Real Slim Shady,Eminem,2000,,Solo
40bm28QcJT5My540ymSQ2y,Untouched,The Veronicas,2007,,Band
41AE8ODX2JETBCa6muhSLY,Heart Of Glass,Blondie,1979,,Band
41L3O37CECZt3N7ziG2z7l,Yummy,Justin Bieber,2020,,Solo
4255amV4enzl28KAn16rUO,Are You With Me,Lost Frequencies,2014,,Solo
4356Typ82hUiFAynbLYbPn,DJ Got Us Fallin' In Love (feat. Pitbull),"USHER, Pitbull",2010,,Band
44BmNSqH9uZV5OfIjGcER3,River Deep,Ike & Tina Turner,1966,,Band
44JITu0xanJn3TLMQZJw0G,She's Not There,Santana,1977,,Band
45Ia1U4KtIjAPPU7Wv1Sea,Are You Gonna Go My Way,Lenny Kravitz,1993,,Solo
46xkXPGjR9Ig9BcaTUNus3,Your Song,Rita Ora,2018,,Solo
49sFew6AZ9ItgmIHCcabm0,Big Log,Robert Plant,1983,,Solo
4B0JvthVoAAuygILe3n4Bs,What Do You Mean?,Justin Bieber,2015,,Solo
4BFMQ15vXr626UOoZL8bUI,(I've Had) The Time of My Life,"Bill Medley, Jennifer Warnes",1987,,Band
4BbxSTDqfnX76DtwZLHuJb,The Boy Does Nothing,Alesha Dixon,2008,,Solo
4BycBftNAIjZQr0smhqDBy,A Brand New Day (Everybody Rejoice),Diana Ross,1978,,Solo
4DEAiNBvq5yBy7NzpVc02h,Georgia on My Mind,Ray Charles,1960,,Solo
4Dq749x2QP6OXTURJ9GGY8,The Tears Of A Clown,Smokey Robinson & The Miracles,1967,,Band
4E6cwWJWZw2zWf7VFbH7wf,Love Song,Sara Bareilles,2007,,Solo
4F2t297QK40XFcIHqkmLHs,I Wish It Would Rain Down,Phil Collins,1989,,Solo
4FUNMAuSJbxKI6vnpWtajt,Samson And Delilah,Middle Of The Road,1972,,Band
4HlFJV71xXKIGcU3kRyttv,"Hey, Soul Sister",Train,2010,,Band
4I7DV3MIgxJGlObiy9s6nx,That Don't Impress Me Much,Shania Twain,1999,,Solo
4LJcNiq2pBb8OeqrGdBJQw,I'm Sorry,Brenda Lee,1960,,Solo
4LiJE6pqgsTX3FtukW6bNh,Release Me,Agnes,2008,,Solo
4N5s8lPTsjI9EGP7K4SXzB,Green Green Grass,George Ezra,2022,,Solo
4OSBTYWVwsQhGLF9NHvIbR,Rolling in the Deep,Adele,2011,,Solo
4OjJAGDDZTLlTNeOMBl7UM,Volare (Nel Blu di Pinto di Blu),Gipsy Kings,1989,,Band
4P0osvTXoSYZZC2n8IFH3c,Payphone,"Maroon 5, Wiz Khalifa",2012,,Band
4PFAm88FBkY7IFtvCaGctZ,Breakaway,Kelly Clarkson,2004,,Solo
4PLRzGDnoCp7zQP2w6nwIY,Tous les garçons et les filles,Françoise Hardy,1962,,Solo
4Puh2M4qWDAY5qYMdIYic1,I Won't Let You Down,Ph.D.,1982,,Band
4QHfFzsVXbLewUmI2UMel5,I've Seen That Face Before (Libertango),Grace Jones,1981,,Solo
4QlzkaRHtU8gAdwqjWmO8n,Friday I'm In Love,The Cure,1992,,Band
4R4JeB3NRZbCLM1mlq1WjB,Running In The Family,Level 42,1989,,Band
4RCWB3V8V0dignt99LZ8vH,Hey There Delilah,Plain White T's,1987,,Band
4S1VYqwfkLit9mKVY3MXoo,Forever Young,Alphaville,1984,,Band
4SDWMFvYJKtK1QPhIOeZhd,Royals,Lorde,2013,,Solo
4TsmezEQVSZNNPv5RJ65Ov,Pon de Replay,Rihanna,2005,,Solo
4UzVcXufOhGUwF56HT7b8M,My Immortal,Evanescence,2003,,Band
4Vqd7MuPVrciqRS3EzhKWb,She Wants To Move,N.E.R.D,2004,,Band
4VrWlk8IQxevMvERoX08iC,Chandelier,Sia,2014,,Solo
4W5RTgMacKQ42dloD2nAul,Just A Little,Liberty X,2002,,Band
4WMBl2wiGUSGa5C7tfQEAo,Doin' It,"LL COOL J, Leshaun",1995,,Band
4ZiDhG5Ift5I6reAEOBBec,Sweet Nothin's,Brenda Lee,1960,,Solo
4bHsxqR3GMrXTxEPLuK5ue,Don't Stop Believin',Journey,1981,,Band
4bO6DljpuAeQh6HS20i0I5,Money For Nothing,Dire Straits,1985,,Band
4cVHMHgmWgudD399ZdhQ3L,Let's Dance,David Bowie,1983,,Solo
4d4yVNYVwxrNsy5ukJ4QTJ,My Old Piano,Diana Ross,1980,,Solo
4d6eqRtpDX7tydHJGDZUBQ,She Drives Me Crazy,Fine Young Cannibals,1988,,Band
4dT3qLUU6fFUmomLzk2cUA,Freedom! '90,George Michael,1990,,Solo
4eGHlplaq1ME8oetnTuFFf,Soul Man,Sam & Dave,1967,,Band
4f4RRYN3R7glPElFjeoUnC,The Night Chicago Died,Paper Lace,1974,,Band
4fIWvT19w9PR0VVBuPYpWA,Haven't Met You Yet,Michael Bublé,2009,,Solo
4fixebDZAVToLbUCuEloa2,Womanizer,Britney Spears,2008,,Solo
4h4AEqy0iBbjdlbtWvIx5O,Get Get Down,Paul Johnson,1999,,Solo
4hLk7Bjz1XJWNDiqovvgBW,Sylvia's Mother,Dr. Hook,1972,,Band
4hQ6UGyWQIGJmHSo0J88JW,Back To You,Selena Gomez,2018,,Solo
4jRJWlkCn3pAwezfqFODU3,For Your Eyes Only,Sheena Easton,1981,,Solo
4l0RmWt52FxpVxMNni6i63,you broke me first,Tate McRae,2021,,Solo
4lLtanYk6tkMvooU0tWzG8,Grenade,Bruno Mars,2010,,Solo
4n8iSiSWRdaSeSpJMbdk9O,Jessie,Joshua Kadison,1993,,Solo
4o9Kj7onklt6xbYl3jVArp,Dance Little Sister,Sananda Maitreya,1987,,Solo
4oGTdOClZUxcM2H3UmXlwL,Ironic,Alanis Morissette,1995,,Solo
4oJxJpFIGUHlX6limr6rH1,Power to All Our Friends,Cliff Richard,1972,,Solo
4oPNN7syJYSjzDhRerF966,Untitled (How Does It Feel),D'Angelo,2000,,Solo
4pkb8SbRGeHAvdb87v9rpf,Miles On It,"Marshmello, Kane Brown",2024,,Band
4poybupy26pTWPr9zY1i7h,Some Say,Nea,2019,,Solo
4pt5fDVTg5GhEvEtlz9dKk,I WANNA BE YOUR SLAVE,Måneskin,2021,,Band
4qjrCkcVbsYlitCqbBkeKe,Colors Of The Wind,Vanessa Williams,1995,,Solo
4qu63nuBpdn0qHUHuObEj1,Leave Before You Love Me (with Jonas Brothers),"Marshmello, Jonas Brothers",2021,,Band
4t1fWWJQs5V9YErfsrDslC,Cryin',Aerosmith,1993,,Band
4tCtwWceOPWzenK2HAIJSb,Work from Home (feat. Ty Dolla $ign),"Fifth Harmony, Ty Dolla $ign",2016,,Band
4u7ZqpIkq2sDdQD22JOFLZ,ABC,The Jackson 5,1970,,Band
4uUG5RXrOk84mYEfFvj3cK,I'm Good (Blue),"David Guetta, Bebe Rexha",2022,,Band
4umQbcdBF3YVsNBvvnFLiX,A Good Heart,Feargal Sharkey,1985,,Solo
4v7DCN09hgXkKazefkznDQ,Lonely,Akon,2005,,Solo
4vOo9fdrahQHyfdyE1J06w,Girl I'm Gonna Miss You,Milli Vanilli,1989,,Band
4vl2zwXsTmAxgu9iY0g6UK,I Don't Want to Be,Gavin DeGraw,2003,,Solo
4w1lzcaoZ1IC2K5TwjalRP,A Thousand Miles,Vanessa Carlton,2002,,Solo
4w3tQBXhn5345eUXDGBWZG,9 to 5,Dolly Parton,1980,,Solo
4y1LsJpmMti1PfRQV9AWWe,Girls Just Want to Have Fun,Cyndi Lauper,1983,,Solo
4ypMF4LbWGUbnamCqJc5RO,Drill Instructor,Captain Jack,1996,,Band
4zYTZvtcww7OWKie7fxA9E,Hit 'Em Up Style (Oops!),Blu Cantrell,2001,,Solo
4zoZQvmST8gliv9S9L8lUw,Please Don't Go,KC & The Sunshine Band,1979,,Band
527BVezmvYjbc4JlVJW4Xj,No Time To Die,Billie Eilish,2021,,Solo
53QF56cjZA9RTuuMZDrSA6,I Won't Give Up,Jason Mraz,2012,,Solo
53W8npbWVQo61IR8R88pra,Papaoutai,Stromae,2013,,Solo
53tPmr0FCq9hDWnBTUCa0d,One Day I'll Fly Away,Randy Crawford,1980,,Solo
57RGKNBUbfIBqMFEfE8CxK,Buona sera,"Louis Prima, Louis Prima Sextet",1956,,Band
57ct8jKi6trntXiRV0NnXi,If You Could Read My Mind,Gordon Lightfoot,1970,,Solo
5AhRNIjYPBleR1lfHphcrE,The Edge of Heaven,Wham!,1986,,Band
5AoBNJQDXXEnIJGjJjZu3y,Just Another Day,Jon Secada,1992,,Solo
5CQ30WqJwcep0pYcV4AMNc,Stairway to Heaven,Led Zeppelin,1971,,Band
5CdJveJgiGXoGwDFqF6afp,Freak Me,Silk,1992,,Band
5ChkMS8OtdzJeqyybCc9R5,Billie Jean,Michael Jackson,1982,,Solo
5D2mYZuzcgjpchVY1pmTPh,Candy Shop,"50 Cent, Olivia",2005,,Band
5E4jBLx4P0UBji68bBThSw,Another Love,Tom Odell,2013,,Solo
5HVqftYQ37bJx3y0SI4obk,Lily Was Here (feat. Candy Dulfer),"Dave Stewart, Candy Dulfer",1990,,Band
5HrVgmO1govSOrPUehW1VV,On My Own,"Patti LaBelle, Michael McDonald",1986,,Band
5I4xjdu4DeKUNMiufzQLoA,Big Big World,Emilia,1998,,Solo
5IKLwqBQG6KU6MP2zP80Nu,We Are Family,Sister Sledge,1979,,Band
5IVuqXILoxVWvWEPm82Jxr,Crazy In Love (feat. JAY-Z),"Beyoncé, JAŸ-Z",2003,,Band
5Ihd9HrPvOADyVoonH9ZjB,Un-Break My Heart,Toni Braxton,1996,,Solo
5K52YrogiliMuDnh8uYNOc,You Won't Find Another Fool Like Me,The New Seekers,1974,,Band
5LFzj73ZwSep0377OQj4bp,Circle of Life,Elton John,1994,,Solo
5MVW8uIuNuL7CQ0RyyogHI,"Get Up, Stand Up",Bob Marley & The Wailers,1973,,Band
5N3hjp1WNayUPZrA8kJmJP,Please Please Please,Sabrina Carpenter,2024,,Solo
5NN5MQyE3Lo91zAEHpGa7S,Two Tribes,Frankie Goes To Hollywood,1984,,Band
5Nm9ERjJZ5oyfXZTECKmRt,Stay With Me,Sam Smith,2014,,Solo
5OhwfIapBiHdIkxscQAcmq,Save Your Kisses for Me,Brotherhood of Man,1976,,Band
5QTxFnGygVM4jFQiBovmRo,(Don't Fear) The Reaper,Blue Öyster Cult,1976,,Band
5RzFJd6W40SDTyZkX6xx45,I Know You Want Me (Calle Ocho),Pitbull,2009,,Solo
5SIVWg2sHKAuHAXOelNS0m,King of My Castle,Wamdue Project,1999,,Solo
5T0FdfvcOuzsRsQhcbWAH8,Jeanny,Falco,1985,,Solo
5UIq2zbapMbSU7Z2SEq8j0,Crazy,Patsy Cline,1961,,Solo
5UU5FbITNm5OunvHQdsKME,"When the Going Gets Tough, The Tough Get Going",Billy Ocean,1985,,Solo
5VsGMpbqdtvCY2G080KdcH,Still Got The Blues,Gary Moore,1990,,Solo
5WfyQanwCqp5Qc6TkTfyoO,Nightshift,Commodores,1985,,Band
5X8kkUaUlAyAUr9TYqDFTH,All For You,Janet Jackson,2001,,Solo
5YZuePCawcrg0DJrWovPu7,Witch Doctor,Cartoons,1998,,Band
5YbgcwHjQhdT1BYQ4rxWlD,Don't Worry Be Happy,Bobby McFerrin,1988,,Solo
5YjKdeES9QRJ8NmF4Xc8pV,All I Wanna Do Is Make Love To You,Heart,1990,,Band
5ZSl6gDoV6bPPxzmLeneV9,Rise,"Jonas Blue, Jack & Jack",2018,,Band
5eTaQYBE1yrActixMAeLcZ,Miracle (with Ellie Goulding),"Calvin Harris, Ellie Goulding",2023,,Band
5eZcaAVCwEAmqP4b9cZAZf,If I Let You Go,Westlife,1999,,Band
5haXbSJqjjM0TCJ5XkfEaC,I Got You (I Feel Good),James Brown & The Famous Flames,1966,,Band
5mgCMlxQW7fmHbrdJuowbB,Hero,Mariah Carey,1993,,Solo
5o0osRx8kYJTOqlOSggr9Z,Carry You Home,Alex Warren,2024,,Solo
5p9XWUdvbUzmPCukOmwoU3,Suddenly I See,KT Tunstall,2005,,Solo
5qyq1H5OPMlfuvZQ1wQNo7,(Your Love Keeps Lifting Me) Higher & Higher,Jackie Wilson,1967,,Solo
5t2gSYVvBV9kH4t7Czertq,There You'll Be,Faith Hill,2001,,Solo
5tf1VVWniHgryyumXyJM7w,Sugar (feat. Francesco Yates),"Robin Schulz, Francesco Yates",2015,,Band
5tmkX2fJ7KUAnMz3W1ibEr,Manchild,Neneh Cherry,1989,,Solo
5uQ7de4EWjb3rkcFxyEOpu,Belong Together,Mark Ambor,2024,,Solo
5ubvP9oKmxLUVq506fgLhk,Stayin Alive,Bee Gees,1977,,Band
5vNRhkKd0yEAg8suGBpjeY,APT.,"ROSÉ, Bruno Mars",2024,,Band
5vVZaiK2mIL9WE1GWikOE6,Down Down,Status Quo,1975,,Band
5w1ingzqrsJka9nlnEFB64,Nights In White Satin,The Moody Blues,1967,,Band
5w40ZYhbBMAlHYNDaVJIUu,Chemical,Post Malone,2023,,Solo
5xQr5TxQ77siaKfuyiJbT0,Hands Up,Ottawan,1980,,Band
5xl5582IihbEZAnfj0xyso,Straight Up,Paula Abdul,1988,,Solo
5zCJvrT3C7cIfHsR5iG95l,Lean on Me,Bill Withers,1972,,Solo
60L8m3PCDp0cTytHjUe0qW,Pump up the Volume,M/A/R/R/S,1987,,Band
623ZeL2lWuz5v03TVkRBZa,Private Dancer,Tina Turner,1984,,Solo
62eAoNfrrS84177LOzJMQx,Papa Loves Mambo,Perry Como,1954,,Solo
648TTtYB0bH0P8Hfy0FmkL,Unforgettable,Nat King Cole,1951,,Solo
65jrjEhWfAvysKfnojk1i0,Under the Boardwalk,The Drifters,1964,,Band
6713iRkhqG9dOF0JIfzAdo,Do That To Me One More Time,Captain & Tennille,1979,,Band
69XUpOpjzDKcfdxqZebGiI,Independent Women,Destiny's Child,2001,,Band
6B6aCxSBsECsulzOkJRxGv,If You're Not The One,Daniel Bedingfield,2002,,Solo
6D8y7Bck8h11byRY88Pt2z,Houdini,Dua Lipa,2024,,Solo
6DSvUZQdqtNfkJI4cAiUsM,The Twist,Chubby Checker,1960,,Solo
6GYqOflskcZxPj8rkTZkOy,That's Amore,Dean Martin,1953,,Solo
6HMvJcdw6qLsyV1b5x29sa,Hello,Lionel Richie,1983,,Solo
6HxweNytuEQdmGeVtZPZz3,The Seed (2.0),"The Roots, Cody Chesnutt",2002,,Band
6MrILERJLA3Jcq0E9poZsp,Without You,Harry Nilsson,1971,,Solo
6O5PIO5pAWxdoxvaUFQ02G,Leader Of The Pack,The Shangri-Las,1964,,Band
6PbJ1H3yLkRLrQRsRbQOso,Hit Me with Your Rhythm Stick,"Ian Dury, The Blockheads",1978,,Band
6Q2pkSKuM08SDOuAS5amQD,The Great Pretender,The Platters,1955,,Band
6QfS2wq5sSC1xAJCQsTSlj,Shallow,"Lady Gaga, Bradley Cooper",2018,,Band
6R4pFpZdnsUCQDPFM33cn5,Angel Of Mine,Frank Duval,1980,,Solo
6RX5iL93VZ5fKmyvNXvF1r,Irreplaceable,Beyoncé,2007,,Solo
6ToFxXRBtl5TJFEyIoYK3f,Mirrors,Justin Timberlake,2013,,Solo
6UelLqGlWMcVH1E5c4H7lY,Watermelon Sugar,Harry Styles,2019,,Solo
6Up545NUflOiXo8cEraH49,You Say,Lauren Daigle,2018,,Solo
6V50MyHPGhEmwYu0Wdyf0t,The Way It Is,Bruce Hornsby and the Range,1986,,Band
6Vh03bkEfXqekWp7Y1UBRb,Live While We're Young,One Direction,2012,,Band
6VnpKLtfNH4Dk09YSGPSyR,It Ain't Over 'Til It's Over,Lenny Kravitz,1991,,Solo
6YffUZJ2R06kyxyK6onezL,Ring of Fire,Johnny Cash,1963,,Solo
6ZNw9Cnc85OeHZrjMAZJfY,Goodbye,Spice Girls,1998,,Band
6ajyEEzWZbw8ycDcJAN099,Cupid's Chokehold (Breakfast in America),Gym Class Heroes,2007,,Band
6bFsQ6yOp3z5mGNkhWP0P1,You Give Me Something,James Morrison,2006,,Solo
6bLopGnirdrilrpdVB6Um1,The Greatest,Sia,2016,,Solo
6dgWWAs5yhWPOtvE1zuoQ1,Big Girls Don't Cry (Personal),Fergie,2006,,Solo
6diFcq4UcYDlBeRVqOCWY1,Shut Up,Black Eyed Peas,2003,,Band
6fNhZRFEkBfgW39W3wKARJ,Pompeii,Bastille,2013,,Band
6h5PAsRni4IRlxWr6uDPTP,More Than You Know,"Axwell /\ Ingrosso, Axwell, Sebastian Ingrosso",2017,,Band
6habFhsOp2NvshLv26DqMb,Despacito,"Luis Fonsi, Daddy Yankee",2017,,Band
6iXQrhhgBisdfvS34EMTZ3,Mandy,Barry Manilow,1974,,Solo
6kEpjptnAwt11Atr4cEMe1,All Good Things (Come To An End),Nelly Furtado,2006,,Solo
6kTakcO9wwXh8tEqmJSV8h,"How Come, How Long (feat. Stevie Wonder)","Babyface, Stevie Wonder",1996,,Band
6l8EbYRtQMgKOyc1gcDHF9,Bridge Over Troubled Water,Simon & Garfunkel,1970,,Band
6lVmMpWAYOoRVOYxrkD0Qh,A Boy Named Sue,Johnny Cash,1969,,Solo
6mz1fBdKATx6qP4oP1I65G,Pony,Ginuwine,1996,,Solo
6naxalmIoLFWR0siv8dnQQ,Oops!...I Did It Again,Britney Spears,2000,,Solo
6nek1Nin9q48AVZcWs9e9D,Paradise,Coldplay,2011,,Band
6pWzCKTrKrwbUPzY8RLCoP,Rock Wit U (Awww Baby),Ashanti,2003,,Solo
6sby78fghipoXHQLeeZFFH,When Doves Cry,Prince,1984,,Solo
6tCe4Te0w9dtIDO68FpFUA,Boogie Nights,Heatwave,1977,,Band
6tNQ70jh4OwmPGpYy6R2o9,Beautiful Things,Benson Boone,2024,,Solo
6ucR4KfvsBFWCMVFDvyKKl,Apologize,"Timbaland, OneRepublic",2007,,Band
6vRDTaPLjpDAwj4ETixyeX,Funny Funny,Sweet,1971,,Band
6vcNJUWtUPB0hKC6VbZriY,San Francisco (Be Sure to Wear Flowers in Your Hair),Scott McKenzie,1967,,Solo
6w0ZI7XTlUq9fsrNLxfjNX,Can't Buy Me Love,The Beatles Greatest Hits Performed By The Frank Berman Band,2010,,Band
6wAV49hRfOiCTHztORMy8Y,Crush,Jennifer Paige,1998,,Solo
6wpGqhRvJGNNXwWlPmkMyO,I Still Haven't Found What I'm Looking For,U2,1987,,Band
6xatfNMI8NkY5XxRHAeiS4,Stand By Your Man,Tammy Wynette,1968,,Solo
6y0Etr2KJr0sdcEp7ajoUK,Cosmic Girl,Jamiroquai,1996,,Band
6zIfdCmmhPCX0cMquBsC37,Sweet Dreams (Are Made of This),"Eurythmics, Annie Lennox, Dave Stewart",1983,,Band
70eDxAyAraNTiD6lx2ZEnH,Ex's & Oh's,Elle King,2015,,Solo
72M1VRh6Qyq6nOIABIPtVw,Fading Like A Flower (Every Time You Leave),Roxette,1991,,Band
73141J8lIcoG8hw3IJVIpi,All For Love,"Bryan Adams, Sting, Rod Stewart",1993,,Band
745H5CctFr12Mo7cqa1BMH,My Girl,The Temptations,1965,,Band
76E0QcBrJSXr9wzAA8Xzgi,Yesterday,The Beatles Greatest Hits Performed By The Frank Berman Band,2010,,Band
78Ao7RI6XcqQLVA4UaFv8d,El Mismo Sol,"Alvaro Soler, Nils Faller",2015,,Band
78WVLOP9pN0G3gRLFy1rAa,Piano Man,Billy Joel,1973,,Solo
7982sGZuvo5OXsY6REzgIn,Boom Clap,Charli xcx,2014,,Solo
7A0apkTSTvMbSI7yplcmlh,Come on over Baby (All I Want Is You),Christina Aguilera,1999,,Solo
7BD50ATrF3Vab5FQy7vtK8,How Do I Live,LeAnn Rimes,1997,,Solo
7CHi4DtfK4heMlQaudCuHK,Lose Control,"MEDUZA, Becky Hill, Goodboys",2019,,Band
7DH5dXVuQaqcKf9oTy9oUN,He'll Have to Go,Jim Reeves,1960,,Solo
7Ewz6bJ97vUqk5HdkvguFQ,Heaven,Bryan Adams,1984,,Solo
7FDV5ELOJHCGLe52AnttEd,Angel,"Shaggy, Rayvon",2000,,Band
7GAaTpSoTWUTbP2Yxlt4Hd,Need You Now,Lady A,2010,,Band
7GZim9NjDWBBzSOIqSd0Hp,Goodnight Girl,Wet Wet Wet,1992,,Band
7HW5WIw7ZgZORCzUxv5gW5,Don't Go Breaking My Heart,"Elton John, Kiki Dee",1975,,Band
7INi4pMPG4IE0Smx5y4KVf,Easy Lover,"Philip Bailey, Phil Collins",1985,,Band
7ItZM6DMZE2m1X7yIaRxjq,C’Mon Everybody,Eddie Cochran,1958,,Solo
7J9pHOGy2F7KwIXAvqFB0p,Feel What You Want,Kristine W,1994,,Solo
7JJmb5XwzOO8jgpou264Ml,There's Nothing Holdin' Me Back,Shawn Mendes,2017,,Solo
7JZHsMxhcaRKug5kA0DmDE,Ein bisschen Frieden,Nicole,1982,,Solo
7KWoeBqSdZHEloYKVxssfG,In the Ghetto,Elvis Presley,1969,,Solo
7LqjznQwfrax7MjQXmxqdQ,Jenny from the Block (feat. Jadakiss & Styles P.),"Jennifer Lopez, Jadakiss, Styles P",2002,,Band
7a53HqqArd4b9NF4XAmlbI,Kings & Queens,Ava Max,2020,,Solo
7aQjPecQdIuNd1sz3KCDhD,Lovefool,The Cardigans,1996,,Band
7bYZBVrnRfqeaPbhRyEvK3,Thrift Shop (feat. Wanz),"Macklemore & Ryan Lewis, Macklemore, Ryan Lewis, Wanz",2012,,Band
7fbBhfx6KPy2pymlqIgqsa,I Can't Help Myself (I Love You I Want You),The Kelly Family,1996,,Band
7iAqvWLgZzXvH38lA06QZg,I Want To Break Free,Queen,1984,,Band
7iFdUmdqT9XrsJdSGf9KrX,Twist And Shout,The Isley Brothers,1962,,Band
7iWIdiJlKvJ4PjFYVrWLUU,Avalon,Roxy Music,1982,,Band
7kUyEpjTz8Q1loiC1xlF07,Rhinestone Cowboy,Glen Campbell,1975,,Solo
7kWaNdfYcumoC1cgFmhkSo,Ain't No Sunshine,Bill Withers,1971,,Solo
7o2CTH4ctstm8TNelqjb51,Sweet Child O' Mine,Guns N' Roses,1987,,Band
7ofV2J7Ndzo2s5NBEgfpxl,The Show Must Go On,Queen,1991,,Band
7pKfPomDEeI4TPT6EOYjn9,Imagine,John Lennon,1971,,Solo
7sZUHAC6nadme4EwrLe99Q,Summertime Sadness,Lana Del Rey,2012,,Solo
7vS3Y0IKjde7Xg85LWIEdP,Problem,"Ariana Grande, Iggy Azalea",2014,,Band
7wZUrN8oemZfsEd1CGkbXE,Bleeding Love,Leona Lewis,2007,,Solo
7ziHnshbknkpFLDW5yGBjO,Never Ever,All Saints,1997,,Band

----------------------
Battle of the Generations (2005-2025)
----------------------

068gYGqPLQwgIamRxqO4Oj,Something To Say,KANE,2005,,Band
073ILU1C3APNRGF66VhtyA,Liar,Camila Cabello,2019,,Solo
07nH4ifBxUB4lZcsf44Brn,Blame (feat. John Newman),"Calvin Harris, John Newman",2014,,Band
0DjZEPwIPJpSkL74PH6uux,Aanzoek Zonder Ringen,BLØF,2006,,Band
0FDzzruyVECATHXKHFs9eJ,A Sky Full of Stars,Coldplay,2014,,Band
0GNI8K3VATWBABQFAzBAYe,Stay,"Rihanna, Mikky Ekko",2012,,Band
0IktbUcnAGrvD03AWnz3Q8,Lucky,"Jason Mraz, Colbie Caillat",2008,,Band
0LtkAAEpEp1lkLX1ZvjHZb,Follow You,Imagine Dragons,2022,,Band
0N1sqwppd1BwhNdjcIDEG2,Blauwe Dag,Suzan & Freek,2019,,Band
0Qh38w01QRXK6KHIv0e3hb,What About Us,P!nk,2017,,Solo
0XXyGdcVEHZ6CnmAlNsqKl,This Ain't a Love Song,Scouting For Girls,2010,,Band
0aHgrqI4cLNRT6cVMVcPdb,Tranen Gelachen,Guus Meeuwis,2007,,Solo
0afhq8XCExXpqazXczTSve,Galway Girl,Ed Sheeran,2017,,Solo
0ct6r3EGTcMLPtrXHDvVjc,The Nights,Avicii,2014,,Solo
0e8nrvls4Qqv5Rfa2UhqmO,THATS WHAT I WANT,Lil Nas X,2021,,Solo
0iBWf9gz65kHxuQkZkrNUc,Love Myself,RONDÉ,2022,,Band
0iGckQFyv6svOfAbAY9aWJ,Hot N Cold,Katy Perry,2008,,Solo
0mUyMawtxj1CJ76kn9gIZK,Bad Day,Daniel Powter,2005,,Solo
0nJW01T7XtvILxQgC5J7Wh,When I Was Your Man,Bruno Mars,2012,,Solo
0vWUhCPxpJOJR5urYbZypB,Hypnotized,"Purple Disco Machine, Sophie and the Giants",2020,,Band
10Nmj3JCNoMeBQ87uw5j8k,Dani California,Red Hot Chili Peppers,2006,,Band
13cFJziN6qRk7ZBQ57DtZ4,Knocked Out,Trijntje Oosterhuis,2012,,Solo
15zJeVUmKFnbrxm9dxcxYD,Sorry I'm Here For Someone Else,Benson Boone,2025,,Solo
18Iki9GVYK7ytZGR9JBctL,Adrenaline,"Kris Kross Amsterdam, Ronnie Flex, Zoë Tauran",2022,,Band
195u5gKS4I6FZle04gw2aR,Ayo Technology,Milow,2009,,Solo
1FOIZ4BVCqXu12Crq9yAai,Paracetamollen,FLEMMING,2022,,Solo
1P17dC1amhFzptugyAO7Il,Look What You Made Me Do,Taylor Swift,2017,,Solo
1RkgroVbrTs8gFeHJ4znJt,Mannenharten,"Nielson, BLØF",2014,,Band
1bgKMxPQU7JIZEhNsM1vFs,Words (feat. Zara Larsson),"Alesso, Zara Larsson",2022,,Band
1fidCEsYlaVE3pHwKCvpFZ,Am I Wrong,Nico & Vinz,2014,,Band
1kuGVB7EU95pJObxwvfwKS,vampire,Olivia Rodrigo,2023,,Solo
1sh6lL6cmlcwhqZKGiKBua,I Could Be The One (Avicii Vs. Nicky Romero),"Avicii, Nicky Romero",2012,,Band
1u6LOWtdWA2wwa3CryIBsS,Another You,"Armin van Buuren, Mr. Probz",2015,,Band
1wIyr1y5wiWqo7nqbxHpWt,FRIENDS,"Marshmello, Anne-Marie",2018,,Band
1yJ5fyqBusR7Verj8JGsKV,Miss Independent,Ne-Yo,2008,,Solo
21avvmlLWna5CQMxSNDLL8,I Don't Need A Man,The Pussycat Dolls,2005,,Band
28qkNp9shSV8AQrBwxZf48,Dance with Somebody,Mando Diao,2009,,Band
2DhpQtdkezoUsSVNBTOLMg,Lil Craney,Kraantje Pappie,2018,,Solo
2FY7b99s15jUprqC0M5NCT,Natural,Imagine Dragons,2018,,Band
2K87XMYnUMqLcX3zvtAF4G,Drag Me Down,One Direction,2015,,Band
2NniAhAtkRACaMeYt48xlD,50 Ways to Say Goodbye,Train,2012,,Band
2SDx0PooHZI1SQKR0y44bs,Grace Kelly,MIKA,2006,,Solo
2UI9rmmINuXVWeOrprjWBy,Morgen Wordt Fantastisch,Acda en de Munnik,2023,,Band
2Y63yg1Lgdp96IoiZIvjKz,Do Or Die,"Jonna Fraser, Broederliefde",2016,,Band
2YlZnw2ikdb837oKMKjBkW,Like I'm Gonna Lose You (feat. John Legend),"Meghan Trainor, John Legend",2015,,Band
2YmJZWGcy0yONMCsEKOuVD,Overcome,Nothing But Thieves,2023,,Band
2Z8WuEywRWYTKe1NybPQEW,Ride,Twenty One Pilots,2015,,Band
2a3U3GTCvrcma7wetBtOpi,The Flood,Take That,2010,,Band
2bT1PH7Cw3J9p3t7nlXCdh,If I Can't Have You,Shawn Mendes,2019,,Solo
2i0AUcEnsDm3dsqLrFWUCq,Tonight Tonight,Hot Chelle Rae,2011,,Band
2qT1uLXPVPzGgFOx4jtEuo,no tears left to cry,Ariana Grande,2018,,Solo
2ql7wnYDF9eufAAIgVcKDQ,Kijk Omhoog,Nick & Simon,2007,,Band
2sX7lJXsOYGP1Us6CqM9t1,Little Bit of Love,Tom Grennan,2021,,Solo
2sgBTNHz9ckmqj3rx3ez4M,Ruby,Kaiser Chiefs,2007,,Band
2uWK6uBDfyg78xfiH1iiFP,Ella Elle L A,Kate Ryan,2008,,Solo
2z9FUHRkbkV4BObNzbHsFU,Born With a Broken Heart,Damiano David,2024,,Solo
2zOmS55knKWSgScYPTNmGQ,Sports car,Tate McRae,2025,,Solo
315aBOUD3xtj7sUMXtRgMV,In The Stars,Benson Boone,2022,,Solo
331l3xABO0HMr1Kkyh2LZq,I Don't Wanna Wait,"David Guetta, OneRepublic",2024,,Band
33IQnmtJYjCcrvUUMQgi80,Fight For This Love,Cheryl,2009,,Solo
33kAghr76hlYB40DUg4uoO,Outta Here,Esmée Denters,2009,,Solo
34dx8DACTJsc3rsJdaEIQw,Papaoutai,Stromae,2013,,Solo
34gCuhDGsG4bRPIf9bb02f,Thinking out Loud,Ed Sheeran,2014,,Solo
34xGLuxM0rkxhCVyMSqwJO,Stolen Dance,Milky Chance,2013,,Band
39cmB3ZoTOLwOTq7tMNqKa,Hear Me Now,"Alok, Zeeba, Bruno Martini",2016,,Band
3BntzKsnLf2pc0dsvE3Zav,Bad Dreams,Teddy Swims,2025,,Solo
3F9ByoUqu31xU0I3G5xfVg,Meet Me Halfway,Black Eyed Peas,2009,,Band
3G6hD9B2ZHOsgf4WfNu7X1,Team,Lorde,2013,,Solo
3H7ihDc1dqLriiWXwsc2po,Breaking Me,"Topic, A7S",2019,,Band
3P3pw6C19j31Rnzgo3JG7o,Perfect Strangers,"Jonas Blue, JP Cooper",2016,,Band
3SKH53SPQbEnZR4cJPVaz2,Messy,Lola Young,2024,,Solo
3SfD5SZnyWons9BQbfxkhu,Three Days In A Row,Anouk,2009,,Solo
3dhjNA0jGA8vHBQ1VdD6vV,I Feel It Coming,"The Weeknd, Daft Punk",2016,,Band
3gdPwk2wyOXNRnTA1KXnEr,Wish You The Best,Lewis Capaldi,2023,,Solo
3oL3XRtkP1WVbMxf7dtTdu,The One That Got Away,Katy Perry,2012,,Solo
3uUuGVFu1V7jTQL60S1r8z,Where Are You Now,"Lost Frequencies, Calum Scott",2021,,Band
3vjQt1znaFEnX3PBXsgtVc,Next To Me,Emeli Sandé,2012,,Solo
3vv9phIu6Y1vX3jcqaGz5Z,Roses,"The Chainsmokers, ROZES",2015,,Band
4356Typ82hUiFAynbLYbPn,DJ Got Us Fallin' In Love (feat. Pitbull),"USHER, Pitbull",2010,,Band
44JSreJxvgl3CxLo5MoQL0,Anyone For You (Tiger Lily),George Ezra,2022,,Solo
44aN5xKL3kGHvQ5bXVk6B8,Ghost Town,Adam Lambert,2015,,Solo
45EKfvWwZMfBT0jnjgRo5S,Hier Mag Alles,"Donnie, Marco Schuitmaker",2023,,Band
46kspZSY3aKmwQe7O77fCC,we can't be friends (wait for your love),Ariana Grande,2024,,Solo
48USW4aYqrylYWJmFPbC8A,Better Days,Dermot Kennedy,2021,,Solo
48td6xvpokdYwvbl3JIiXP,Love Never Felt So Good,"Michael Jackson, Justin Timberlake",2014,,Band
49FYlytm3dAAraYgpoJZux,Umbrella,"Rihanna, JAŸ-Z",2008,,Band
4Dm32oO01YpIubCHaAtKkN,My Life Would Suck Without You,Kelly Clarkson,2009,,Solo
4E63weMCaNZuGPEFMnuEi8,exes,Tate McRae,2023,,Solo
4NeOWqHmlrGRuBvsLJC9rL,My Love (feat. T.I.),"Justin Timberlake, T.I.",2006,,Band
4T6FWA703h6H7zk1FoSARw,New Light,John Mayer,2018,,Solo
4T6HLdP6OcAtqC6tGnQelG,Everything,Michael Bublé,2007,,Solo
4UrmmXStaqiT5sSC7QO6HK,Called Out In The Dark,Snow Patrol,2011,,Band
4gbVRS8gloEluzf0GzDOFc,Maps,Maroon 5,2014,,Band
4laAKIq9ZxBCwf99rauPYb,Remember,"Becky Hill, David Guetta",2021,,Band
4mFWIVsh5yJsLaaanQ8Hjr,Wil Je Niet Nog 1 Nacht,"Glennis Grace, Edwin Evers",2012,,Band
4r6bMqodL3zsAMQ44ojyjB,Do I Ever,Kensington,2016,,Band
4rHZZAmHpZrA3iH5zx8frV,Mirrors,Justin Timberlake,2013,,Solo
4tCtwWceOPWzenK2HAIJSb,Work from Home (feat. Ty Dolla $ign),"Fifth Harmony, Ty Dolla $ign",2016,,Band
4vrcVOWlA2B1pMAMmohaeL,Next To Me,Ilse DeLange,2010,,Solo
4wdXbGw7kzzIVx77dVToGq,Laura,Jan Smit,2007,,Solo
4z0J2qwLzLe1rXJPdzbe4p,Nine Million Bicycles,Katie Melua,2005,,Solo
57F80059mWaWFvWG3tBTbO,The Edge Of Glory,Lady Gaga,2011,,Solo
5D2mYZuzcgjpchVY1pmTPh,Candy Shop,"50 Cent, Olivia",2005,,Band
5HCyWlXZPP0y6Gqq8TgA20,STAY (with Justin Bieber),"The Kid LAROI, Justin Bieber",2021,,Band
5N3hjp1WNayUPZrA8kJmJP,Please Please Please,Sabrina Carpenter,2024,,Solo
5OhjkylPjKnmR7I2gnVNwz,Het Is Al Laat Toch,Racoon,2020,,Band
5QWzoNx10VjAFudZSHGxYF,Beat Me,Davina Michelle,2020,,Solo
5SxahezRlC0saXbCALfB7c,End of the World,Miley Cyrus,2025,,Solo
5TbzAWWc5eJaANpA9kfGCd,Love Me Again,John Newman,2013,,Solo
5b5cPscqVEMChvDqscVw26,Training Season,Dua Lipa,2024,,Solo
5jsw9uXEGuKyJzs0boZ1bT,Stitches,Shawn Mendes,2015,,Solo
5mFMb5OHI3cN0UjITVztCj,Rumour Has It,Adele,2011,,Solo
62pSYErgGri97X9aIyBzHm,Got 2 Luv U (feat. Alexis Jordan),"Sean Paul, Alexis Jordan",2012,,Band
64hayhfzodjwBrQcZ69SVp,Grijs,"Jaap Reesema, Beste Zangers",2022,,Band
65hRZOQkVjmBdusz1N7aOv,Save The World,Swedish House Mafia,2011,,Band
6Bjtr3tPdto5nyuLYf61sN,Cold Water (feat. Justin Bieber & MØ),"Major Lazer, Justin Bieber, MØ",2016,,Band
6Qs4SXO9dwPj5GKvVOv8Ki,Dancing With A Stranger (with Normani),"Sam Smith, Normani",2019,,Band
6Rb0ptOEjBjPPQUlQtQGbL,Hotel Room Service,Pitbull,2009,,Solo
6SKwQghsR8AISlxhcwyA9R,Marry You,Bruno Mars,2010,,Solo
6TWEilSWDg8dCyTDIRqb50,Pack Up,Eliza Doolittle,2010,,Solo
6bFsQ6yOp3z5mGNkhWP0P1,You Give Me Something,James Morrison,2006,,Solo
6cpk00i5TxCqSeqNi2HuIe,One More Night,Maroon 5,2012,,Band
6dgWWAs5yhWPOtvE1zuoQ1,Big Girls Don't Cry (Personal),Fergie,2006,,Solo
6jBUP2KCe821yqf1hiBqPR,Broken Strings,"James Morrison, Nelly Furtado",2008,,Band
6kex4EBAj0WHXDKZMEJaaF,Swalla (feat. Nicki Minaj & Ty Dolla $ign),"Jason Derulo, Nicki Minaj, Ty Dolla $ign",2017,,Band
6qqrTXSdwiJaq8SO0X2lSe,Ordinary,Alex Warren,2025,,Solo
6uBhi9gBXWjanegOb2Phh0,Stay,"Zedd, Alessia Cara",2017,,Band
6zdmJ79GtRfpJJdaDPECYm,Atlas,Pommelien Thijs,2025,,Solo
75YDgZm8pd929wRCcysmXs,Layla,Claude,2024,,Solo
76cy1WJvNGJTj78UqeA5zr,IDGAF,Dua Lipa,2017,,Solo
79z9QkhHePTFsSeVw9uyj0,Smile,Lily Allen,2006,,Solo
7DpR4yRisYpCy3zzSjH2S3,Kleur,Snelle,2021,,Solo
7Feaw9WAEREY0DUOSXJLOM,Summer Days (feat. Macklemore & Patrick Stump of Fall Out Boy),"Martin Garrix, Macklemore, Fall Out Boy",2019,,Band
7FsAFw1oZeTJUZmIzSh0cg,Underdog,Alicia Keys,2020,,Solo
7MTdv6v3vsmQcVfh7eIaks,Tripping,Robbie Williams,2005,,Solo
7dt6x5M1jzdTEt8oCbisTK,Better Now,Post Malone,2018,,Solo
7jk7gqyEonmVVYahZN5zhW,Circus,Britney Spears,2008,,Solo
7tW2Md8xOwnKPIYhCqPiU4,Echte Liefde Is Te Koop,Samuel Welten,2025,,Solo
7wZUrN8oemZfsEd1CGkbXE,Bleeding Love,Leona Lewis,2007,,Solo
7wrDrz4jvQIX8LYpIt7nVS,Try Again,Chef'Special,2017,,Band

----------------------
Battle of the Generations (1985-2004)
----------------------

00Mb3DuaIH1kjrwOku9CGU,Sk8er Boi,Avril Lavigne,2002,,Solo
00isIFJWVpXIQ8HkGICSQp,Together Forever,Rick Astley,1987,,Solo
00yGMQvlAQdjbm70DhApgX,Stars,Charly Lownoise & Mental Theo,1995,,Band
013AWvizllIUEC2FOBzOnh,Truly Madly Deeply,Savage Garden,1997,,Band
06DSI8L6IT8SizCw3JLckz,Cantaloop (Flip Fantasia),"Us3, Rahsaan, Gerard Presencer",1993,,Band
07itbZUgkAmBi4CEH5NniJ,I Got You Babe,"UB40, Chrissie Hynde",1985,,Band
0BCPKOYdS2jbQ8iyB56Zns,Clocks,Coldplay,2002,,Band
0BUoLE4o9eVahDHvTqak67,Unpretty,TLC,1999,,Band
0EUCogillesmMnk6H1N18e,Tell Her,Jim,2022,,
0OfOiFFvoNHH0Ph1rRZI8F,Faith,George Michael,1987,,Solo
0TaT50ZZxT4ytZxuqkE3A9,Why Can't This Be Love,Van Halen,1986,,Band
0XvOoNb9zZOwFIOM0mwbiq,I Wanna Be the Only One (feat. Bebe Winans),"Eternal, Bebe Winans",1997,,Band
0aPaGIX2QIMAH5SMp0VEMe,The Most Beautiful Girl In the World,Prince,1995,,Solo
0b71ZWopPmOHqVFZUetU2r,Have I Told You Lately,Van Morrison,1989,,Solo
0gzqZ9d1jIKo9psEIthwXe,Beautiful Day,U2,2000,,Band
0hyg6FOyYOpvQCD6UAqhT5,Alles Wat Ademt,Rob De Nijs,1985,,Solo
0vg4WnUWvze6pBOJDTq99k,You're Beautiful,James Blunt,2005,,Solo
17CPezzLWzvGfpZW6X8XT0,"Say You, Say Me",Lionel Richie,1986,,Solo
1EK5Z3jnZh1nHXPUXpaLhK,What If,Kate Winslet,2001,,Solo
1EKdQjHLQHgJ0LTJfVJAml,La tribu de Dana,Manau,1998,,Band
1J7gY69tfzHLCe5eP9BRZM,Something Got Me Started,Simply Red,1991,,Band
1KRtcWanxUsWBzwf7Hpnow,Open Sesame,Leila K,1993,,Solo
1KkMDJ0t4x1spuNNtSVUxd,The Magic Friend,2 Unlimited,1992,,Band
1SKPmfSYaPsETbRHaiA18G,Somewhere Only We Know,Keane,2004,,Band
1UI0l2L66HJ9AtoEOlHzv4,Sometimes,Britney Spears,1999,,Solo
1WrwmNLeltkG6BuXv2DEWS,Listen To Your Heart,Roxette,1988,,Band
1ak0S3NhwWrUgNlQhJ1412,Case Of The Ex (Whatcha Gonna Do),Mýa,2000,,Solo
1c9dnQbOzw01ID7X2IsYOE,Slave To Love,Bryan Ferry,1985,,Solo
1eZYPl1jqsPG2IeVenCIwb,Showing Out (Get Fresh At the Weekend),Mel & Kim,1986,,Band
1exLL81vN8mD55M9HMOt1t,Nothing's Gonna Change My Love For You,Glenn Medeiros,1986,,Solo
1f2V8U1BiWaC9aJWmpOARe,By the Way,Red Hot Chili Peppers,2002,,Band
1im50ACr2MyoalGIy7xgwb,I'm Your Baby Tonight,Whitney Houston,1990,,Solo
1pDhEcCl0d2SAQMKljdbys,Don't You Want Me,Felix,1992,,Solo
1t5nwfsb90IliczIhOMnpJ,In Your Eyes,Kylie Minogue,2002,,Solo
1v2zyAJrChw5JnfafSkwkJ,Shiny Happy People,R.E.M.,1991,,Band
1x8eR79qEHjqSRAeQzV8c2,Running In The Family,Level 42,1987,,Band
1xFliXOpcu7E89AsDAZ7JV,Breathe Again,Toni Braxton,1993,,Solo
29rQJydAlO0uMyWvRIZxQg,That's The Way Love Goes,Janet Jackson,1993,,Solo
2Bxt2qamL6iu0XN0Td484J,Virtual Insanity,Jamiroquai,1996,,Band
2IWYi4NJyJvhpJVjVs2pm8,Stop,"Sam Brown, Pete Brown",1988,,Band
2Jb5Qyy37fdGOTJ6iPYq1y,No Good (Start the Dance),The Prodigy,1994,,Band
2N2yrmodOnVF10mKvItC9P,Don't Cry,Guns N' Roses,1991,,Band
2RChe0r2cMoyOvuKobZy44,Always,Bon Jovi,1994,,Band
2VCB1IOc2oLUkat0YCkTZ6,Living On My Own,"Freddie Mercury, Serge Ramaekers, Carl Ward, Colin Peter",1985,,Band
2ZtW3QiRb7onIn7oIKAwz0,If Only I Could,Sydney Youngblood,1989,,Solo
2bCQHF9gdG5BNDVuEIEnNk,Smooth Criminal,Michael Jackson,1988,,Solo
2bbeNsFmjZqdoDhjLsKNWe,Bailamos,Enrique Iglesias,1999,,Solo
2hKdd3qO7cWr2Jo0Bcs0MA,Drops of Jupiter (Tell Me),Train,2001,,Band
2noVog0n7VfhjrGGVwZ2Bc,Mockin' Bird Hill,Roots Syndicate,1993,,Band
2oEZ9jvpMzPvcUJ0O64DVZ,Female Intuition,Mai Tai,1986,,Band
2p1Q9PCQWKrRDmbkuTS7hJ,Riding On a Train,The Pasadenas,1988,,Band
2rBHnIxbhkMGLpqmsNX91M,Bombtrack,Rage Against The Machine,1992,,Band
2stkLJ0JNcXkIRDNF3ld6c,You've Got a Friend in Me,Randy Newman,1995,,Solo
2wg6RV3N9GoUMURfhxMJ3P,Disappear,INXS,1990,,Band
2ydITGJdX7BlxYkGTw8yhG,'k Heb Je Lief,Paul de Leeuw,1997,,Solo
2ytwDkF0RLOi6qL2uJ2cQG,Licence To Kill,Gladys Knight,1989,,Solo
34oyuLfWrmAPXENXDa9kvX,Passie,Clouseau,1995,,Band
35PqgimtALGSq8qXpPRBej,Calling Out Your Name (Ruby),Rene Froger,2010,,Solo
35o9a4iAfLl5jRmqMX9c1D,Shape of My Heart,Backstreet Boys,2000,,Band
36AWdhZIGLUTkWpJDhe7va,2 Become 1,Spice Girls,1996,,Band
3CVDronuSnhguSUguPoseM,Thank U,Alanis Morissette,1998,,Solo
3G0ENKW9vzV0SuYKaWFflI,Nikita,Elton John,1985,,Solo
3G69vJMWsX6ZohTykad2AU,One,U2,1991,,Band
3LFdvM7nIV8t02zyhYLvJo,Pamela,TOTO,1988,,Band
3RMeOetCdXttthQK0clPuz,How Am I Supposed to Live Without You,Michael Bolton,1989,,Solo
3RmKpob8xzv1pzHEQrMJah,Let Me Blow Ya Mind,"Eve, Gwen Stefani",2001,,Band
3SD11QnefCc3RNfKzxKMmJ,Black Coffee,"All Saints, Mark Stent",2000,,Band
3UGZ4AOgmroUqylYW8pInf,Voorbij,Paul de Leeuw,1994,,Solo
3UqOctUc29tmCX8nEwFgUK,Typical Male,Tina Turner,1986,,Solo
3XVBdLihbNbxUwZosxcGuJ,If I Ain't Got You,Alicia Keys,2003,,Solo
3XrCuJyYlTUojYHbq9K6ls,In De Wolken,De Kast,1999,,Band
3bs3S4PjEJ5rCQ0Gv1Cu0b,Gabbertje,Hakkuhbar,1997,,Band
3ggUT6Xropj7QQZXo1zJPu,Saxuality,Candy Dulfer,1990,,Solo
3k5NqnsgMOcALqC563CTIF,Lost,Anouk,2005,,Solo
3l3xTXsUXeWlkPqzMs7mPD,End Of The Road,Boyz II Men,1991,,Band
3ldG6XCLDXxWg1N6XhrSKo,Shy Guy,Diana King,1995,,Solo
3xxBAMUVusDLjLFwwL9qoY,Always On The Run,Lenny Kravitz,1991,,Solo
4Fpsa3pYc3gozrxHRRPvR6,Ray of Light,Madonna,1998,,Solo
4QNkRMOrqBEac43cOcEx1w,Shape,Sugababes,2002,,Band
4QTO9eLRONw0rzOVWU4uB4,Are You That Somebody?,Aaliyah,1998,,Solo
4WY3HyGXsWqjFRCVD6gnTe,Baby Boy (feat. Sean Paul),"Beyoncé, Sean Paul",2003,,Band
4mVLzFbc3gaCoWCEENLouc,Domino Dancing,Pet Shop Boys,1988,,Band
4pV49P2v3sxI0XYjUTmOl1,Shalala Lala,Vengaboys,2000,,Band
4pmc2AxSEq6g7hPVlJCPyP,"Jumpin', Jumpin'",Destiny's Child,1999,,Band
4s0ly4JCeYGxcdoL5vGqqq,I Know,Birgit Schuurman,2001,,Solo
4tIKXIr0XklKhiA7kRUpQh,No More Boleros,Gerard Joling,1989,,Solo
4vgd8RzZl96CNvh6oP1FPv,Feest,K3,2002,,Band
4yOU9FaCmFFo2qfy1FHIe3,Désenchantée,Kate Ryan,2002,,Solo
50PeqUz1BjMw9ayNTk5O4d,I've Been Thinking About You,Londonbeat,1990,,Band
57KhrRvwNqwXNDdxfU3nqG,"The Second Waltz, Op. 99a","Dmitri Shostakovich, André Rieu, Johann Strauss Orchestra",1994,,Band
5EEsZl9wCWtPHXoi9I9PY7,James Brown Is Dead,L.A. Style,1991,,Band
5GorFaKkP2mLREQvhSblIg,All My Life,K-Ci & JoJo,1997,,Band
5I4xjdu4DeKUNMiufzQLoA,Big Big World,Emilia,1998,,Solo
5Ihd9HrPvOADyVoonH9ZjB,Un-Break My Heart,Toni Braxton,1996,,Solo
5IyD0833vUHAZG4w2TvsVq,Mooi Was Die Tijd,Corry Konings,1990,,Solo
5JsIknb4lyIKQCytjv0Uw5,Breakout,Swing Out Sister,1987,,Band
5JyIcktAtMpANKqCtEaX6y,Somebody Else's Lover,Total Touch,1996,,Band
5LGqFIVBf3ZUeFBpc87CFS,Life,Des'ree,1998,,Solo
5LjSxAIKwyZvQqJ04ZQ0Da,Something About The Way You Look Tonight,Elton John,1997,,Solo
5Phy3qS90Q5I8DGcTxmSIL,What's a Woman,Vaya Con Dios,1990,,Band
5WuVWOngcRkMOx9RRLCvui,The Tide Is High,Atomic Kitten,2003,,Band
5hRhmOl7l5FrpxZJQQp9WL,Why Can't I Be You?,The Cure,1987,,Band
5jSz894ljfWE0IcHBSM39i,Raspberry Beret,Prince,1985,,Solo
5lm5EvCbGivvXLjPwo8ffP,The Launch,DJ Jean,1999,,Solo
5t2gSYVvBV9kH4t7Czertq,There You'll Be,Faith Hill,2001,,Solo
5yaCquc7koPqtgj7v0lwHX,Waiting for Tonight,Jennifer Lopez,1999,,Solo
5yjubODuaXfjd7S8TaMrL6,Qualified,Loïs Lane,1992,,Band
60L8m3PCDp0cTytHjUe0qW,Pump up the Volume,M/A/R/R/S,1987,,Band
62vx6uOYO7PrqKqKTKg9RY,Sowing The Seeds Of Love,Tears For Fears,1989,,Band
66z4lL1mGmEfdJmRwlBSG0,Het Busje Komt Zo,Höllenboer,1995,,Band
68vgtRHr7iZHpzGpon6Jlo,My Boo,"USHER, Alicia Keys",2004,,Band
6ECp64rv50XVz93WvxXMGF,This Love,Maroon 5,2002,,Band
6HKChbfE5klrUMHo3NrqzX,Tell Him (Duet with Barbra Streisand),"Barbra Streisand, Céline Dion",1997,,Band
6IzmhQOhzgvo2tnRhYjAeO,Games People Play,Inner Circle,1994,,Band
6JY1IdkZGeIcPegKxjSKeb,Since U Been Gone,Kelly Clarkson,2004,,Solo
6MFQeWtk7kxWGydnJB2y36,These Words,Natasha Bedingfield,2004,,Solo
6OHW9xCPLGrnZIVpzWnwvj,Coming Home,Roméo,1998,,Solo
6XjGnmIM6rPdslUBUUphVL,Escapade,Janet Jackson,1989,,Solo
6ffbeFBtcHZxLpUYrhLn0H,Eenmaal kom je terug,Koos Alberts,1988,,Solo
6h6Ccbgvhibl2XQ0SQNR70,Say What You Want,Texas,1997,,Band
6odqYLwhDa4ui4uBCYLbK6,The Promised Land,Paul Elstak,1995,,Solo
6si71supnBUhddjR2FJc2L,White Flag,Dido,2003,,Solo
6tXnRSvuNgOq4QcxpIN54r,Weather With You,Crowded House,1991,,Band
6xkryXuiZU360Lngd4sx13,Fantasy,Mariah Carey,1995,,Solo
6yJxCltgtmGxIgKOS6ndnu,Greatest Love of All,Whitney Houston,1985,,Solo
70SUqMnl69mui5lpfebWJk,What Have I Done to Deserve This? (with Dusty Springfield),"Pet Shop Boys, Dusty Springfield",1987,,Band
742hY2twqAjwNYnKkQdilj,Strike It Up,Black Box,1991,,Band
76nvqWPFucUra1xCkN1tnD,Mmm Mmm Mmm Mmm,Crash Test Dummies,1993,,Band
7ByhqIL2dqk4W0jPTkWc9A,Fell In Love With An Alien,The Kelly Family,1996,,Band
7ElSfnI2ZD4dzlhAl8pMlr,Especially for You,"Kylie Minogue, Jason Donovan",1989,,Band
7azOuDeJGbxt5mvq3GQHXp,True Blue,Madonna,1986,,Solo
7dfl9X38RhIvB3oSmmneq3,I'll Make Love To You,Boyz II Men,1994,,Band
7f1Dmr246cJ9uQYdbplTbh,He Wasn't Man Enough,Toni Braxton,2000,,Solo
7mS8RbJji2UZAaguRGsOCH,Me Against the Music (feat. Madonna),"Britney Spears, Madonna",2003,,Band
7mze3mJmu79AJu8SnS37pS,Aicha,Outlandish,2003,,Band
7nXq1vaZiz7PdbfojpPjW5,Fighter,Christina Aguilera,2002,,Solo
7qD9lD0dabABT6y3Vw3uVX,We've Got It Goin' On,Backstreet Boys,1996,,Band
7rQiW2mJDbP77h2RLlASTw,Supreme,Robbie Williams,2000,,Solo
7sJN693sYKEIEMu7fc5VnJ,Whatta Man,"Salt-N-Pepa, En Vogue",1993,,Band

----------------------
Battle of the Generations (bis 1984)
----------------------

05XkMS2YVNfPNXepMScPRJ,I Say a Little Prayer,Dionne Warwick,1967,,Solo
07GvNcU1WdyZJq3XxP0kZa,Go Your Own Way,Fleetwood Mac,1977,,Band
07PIhdmyYIw8dMeDMsx9FU,Words,Bee Gees,1968,,Band
08mG3Y1vljYA6bvDt4Wqkj,Back In Black,AC/DC,1980,,Band
0B9x2BRHqj3Qer7biM3pU3,You're The One That I Want,"John Travolta, Olivia Newton-John",1978,,Band
0D0NwBMfJPoh1sZ61p5Fot,A Change Is Gonna Come,Sam Cooke,1964,,Solo
0GLO8CrdfMsEBoReVEMqrR,Situation,Yazoo,1982,,Band
0I4yYE831a8SW8QIx6bz4x,Crimson & Clover,Tommy James & The Shondells,1968,,Band
0JlkKwteTqKO9UwbM8q7v7,Pa,Doe Maar,1983,,Band
0Jw3cPBXlGnA6DEJrZSTI0,Soul Bossa Nova,Quincy Jones,1962,,Solo
0NWPxcsf5vdjdiFUI8NgkP,Hey Joe,Jimi Hendrix,1967,,Solo
0Nux6Q8aJZ1i4vUpPDBvlX,What Is Life,George Harrison,1970,,Solo
0VlxbRzdOyA56BviBK9vkc,Mission: Impossible,Lalo Schifrin,1967,,Solo
0WNsDyndBS63qBMxbZ9OHR,Smile,Nat King Cole,1954,,Solo
0fYXsPPFHXY5GeTLuMYbQK,"Shame, Shame, Shame",Shirley & Company,1975,,Band
0pHF9oQ3SYh57v8YZiXyyo,Spiegelbeeld,Willeke Alberti,1963,,Solo
13mvLR1T0GesAY3jhM9lAw,Vriendschap,Het Goede Doel,1982,,Band
1B5Tp2Ml9nLlmTSJx8xVfI,Always On My Mind,Elvis Presley,1973,,Solo
1BrbXIJ7b161oQ0PfC0K32,Woman,John Lennon,1980,,Solo
1DpEz1uyB1VenFW3orclTK,Sweet Emotion,Aerosmith,1975,,Band
1FYTt8izKA8EMqhULwqOcU,Ebony And Ivory,"Paul McCartney, Stevie Wonder",1982,,Band
1L9fzw2pXprOqtemTwtxXF,Candle In The Wind,Elton John,1973,,Solo
1WPqawIF9HCKfSOt7mN6X0,Nowhere To Run,Martha Reeves & The Vandellas,1965,,Band
1YQWosTIljIvxAgHWTp7KP,Take Five,The Dave Brubeck Quartet,1959,,Band
1ZNog3Sv7S0TwjWf8cADpD,"Sorry, I'm a Lady",Baccara,1977,,Band
1eN42Q7IWRzRBq8eW2Y2TE,El Condor Pasa (If I Could),Simon & Garfunkel,1970,,Band
1jc24HfkDT31GLKlxesuZl,How 'Bout Us,Champaign,1981,,Band
1k1Bqnv2R0uJXQN4u6LKYt,Ain't No Sunshine,Bill Withers,1971,,Solo
1lCRw5FEZ1gPDNPzy1K4zW,We Are The Champions,Queen,1977,,Band
1oFiPGBafH9Woo9AMwgBSl,I'm Every Woman,Chaka Khan,1978,,Solo
1pZn8AX1WulW8IO338hE5D,Blue Moon,Billie Holiday,1952,,Solo
1vG906bxMqUVufJoLSF4rV,You've Really Got A Hold On Me,Smokey Robinson & The Miracles,1962,,Band
27WUGJFJngruacvu2JmHAF,Mama,Heintje,1968,,Solo
2D1DYZYTmhZBjWtCO9Oqdw,Heaven Must Be Missing An Angel,Tavares,1976,,Band
2EeVPGHq2I7fjeDfT6LEYX,I Wan'na Be Like You (The Monkey Song),"Louis Prima, Phil Harris, Bruce Reitherman",1967,,Band
2JvPJ8ydPuN2NhpH4oti6I,Dance Hall Days,Wang Chung,1984,,Band
2LXISHBkx8FyoxCBkckh19,Do It Again,Steely Dan,1972,,Band
2LXjhNee4iPRVemx9NSZQ3,Vienna,Ultravox,1980,,Band
2RBcYkonAofm0rYycVrCGt,Lady Writer,Dire Straits,1979,,Band
2RWFncSWZEhSRRifqiDNVV,Run To You,Bryan Adams,1984,,Solo
2Upwdf4DiIbRKvt9mZahAh,Malle Babbe,Rob De Nijs,1973,,Solo
2X9fsxb6O6bYEopJYmUbNC,Gold,Spandau Ballet,1983,,Band
2XVQdI3m0giGxNrwUhV3yP,Funkytown,Lipps Inc.,1979,,Band
2YNe4Xe2wrvNv2xJHSdbPk,"Hou Je Echt Nog Van Mij, Rocking Billy?",Ria Valk,1961,,Solo
2ZNTPtYmAhN9vCwnAgqKn1,Shout,The Isley Brothers,1959,,Band
2cdzutoqFK6sfW6exi7oXh,Return to Sender,Elvis Presley,1962,,Solo
2dDMnDXZ6k8OY0ZW4WWKPl,Stan The Gunman,Hank The Knife And The Jets,1975,,Band
2gE95JskwQ1pCACTpGe1Db,Down On The Corner,Creedence Clearwater Revival,1969,,Band
2hdNya0b6Cc2YJ8IyaQIWp,Livin' Thing,Electric Light Orchestra,1976,,Band
2hitsKa8SthKhRJBXUHbIv,Our House,"Crosby, Stills, Nash & Young",1970,,Band
2iROmMd08yQs66eK4bHyNO,Power to All Our Friends,Cliff Richard,1972,,Solo
2tDNLFaiw21jcxlNbVXTMu,Ach Vaderlief,Zangeres Zonder Naam,1958,,Solo
2uKJxjqcFu2Pr2CEsGGYJa,Ladies Night,Kool & The Gang,1979,,Band
2w08JiyME4xl4zUJrX7UXO,Go Like Elijah,Chi Coltrane,1972,,Solo
2x7VFpoHN8eutpliLKFfuh,Zeg Maar Niets Meer,Andre Hazes,1981,,Solo
33jt3kYWjQzqn3xyYQ5ZEh,Cheek To Cheek,"Ella Fitzgerald, Louis Armstrong",1956,,Band
34K7nU8EWQIRI93RfqhdRJ,Brown Sugar,The Rolling Stones,1971,,Band
34SuDsoNO7lOXO4THmkBuf,Guus,Alexander Curly,1978,,Solo
36ZnMUDoSrGUV8moDcilOF,Ik Zie Een Ster,Mouth & MacNeal,1974,,Band
3BQHpFgAp4l80e1XslIjNI,Yesterday,The Beatles,1965,,Band
3EYOJ48Et32uATr9ZmLnAo,Roxanne,The Police,1978,,Band
3GBGdtSuPKI81bzrniHuF3,Wonderful Tonight,Eric Clapton,1977,,Solo
3Jy0dWV5AnnfyTvHK6UWof,Bright Eyes,Art Garfunkel,1979,,Solo
3KzgdYUlqV6TOG7JCmx2Wg,Beyond the Sea,Bobby Darin,1959,,Solo
3MFFDRC4wTN9JNGtzXsZlN,Love Her Madly,The Doors,1971,,Band
3Qjk2QFaqhXLRLuFanoKmM,Jambalaya (On The Bayou),Carpenters,1973,,Band
3TO7bbrUKrOSPGRTB5MeCz,Time,Pink Floyd,1973,,Band
3VZmChrnVW8JK6ano4gSED,Sexual Healing,Marvin Gaye,1982,,Solo
3b9Cpi8jW9jNoyx72QbfRO,Never Can Say Goodbye,Gloria Gaynor,1975,,Solo
3f0U5NaD1bCk8nmKpn2ZJY,Kodachrome,Paul Simon,1973,,Solo
3gDPjU8URd9mtZhBBYwI2R,As Time Goes By,Dooley Wilson,1942,Casablanca,Solo
3ix6K4wZY29bCujrSznwFZ,Let's Dance,David Bowie,1983,,Solo
3koCCeSaVUyrRo3N2gHrd8,Let's Groove,"Earth, Wind & Fire",1981,,Band
3oEkrIfXfSh9zGnE7eBzSV,The Winner Takes It All,ABBA,1980,,Band
3qt3ybU6MScMxMKL2TYBvt,No Particular Place To Go,Chuck Berry,1964,,Solo
3rjbhdNalcZOOYGVypU5pJ,"Een Roosje, M'n Roosje",Conny Vandenbos,1974,,Solo
3z8h0TU7ReDPLIbEnYhWZb,Bohemian Rhapsody,Queen,1975,,Band
40riOy7x9W7GXjyGp4pjAv,Hotel California,Eagles,1976,,Band
40vamM5W5JEIDvlNSNhRNy,Aan De Amsterdamse Grachten,Wim Sonneveld,1962,,Solo
48Fy3oeAAmdbIVOHDndn1H,Koffie,Rita Corita,1958,,Solo
4BH8EuPAxeFAh1rSWtnGdD,Rags to Riches,Tony Bennett,1953,,Solo
4BM8yJ0PzBi2ZewpMTOxtx,Fernando,ABBA,1976,,Band
4Cv6ongCvJy9JfSkWVnb5D,Get Down On It,Kool & The Gang,1981,,Band
4FmCUATNIarCQh72JYdvnm,That's Life,Frank Sinatra,1966,,Solo
4FzPIalyruWIiefI91qe4B,Rock 'n' Roll High School,Ramones,1980,,Band
4QelFzhVgLomeQhvKrwM1S,Blue Velvet,Bobby Vinton,1963,,Solo
4R0i3XTr6ggZYWG14dVYDX,De Clown,Ben Cramer,1969,,Solo
4R5qHNB2gdxBM2LDNaJZeO,Hot Love,T. Rex,1971,,Band
4V6ZLk1IHdG00qu3B4m8Y9,"Baby, I Love You",The Ronettes,1963,,Band
4YXKKnIZuk7UtXH5oC0ffa,Lucille,Little Richard,1957,,Solo
4a5pNRjwmzYQuEY1E7O6pj,Breakfast In America,Supertramp,1979,,Band
4czNORk5MjW5WOn98bki32,All Night Long (All Night),Lionel Richie,1983,,Solo
4wkyjqeogG7hAJCaqUTzrE,Perfect Day,Lou Reed,1972,,Solo
4yugZvBYaoREkJKtbG08Qr,Take It Easy,Eagles,1972,,Band
52vA3CYKZqZVdQnzRrdZt6,The Times They Are A-Changin',Bob Dylan,1964,,Solo
56KqaFSGTb7ifpt16t5Y1N,Rock the Casbah,The Clash,1982,,Band
58DXqHKK7TfxUmhCq2ux4E,Hard to Say I'm Sorry,Chicago,1982,,Band
58PSYdY0GFg0LFb2PxYk4T,Mannish Boy,Muddy Waters,1955,,Solo
58cAopfBOtm1Sgifx99jtR,Papa's Got A Brand New Bag,James Brown,1965,,Solo
59BkBWQitTPgS1inzGfyI5,Stars On 45,Stars On 45,1989,,Band
5CQ30WqJwcep0pYcV4AMNc,Stairway to Heaven,Led Zeppelin,1971,,Band
5HQEmiV2lKnSO6qa2fsR7x,I'm Not In Love,10cc,1975,,Band
5I9sHwLDX28tLtzVgKLtpr,Everybody Loves Somebody,Dean Martin,1964,,Solo
5NN5MQyE3Lo91zAEHpGa7S,Two Tribes,Frankie Goes To Hollywood,1984,,Band
5P11rW6aJErF37MTfRZS31,"Hallelujah, I Love Her So",Ray Charles,1957,,Solo
5RdhBLmB4DyFHLglRrfx63,I'll Be There,The Jackson 5,1970,,Band
5agBRHKJzyPNF2PpelJddo,De Postkoets,De Selvera's,1968,,Band
5csdrJ0JtFn0qvwlvSh2EI,Love's Theme,The Love Unlimited Orchestra,1974,,Band
5fKTkCOpnyJko7jZqpbJnX,Last Dance,Donna Summer,1979,,Solo
5nU7dvOfzYs9QVVL7YVNPE,Corcovado (Quiet Nights Of Quiet Stars),"Stan Getz, João Gilberto, Astrud Gilberto, Antônio Carlos Jobim",1964,,Band
5qBqBdfTEIWJwAS0Jm2F5R,Turn! Turn! Turn! (To Everything There Is a Season),The Byrds,1965,,Band
5y8d8RHvxb0KiTa9Nq0xWp,Morning Has Broken,Yusuf / Cat Stevens,1971,,Band
65jrjEhWfAvysKfnojk1i0,Under the Boardwalk,The Drifters,1964,,Band
665Jxlgi1HamPKbW1vwzx4,We Belong,Pat Benatar,1984,,Solo
668YgsnvdNBHfRscNIBS31,It's Only Rock'n'Roll (But I Like It),The Rolling Stones,1974,,Band
687YZan9Gol1UVvbpUSO6Y,I Wish,Stevie Wonder,1976,,Solo
69hEDLgVWaRm5MdxTJo1m9,Little Green Bag,George Baker Selection,1969,,Band
6EZXO2zjC6KlLbNwc2HDMc,Let's Get Lost,Chet Baker,1955,,Solo
6JRLFiX9NJSoRRKxowlBYr,Is This Love,Bob Marley & The Wailers,1978,,Band
6LbbHFEajG9e4m0G3L47c4,Pinball Wizard,The Who,1969,,Band
6MrILERJLA3Jcq0E9poZsp,Without You,Harry Nilsson,1971,,Solo
6OuRbvP4PgbuzBIapVzmFJ,Sailing,Rod Stewart,1975,,Solo
6WdcvzQADmrL8nucimUV6r,We'll Meet Again,"Vera Lynn, Roland Shaw And His Orchestra, Sailors, Soldiers & Airmen of Her Majesty's Forces",1939,,Band
6YrHQ3Uv9YXK2gJNVTlT8P,Brass in Pocket,Pretenders,1979,,Band
6kIwzLSiQU51taaaZ9zWSE,Mama,Genesis,1983,,Band
6mFkJmJqdDVQ1REhVfGgd1,Wish You Were Here,Pink Floyd,1975,,Band
6oHaXVdRkHYgFxHJE27FFJ,Trojan Horse,Luv',1978,,Band
6vZZtivPrtpggT5SSXsYTy,Solsbury Hill,Peter Gabriel,1977,,Solo
6wipMUz4JaTFSfoJKVjj8q,Rocky,Don Mercedes,1976,,Solo
6zeE5tKyr8Nu882DQhhSQI,Dust in the Wind,Kansas,1977,,Band
74jklVKHYTmNMp0baGm6FB,I've Got You Under My Skin,Frank Sinatra,1956,,Solo
76ICmoJ4PcoMWoooaTxnQs,Land of 1000 Dances,Wilson Pickett,1966,,Solo
79O0nzD3RmRExfkBIdVrT5,She's a Liar,Dolly Dots,1983,,Band
7HrzErXq3TsKOY1gmdIShB,The River,Bruce Springsteen,1980,,Solo
7INi4pMPG4IE0Smx5y4KVf,Easy Lover,"Philip Bailey, Phil Collins",1985,,Band
7dNUfw7xbVXz4wyQTsMYmt,Get Down Tonight,KC & The Sunshine Band,1975,,Band
7dSCxR4LqkmxoBrq9MzVSD,Psycho Killer,Talking Heads,1977,,Band
7iWIdiJlKvJ4PjFYVrWLUU,Avalon,Roxy Music,1982,,Band
7uEcCGtM1FBBGIhPozhJjv,Daydream Believer,The Monkees,1968,,Band
7zguO0LfvgeHr5Us78AmUe,Sammy,Ramses Shaffy,1966,,Solo
